Page,Product,Spec_Label,Model_1,Model_1_SKU,Value_1,Model_2,Model_2_SKU,Value_2,Model_3,Model_3_SKU,Value_3,Model_4,Model_4_SKU,Value_4,Model_5,Model_5_SKU,Value_5,Model_6,Model_6_SKU,Value_6,Model_7,Model_7_SKU,Value_7,Model_8,Model_8_SKU,Value_8,Model_9,Model_9_SKU,Value_9,Model_10,Model_10_SKU,Value_10,Model_11,Model_11_SKU,Value_11
072-073,S418,Tensione di alimentazione di rete,S418 24V,104301,220-240V~ 50/60 Hz,,,,,,,,,,,,,,,,,,,,,,,,,,,,,,
072-073,S418,Motore elettrico,S418 24V,104301,Con spazzole 24V,,,,,,,,,,,,,,,,,,,,,,,,,,,,,,
072-073,S418,Potenza max,S418 24V,104301,35 W,,,,,,,,,,,,,,,,,,,,,,,,,,,,,,
072-073,S418,Forza max di spinta,S418 24V,104301,1800 N,,,,,,,,,,,,,,,,,,,,,,,,,,,,,,
072-073,S418,Velocità max stelo,S418 24V,104301,37 mm/s (con E124),,,,,,,,,,,,,,,,,,,,,,,,,,,,,,
072-073,S418,Corsa dello stelo,S418 24V,104301,350 mm (390 mm senza arresti),,,,,,,,,,,,,,,,,,,,,,,,,,,,,,
072-073,S418,Angolo max apertura anta,S418 24V,104301,110°,,,,,,,,,,,,,,,,,,,,,,,,,,,,,,
072-073,S418,Temperatura ambiente di esercizio,S418 24V,104301,-20°C ÷ + 55°C,,,,,,,,,,,,,,,,,,,,,,,,,,,,,,
072-073,S418,Grado di protezione,S418 24V,104301,IP54,,,,,,,,,,,,,,,,,,,,,,,,,,,,,,
072-073,S418,Peso,S418 24V,104301,6 Kg,,,,,,,,,,,,,,,,,,,,,,,,,,,,,,
072-073,S418,Frequenza di utilizzo,S418 24V,104301,Uso continuo,,,,,,,,,,,,,,,,,,,,,,,,,,,,,,
072-073,S418,Larghezza max anta,S418 24V,104301,"2,3 m (2,7 m con elettroserratura)",,,,,,,,,,,,,,,,,,,,,,,,,,,,,,
072-073,S418,Staffe di fissaggio,S418 24V,104301,Attacco posteriore ad avvitare e regolabile - attacco anteriore ad avvitare e regolabile,,,,,,,,,,,,,,,,,,,,,,,,,,,,,,
072-073,S418,Dimensioni (LxPxH),S418 24V,104301,823 x 104 x 137 mm,,,,,,,,,,,,,,,,,,,,,,,,,,,,,,
072-073,S418,Apparecchiatura elettronica,S418 24V,104301,Non compresa,,,,,,,,,,,,,,,,,,,,,,,,,,,,,,
074-075,412,Tensione di alimentazione di rete,412 dx,104470,220-240V~ 50/60 Hz,412 sx,104471,220-240V~ 50/60 Hz,,,,,,,,,,,,,,,,,,,,,,,,,,,
074-075,412,Motore elettrico,412 dx,104470,Asincrono monofase,412 sx,104471,Asincrono monofase,,,,,,,,,,,,,,,,,,,,,,,,,,,
074-075,412,Potenza max,412 dx,104470,280 W,412 sx,104471,280 W,,,,,,,,,,,,,,,,,,,,,,,,,,,
074-075,412,Forza max di spinta,412 dx,104470,3500 N (*),412 sx,104471,3500 N (*),,,,,,,,,,,,,,,,,,,,,,,,,,,
074-075,412,Velocità max stelo,412 dx,104470,16 mm/s (*),412 sx,104471,16 mm/s (*),,,,,,,,,,,,,,,,,,,,,,,,,,,
074-075,412,Corsa dello stelo,412 dx,104470,290 mm,412 sx,104471,290 mm,,,,,,,,,,,,,,,,,,,,,,,,,,,
074-075,412,Angolo max apertura anta,412 dx,104470,110°,412 sx,104471,110°,,,,,,,,,,,,,,,,,,,,,,,,,,,
074-075,412,Temperatura ambiente di esercizio,412 dx,104470,-20°C ÷ + 55°C,412 sx,104471,-20°C ÷ + 55°C,,,,,,,,,,,,,,,,,,,,,,,,,,,
074-075,412,Termoprotezione,412 dx,104470,140°C,412 sx,104471,140°C,,,,,,,,,,,,,,,,,,,,,,,,,,,
074-075,412,Grado di protezione,412 dx,104470,IP44,412 sx,104471,IP44,,,,,,,,,,,,,,,,,,,,,,,,,,,
074-075,412,Peso,412 dx,104470,"6,5 Kg",412 sx,104471,"6,5 Kg",,,,,,,,,,,,,,,,,,,,,,,,,,,
074-075,412,Frequenza di utilizzo,412 dx,104470,18 cicli/ora,412 sx,104471,18 cicli/ora,,,,,,,,,,,,,,,,,,,,,,,,,,,
074-075,412,Larghezza max anta,412 dx,104470,"1,8 m",412 sx,104471,"1,8 m",,,,,,,,,,,,,,,,,,,,,,,,,,,
074-075,412,Staffe di fissaggio,412 dx,104470,Attacco posteriore a saldare/avvitare - attacco anteriore a saldare/avvitare,412 sx,104471,Attacco posteriore a saldare/avvitare - attacco anteriore a saldare/avvitare,,,,,,,,,,,,,,,,,,,,,,,,,,,
074-075,412,Dimensioni (LxPxH),412 dx,104470,991 x 101 x 172 mm,412 sx,104471,991 x 101 x 172 mm,,,,,,,,,,,,,,,,,,,,,,,,,,,
074-075,412,Apparecchiatura elettronica,412 dx,104470,Non compresa,412 sx,104471,Non compresa,,,,,,,,,,,,,,,,,,,,,,,,,,,
076-077,413 230V,Tensione di alimentazione di rete,413 230V,104413,220-240V~ 50/60 Hz,,,,,,,,,,,,,,,,,,,,,,,,,,,,,,
076-077,413 230V,Motore elettrico,413 230V,104413,Asincrono monofase,,,,,,,,,,,,,,,,,,,,,,,,,,,,,,
076-077,413 230V,Potenza max,413 230V,104413,250 W,,,,,,,,,,,,,,,,,,,,,,,,,,,,,,
076-077,413 230V,Forza max di spinta,413 230V,104413,2000 N (*),,,,,,,,,,,,,,,,,,,,,,,,,,,,,,
076-077,413 230V,Velocità max stelo,413 230V,104413,16 mm/s (*),,,,,,,,,,,,,,,,,,,,,,,,,,,,,,
076-077,413 230V,Corsa dello stelo,413 230V,104413,300 mm (350 mm senza arresti meccanici),,,,,,,,,,,,,,,,,,,,,,,,,,,,,,
076-077,413 230V,Angolo max apertura anta,413 230V,104413,110°,,,,,,,,,,,,,,,,,,,,,,,,,,,,,,
076-077,413 230V,Temperatura ambiente di esercizio,413 230V,104413,-20°C ÷ + 55°C,,,,,,,,,,,,,,,,,,,,,,,,,,,,,,
076-077,413 230V,Termoprotezione,413 230V,104413,140°C,,,,,,,,,,,,,,,,,,,,,,,,,,,,,,
076-077,413 230V,Grado di protezione,413 230V,104413,IP54,,,,,,,,,,,,,,,,,,,,,,,,,,,,,,
076-077,413 230V,Peso,413 230V,104413,"7,8 Kg",,,,,,,,,,,,,,,,,,,,,,,,,,,,,,
076-077,413 230V,Frequenza di utilizzo,413 230V,104413,S3 - 30%,,,,,,,,,,,,,,,,,,,,,,,,,,,,,,
076-077,413 230V,Larghezza max anta,413 230V,104413,"1,8 m (2,5 con elettroserratura)",,,,,,,,,,,,,,,,,,,,,,,,,,,,,,
076-077,413 230V,Staffe di fissaggio,413 230V,104413,Attacco posteriore a saldare/avvitare - attacco anteriore a saldare/avvitare,,,,,,,,,,,,,,,,,,,,,,,,,,,,,,
076-077,413 230V,Dimensioni (LxPxH),413 230V,104413,777 x 101 x 152 mm,,,,,,,,,,,,,,,,,,,,,,,,,,,,,,
076-077,413 230V,Apparecchiatura elettronica,413 230V,104413,Non compresa,,,,,,,,,,,,,,,,,,,,,,,,,,,,,,
078-079,415 230V,Tensione di alimentazione di rete,415,104415,220-240V~ 50/60 Hz,415 L,104417,220-240V~ 50/60 Hz,,,,,,,,,,,,,,,,,,,,,,,,,,,
078-079,415 230V,Motore elettrico,415,104415,Asincrono monofase,415 L,104417,Asincrono monofase,,,,,,,,,,,,,,,,,,,,,,,,,,,
078-079,415 230V,Potenza max,415,104415,300 W,415 L,104417,300 W,,,,,,,,,,,,,,,,,,,,,,,,,,,
078-079,415 230V,Forza max di spinta,415,104415,3000 N (*),415 L,104417,3000 N (*),,,,,,,,,,,,,,,,,,,,,,,,,,,
078-079,415 230V,Velocità max stelo,415,104415,16 mm/s (*),415 L,104417,16 mm/s (*),,,,,,,,,,,,,,,,,,,,,,,,,,,
078-079,415 230V,Corsa dello stelo,415,104415,300 mm,415 L,104417,400 mm,,,,,,,,,,,,,,,,,,,,,,,,,,,
078-079,415 230V,Angolo max apertura anta,415,104415,110°,415 L,104417,110°,,,,,,,,,,,,,,,,,,,,,,,,,,,
078-079,415 230V,Temperatura ambiente di esercizio,415,104415,-20°C ÷ +55°C,415 L,104417,-20°C ÷ +55°C,,,,,,,,,,,,,,,,,,,,,,,,,,,
078-079,415 230V,Termoprotezione,415,104415,140°C,415 L,104417,140°C,,,,,,,,,,,,,,,,,,,,,,,,,,,
078-079,415 230V,Grado di protezione,415,104415,IP54,415 L,104417,IP54,,,,,,,,,,,,,,,,,,,,,,,,,,,
078-079,415 230V,Peso,415,104415,"7,8 Kg",415 L,104417,8 Kg,,,,,,,,,,,,,,,,,,,,,,,,,,,
078-079,415 230V,Frequenza di utilizzo,415,104415,S3 - 30%,415 L,104417,S3 - 30%,,,,,,,,,,,,,,,,,,,,,,,,,,,
078-079,415 230V,Larghezza max anta,415,104415,"2,5 m (3 m con elettroserratura)",415 L,104417,3 m (4 m con elettroserratura),,,,,,,,,,,,,,,,,,,,,,,,,,,
078-079,415 230V,Staffe di fissaggio,415,104415,Attacco posteriore a saldare/avvitare - attacco anteriore a saldare/avvitare,415 L,104417,Attacco posteriore a saldare/avvitare - attacco anteriore a saldare/avvitare,,,,,,,,,,,,,,,,,,,,,,,,,,,
078-079,415 230V,Dimensioni (LxPxH),415,104415,836 x 101 x 147 mm,415 L,104417,942 x 101 x 148 mm,,,,,,,,,,,,,,,,,,,,,,,,,,,
078-079,415 230V,Apparecchiatura elettronica,415,104415,Non compresa,415 L,104417,Non compresa,,,,,,,,,,,,,,,,,,,,,,,,,,,
080-081,415 24V,Tensione di alimentazione di rete,415 24V,1044151,220-240V~ 50/60 Hz,415 L 24V,1044171,220-240V~ 50/60 Hz,,,,,,,,,,,,,,,,,,,,,,,,,,,
080-081,415 24V,Motore elettrico,415 24V,1044151,Con spazzole 24V,415 L 24V,1044171,Con spazzole 24V,,,,,,,,,,,,,,,,,,,,,,,,,,,
080-081,415 24V,Potenza max,415 24V,1044151,70 W,415 L 24V,1044171,70 W,,,,,,,,,,,,,,,,,,,,,,,,,,,
080-081,415 24V,Forza max di spinta,415 24V,1044151,2800 N,415 L 24V,1044171,2800 N,,,,,,,,,,,,,,,,,,,,,,,,,,,
080-081,415 24V,Velocità max stelo,415 24V,1044151,16 mm/s,415 L 24V,1044171,16 mm/s,,,,,,,,,,,,,,,,,,,,,,,,,,,
080-081,415 24V,Corsa dello stelo,415 24V,1044151,300 mm,415 L 24V,1044171,400 mm,,,,,,,,,,,,,,,,,,,,,,,,,,,
080-081,415 24V,Angolo max apertura anta,415 24V,1044151,110°,415 L 24V,1044171,110°,,,,,,,,,,,,,,,,,,,,,,,,,,,
080-081,415 24V,Temperatura ambiente di esercizio,415 24V,1044151,-20°C ÷ +55°C,415 L 24V,1044171,-20°C ÷ +55°C,,,,,,,,,,,,,,,,,,,,,,,,,,,
080-081,415 24V,Grado di protezione,415 24V,1044151,IP54,415 L 24V,1044171,IP54,,,,,,,,,,,,,,,,,,,,,,,,,,,
080-081,415 24V,Peso,415 24V,1044151,"7,8 Kg",415 L 24V,1044171,8 Kg,,,,,,,,,,,,,,,,,,,,,,,,,,,
080-081,415 24V,Frequenza di utilizzo,415 24V,1044151,Uso continuo,415 L 24V,1044171,Uso continuo,,,,,,,,,,,,,,,,,,,,,,,,,,,
080-081,415 24V,Larghezza max anta,415 24V,1044151,"2,5 m (3 con elettroserratura)",415 L 24V,1044171,3 m (4 con elettroserratura),,,,,,,,,,,,,,,,,,,,,,,,,,,
080-081,415 24V,Staffe di fissaggio,415 24V,1044151,Attacco posteriore a saldare/avvitare - attacco anteriore a saldare/avvitare,415 L 24V,1044171,Attacco posteriore a saldare/avvitare - attacco anteriore a saldare/avvitare,,,,,,,,,,,,,,,,,,,,,,,,,,,
080-081,415 24V,Dimensioni (LxPxH),415 24V,1044151,836 x 101 x 147 mm,415 L 24V,1044171,942 x 101 x 148 mm,,,,,,,,,,,,,,,,,,,,,,,,,,,
080-081,415 24V,Apparecchiatura elettronica,415 24V,1044151,Non compresa,415 L 24V,1044171,Non compresa,,,,,,,,,,,,,,,,,,,,,,,,,,,
082-083,390 230V,Tensione di alimentazione di rete,390 230V,104570,220-240V~ 50/60 Hz,,,,,,,,,,,,,,,,,,,,,,,,,,,,,,
082-083,390 230V,Motore elettrico,390 230V,104570,Asincrono monofase,,,,,,,,,,,,,,,,,,,,,,,,,,,,,,
082-083,390 230V,Potenza max,390 230V,104570,280 W,,,,,,,,,,,,,,,,,,,,,,,,,,,,,,
082-083,390 230V,Coppia max,390 230V,104570,250 Nm (*),,,,,,,,,,,,,,,,,,,,,,,,,,,,,,
082-083,390 230V,Velocità angolare max,390 230V,104570,8 °/s (*),,,,,,,,,,,,,,,,,,,,,,,,,,,,,,
082-083,390 230V,Angolo max apertura anta,390 230V,104570,120°,,,,,,,,,,,,,,,,,,,,,,,,,,,,,,
082-083,390 230V,Temperatura ambiente di esercizio,390 230V,104570,-20°C ÷ +55°C,,,,,,,,,,,,,,,,,,,,,,,,,,,,,,
082-083,390 230V,Termoprotezione,390 230V,104570,140°C,,,,,,,,,,,,,,,,,,,,,,,,,,,,,,
082-083,390 230V,Grado di protezione,390 230V,104570,IP44,,,,,,,,,,,,,,,,,,,,,,,,,,,,,,
082-083,390 230V,Peso,390 230V,104570,"11,5 Kg",,,,,,,,,,,,,,,,,,,,,,,,,,,,,,
082-083,390 230V,Frequenza di utilizzo,390 230V,104570,S3 - 30%,,,,,,,,,,,,,,,,,,,,,,,,,,,,,,
082-083,390 230V,Larghezza max anta,390 230V,104570,"1,8 m (3 m con elettroserratura)",,,,,,,,,,,,,,,,,,,,,,,,,,,,,,
082-083,390 230V,Dimensioni (LxPxH),390 230V,104570,412 x 133 x 134 mm,,,,,,,,,,,,,,,,,,,,,,,,,,,,,,
082-083,390 230V,Apparecchiatura elettronica,390 230V,104570,Non compresa,,,,,,,,,,,,,,,,,,,,,,,,,,,,,,
084-085,392 C,Tensione di alimentazione di rete,392 C,104583,220-240V~ 50/60 Hz,392,104584,-,,,,,,,,,,,,,,,,,,,,,,,,,,,
084-085,392 C,Motore elettrico,392 C,104583,Con spazzole 24V,392,104584,Con spazzole 24V,,,,,,,,,,,,,,,,,,,,,,,,,,,
084-085,392 C,Coppia max,392 C,104583,300 Nm (*),392,104584,300 Nm (*),,,,,,,,,,,,,,,,,,,,,,,,,,,
084-085,392 C,Velocità angolare max,392 C,104583,"8,5 °/s (*)",392,104584,"8,5 °/s (*)",,,,,,,,,,,,,,,,,,,,,,,,,,,
084-085,392 C,Peso max anta,392 C,104583,Vedere grafico A,392,104584,Vedere grafico A,,,,,,,,,,,,,,,,,,,,,,,,,,,
084-085,392 C,Angolo max apertura anta,392 C,104583,120°,392,104584,120°,,,,,,,,,,,,,,,,,,,,,,,,,,,
084-085,392 C,Temperatura ambiente di esercizio,392 C,104583,-20 °C ÷ +65 °C,392,104584,-20 °C ÷ +65 °C,,,,,,,,,,,,,,,,,,,,,,,,,,,
084-085,392 C,Grado di protezione,392 C,104583,IP44,392,104584,IP44,,,,,,,,,,,,,,,,,,,,,,,,,,,
084-085,392 C,Peso,392 C,104583,"11,7 Kg",392,104584,9 Kg,,,,,,,,,,,,,,,,,,,,,,,,,,,
084-085,392 C,Frequenza di utilizzo,392 C,104583,Utilizzo continuo,392,104584,Utilizzo continuo,,,,,,,,,,,,,,,,,,,,,,,,,,,
084-085,392 C,Larghezza max anta,392 C,104583,"2,5 m con elettroserratura",392,104584,"2,5 m con elettroserratura",,,,,,,,,,,,,,,,,,,,,,,,,,,
084-085,392 C,Dimensioni (LxPxH),392 C,104583,183 x 256 x 304 mm,392,104584,183 x 256 x 304 mm,,,,,,,,,,,,,,,,,,,,,,,,,,,
084-085,392 C,Apparecchiatura elettronica,392 C,104583,E034 incorporata,392,104584,-,,,,,,,,,,,,,,,,,,,,,,,,,,,
086-087,402,Tensione di alimentazione di rete,402 CBC,104468,220-240V~ 50/60 Hz,402 SBS,104474,220-240V~ 50/60 Hz,,,,,,,,,,,,,,,,,,,,,,,,,,,
086-087,402,Motore elettrico,402 CBC,104468,Asincrono monofase,402 SBS,104474,Asincrono monofase,,,,,,,,,,,,,,,,,,,,,,,,,,,
086-087,402,Potenza max,402 CBC,104468,220 W,402 SBS,104474,220 W,,,,,,,,,,,,,,,,,,,,,,,,,,,
086-087,402,Forza max di spinta,402 CBC,104468,5000 N (*),402 SBS,104474,6900 N (*),,,,,,,,,,,,,,,,,,,,,,,,,,,
086-087,402,Velocità max stelo,402 CBC,104468,13 mm/s (*),402 SBS,104474,10 mm/s (*),,,,,,,,,,,,,,,,,,,,,,,,,,,
086-087,402,Portata gruppo motore-pompa,402 CBC,104468,1 lpm (*),402 SBS,104474,"0,75 lpm (*)",,,,,,,,,,,,,,,,,,,,,,,,,,,
086-087,402,Corsa dello stelo,402 CBC,104468,250 mm,402 SBS,104474,250 mm,,,,,,,,,,,,,,,,,,,,,,,,,,,
086-087,402,Angolo max apertura anta,402 CBC,104468,110°,402 SBS,104474,110°,,,,,,,,,,,,,,,,,,,,,,,,,,,
086-087,402,Temperatura ambiente di esercizio,402 CBC,104468,-20°C ÷ + 55°C,402 SBS,104474,-20°C ÷ + 55°C,,,,,,,,,,,,,,,,,,,,,,,,,,,
086-087,402,Termoprotezione,402 CBC,104468,120°C,402 SBS,104474,120°C,,,,,,,,,,,,,,,,,,,,,,,,,,,
086-087,402,Grado di protezione,402 CBC,104468,IP55,402 SBS,104474,IP55,,,,,,,,,,,,,,,,,,,,,,,,,,,
086-087,402,Peso,402 CBC,104468,"6,5 Kg",402 SBS,104474,"6,5 Kg",,,,,,,,,,,,,,,,,,,,,,,,,,,
086-087,402,Frequenza di utilizzo,402 CBC,104468,55 cicli/ora,402 SBS,104474,55 cicli/ora,,,,,,,,,,,,,,,,,,,,,,,,,,,
086-087,402,Larghezza max anta,402 CBC,104468,"1,80 m",402 SBS,104474,3 m (con elettroserratura),,,,,,,,,,,,,,,,,,,,,,,,,,,
086-087,402,Tipo di olio,402 CBC,104468,FAAC HP OIL,402 SBS,104474,FAAC HP OIL,,,,,,,,,,,,,,,,,,,,,,,,,,,
086-087,402,Staffe di fissaggio,402 CBC,104468,Attacco posteriore a saldare/avvitare - attacco anteriore a saldare/avvitare,402 SBS,104474,Attacco posteriore a saldare/avvitare - attacco anteriore a saldare/avvitare,,,,,,,,,,,,,,,,,,,,,,,,,,,
086-087,402,Dimensioni (LxPxH),402 CBC,104468,959 x 85 x 85 mm,402 SBS,104474,959 x 85 x 85 mm,,,,,,,,,,,,,,,,,,,,,,,,,,,
086-087,402,Apparecchiatura elettronica,402 CBC,104468,Non compresa,402 SBS,104474,Non compresa,,,,,,,,,,,,,,,,,,,,,,,,,,,
088-089,422,Tensione di alimentazione di rete,422 CBAC,104200,220-240V~ 50/60 Hz,422 SBS,104210,220-240V~ 50/60 Hz,,,,,,,,,,,,,,,,,,,,,,,,,,,
088-089,422,Motore elettrico,422 CBAC,104200,Asincrono monofase,422 SBS,104210,Asincrono monofase,,,,,,,,,,,,,,,,,,,,,,,,,,,
088-089,422,Potenza max,422 CBAC,104200,220 W,422 SBS,104210,220 W,,,,,,,,,,,,,,,,,,,,,,,,,,,
088-089,422,Forza max di spinta,422 CBAC,104200,5000 N (*),422 SBS,104210,6900 N (*),,,,,,,,,,,,,,,,,,,,,,,,,,,
088-089,422,Velocità max stelo,422 CBAC,104200,13 mm/s (*),422 SBS,104210,10 mm/s (*),,,,,,,,,,,,,,,,,,,,,,,,,,,
088-089,422,Portata gruppo motore-pompa,422 CBAC,104200,1 lpm (*),422 SBS,104210,"0,75 lpm (*)",,,,,,,,,,,,,,,,,,,,,,,,,,,
088-089,422,Corsa dello stelo,422 CBAC,104200,250 mm,422 SBS,104210,250 mm,,,,,,,,,,,,,,,,,,,,,,,,,,,
088-089,422,Angolo max apertura anta,422 CBAC,104200,110°,422 SBS,104210,110°,,,,,,,,,,,,,,,,,,,,,,,,,,,
088-089,422,Temperatura ambiente di esercizio,422 CBAC,104200,-20°C ÷ + 55°C,422 SBS,104210,-20°C ÷ + 55°C,,,,,,,,,,,,,,,,,,,,,,,,,,,
088-089,422,Termoprotezione,422 CBAC,104200,120°C,422 SBS,104210,120°C,,,,,,,,,,,,,,,,,,,,,,,,,,,
088-089,422,Grado di protezione,422 CBAC,104200,IP55,422 SBS,104210,IP55,,,,,,,,,,,,,,,,,,,,,,,,,,,
088-089,422,Peso,422 CBAC,104200,7 Kg,422 SBS,104210,7 Kg,,,,,,,,,,,,,,,,,,,,,,,,,,,
088-089,422,Frequenza di utilizzo,422 CBAC,104200,55 cicli/ora,422 SBS,104210,55 cicli/ora,,,,,,,,,,,,,,,,,,,,,,,,,,,
088-089,422,Larghezza max anta,422 CBAC,104200,"1,8 m",422 SBS,104210,3 m (con elettroserratura),,,,,,,,,,,,,,,,,,,,,,,,,,,
088-089,422,Tipo di olio,422 CBAC,104200,FAAC HP OIL,422 SBS,104210,FAAC HP OIL,,,,,,,,,,,,,,,,,,,,,,,,,,,
088-089,422,Staffe di fissaggio,422 CBAC,104200,Attacco posteriore a saldare/avvitare - attacco anteriore a saldare/avvitare,422 SBS,104210,Attacco posteriore a saldare/avvitare - attacco anteriore a saldare/avvitare,,,,,,,,,,,,,,,,,,,,,,,,,,,
088-089,422,Dimensioni (LxPxH),422 CBAC,104200,987 x 85 x 119 mm,422 SBS,104210,987 x 85 x 119 mm,,,,,,,,,,,,,,,,,,,,,,,,,,,
088-089,422,Apparecchiatura elettronica,422 CBAC,104200,Non compresa,422 SBS,104210,Non compresa,,,,,,,,,,,,,,,,,,,,,,,,,,,
090-091,400,Tensione di alimentazione di rete,400 CBC,104205,220-240V~ 50/60 Hz,400 SB,104206,220-240V~ 50/60 Hz,400 SBS,104203,220-240V~ 50/60 Hz,400 CBAC,104201,220-240V~ 50/60 Hz,400 CBAC L,104202,220-240V~ 50/60 Hz,400 SBS L,104220,220-240V~ 50/60 Hz,,,,,,,,,,,,,,,
090-091,400,Motore elettrico,400 CBC,104205,Asincrono monofase,400 SB,104206,Asincrono monofase,400 SBS,104203,Asincrono monofase,400 CBAC,104201,Asincrono monofase,400 CBAC L,104202,Asincrono monofase,400 SBS L,104220,Asincrono monofase,,,,,,,,,,,,,,,
090-091,400,Potenza max,400 CBC,104205,220 W,400 SB,104206,220 W,400 SBS,104203,220 W,400 CBAC,104201,220 W,400 CBAC L,104202,220 W,400 SBS L,104220,220 W,,,,,,,,,,,,,,,
090-091,400,Forza max di spinta,400 CBC,104205,6200 N (*),400 SB,104206,6200 N (*),400 SBS,104203,7750 N (*),400 CBAC,104201,6200 N (*),400 CBAC L,104202,4650 N (*),400 SBS L,104220,7750 N (*),,,,,,,,,,,,,,,
090-091,400,Velocità max stelo,400 CBC,104205,10 mm/s (*),400 SB,104206,10 mm/s (*),400 SBS,104203,"7,5 mm/s (*)",400 CBAC,104201,10 mm/s (*),400 CBAC L,104202,15 mm/s (*),400 SBS L,104220,"7,5 mm/s (*)",,,,,,,,,,,,,,,
090-091,400,Portata gruppo motore-pompa,400 CBC,104205,1 lpm (*),400 SB,104206,1 lpm (*),400 SBS,104203,"0,75 lpm (*)",400 CBAC,104201,1 lpm (*),400 CBAC L,104202,"1,5 lpm (*)",400 SBS L,104220,"0,75 lpm (*)",,,,,,,,,,,,,,,
090-091,400,Corsa dello stelo,400 CBC,104205,270 mm,400 SB,104206,270 mm,400 SBS,104203,270 mm,400 CBAC,104201,270 mm,400 CBAC L,104202,390 mm,400 SBS L,104220,390 mm,,,,,,,,,,,,,,,
090-091,400,Angolo max apertura anta,400 CBC,104205,125°,400 SB,104206,125°,400 SBS,104203,125°,400 CBAC,104201,125°,400 CBAC L,104202,125°,400 SBS L,104220,125°,,,,,,,,,,,,,,,
090-091,400,Temperatura ambiente di esercizio,400 CBC,104205,-20°C ÷ + 55°C,400 SB,104206,-20°C ÷ + 55°C,400 SBS,104203,-20°C ÷ + 55°C,400 CBAC,104201,-20°C ÷ + 55°C,400 CBAC L,104202,-20°C ÷ + 55°C,400 SBS L,104220,-20°C ÷ + 55°C,,,,,,,,,,,,,,,
090-091,400,Termoprotezione,400 CBC,104205,120°C,400 SB,104206,120°C,400 SBS,104203,120°C,400 CBAC,104201,120°C,400 CBAC L,104202,120°C,400 SBS L,104220,120°C,,,,,,,,,,,,,,,
090-091,400,Grado di protezione,400 CBC,104205,IP55,400 SB,104206,IP55,400 SBS,104203,IP55,400 CBAC,104201,IP55,400 CBAC L,104202,IP55,400 SBS L,104220,IP55,,,,,,,,,,,,,,,
090-091,400,Peso,400 CBC,104205,"8,6 Kg",400 SB,104206,"8,6 Kg",400 SBS,104203,"8,6 Kg",400 CBAC,104201,"8,6 Kg",400 CBAC L,104202,10 Kg,400 SBS L,104220,10 Kg,,,,,,,,,,,,,,,
090-091,400,Frequenza di utilizzo,400 CBC,104205,70 cicli/ora,400 SB,104206,70 cicli/ora,400 SBS,104203,60 cicli/ora,400 CBAC,104201,70 cicli/ora,400 CBAC L,104202,50 cicli/ora,400 SBS L,104220,40 cicli/ora,,,,,,,,,,,,,,,
090-091,400,Larghezza max anta,400 CBC,104205,"2,20 m",400 SB,104206,"4,00 m (con elettroserratura)",400 SBS,104203,"7,00 m (con elettroserratura)",400 CBAC,104201,"2,20 m",400 CBAC L,104202,"2,20 m",400 SBS L,104220,"7,00 m (con elettroserratura)",,,,,,,,,,,,,,,
090-091,400,Tipo di olio,400 CBC,104205,FAAC HP OIL,400 SB,104206,FAAC HP OIL,400 SBS,104203,FAAC HP OIL,400 CBAC,104201,FAAC HP OIL,400 CBAC L,104202,FAAC HP OIL,400 SBS L,104220,FAAC HP OIL,,,,,,,,,,,,,,,
090-091,400,Staffe di fissaggio,400 CBC,104205,Attacco posteriore a saldare/avvitare - attacco anteriore a saldare,400 SB,104206,Attacco posteriore a saldare/avvitare - attacco anteriore a saldare,400 SBS,104203,Attacco posteriore a saldare/avvitare - attacco anteriore a saldare,400 CBAC,104201,Attacco posteriore a saldare/avvitare - attacco anteriore a saldare,400 CBAC L,104202,Attacco posteriore a saldare/avvitare - attacco anteriore a saldare,400 SBS L,104220,Attacco posteriore a saldare/avvitare - attacco anteriore a saldare,,,,,,,,,,,,,,,
090-091,400,Dimensioni (LxPxH),400 CBC,104205,1034 x 85 x 119 mm,400 SB,104206,1034 x 85 x 119 mm,400 SBS,104203,1034 x 85 x 119 mm,400 CBAC,104201,1034 x 85 x 119 mm,400 CBAC L,104202,1277 x 85 x 119 mm,400 SBS L,104220,1277 x 85 x 119 mm,,,,,,,,,,,,,,,
090-091,400,Apparecchiatura elettronica,400 CBC,104205,Non compresa,400 SB,104206,Non compresa,400 SBS,104203,Non compresa,400 CBAC,104201,Non compresa,400 CBAC L,104202,Non compresa,400 SBS L,104220,Non compresa,,,,,,,,,,,,,,,
092-094,S450H,Tensione di alimentazione di rete,S450H CBAC,104100,220-240V~ 50/60 Hz,S450H SB,104101,220-240V~ 50/60 Hz,,,,,,,,,,,,,,,,,,,,,,,,,,,
092-094,S450H,Motore elettrico,S450H CBAC,104100,Con spazzole 24V,S450H SB,104101,Con spazzole 24V,,,,,,,,,,,,,,,,,,,,,,,,,,,
092-094,S450H,Potenza max,S450H CBAC,104100,60 W,S450H SB,104101,60 W,,,,,,,,,,,,,,,,,,,,,,,,,,,
092-094,S450H,Forza max di spinta,S450H CBAC,104100,&gt; 5000 N,S450H SB,104101,&gt; 5000 N,,,,,,,,,,,,,,,,,,,,,,,,,,,
092-094,S450H,Velocità max stelo,S450H CBAC,104100,&gt;25 mm/sec,S450H SB,104101,&gt;25 mm/sec,,,,,,,,,,,,,,,,,,,,,,,,,,,
092-094,S450H,Corsa dello stelo,S450H CBAC,104100,311 mm,S450H SB,104101,311 mm,,,,,,,,,,,,,,,,,,,,,,,,,,,
092-094,S450H,Angolo max apertura anta,S450H CBAC,104100,110°,S450H SB,104101,110°,,,,,,,,,,,,,,,,,,,,,,,,,,,
092-094,S450H,Temperatura ambiente di esercizio,S450H CBAC,104100,-20°C ÷ +55°C,S450H SB,104101,-20°C ÷ +55°C,,,,,,,,,,,,,,,,,,,,,,,,,,,
092-094,S450H,Grado di protezione,S450H CBAC,104100,IP55,S450H SB,104101,IP55,,,,,,,,,,,,,,,,,,,,,,,,,,,
092-094,S450H,Peso,S450H CBAC,104100,"6,5 Kg",S450H SB,104101,"6,5 Kg",,,,,,,,,,,,,,,,,,,,,,,,,,,
092-094,S450H,Frequenza di utilizzo,S450H CBAC,104100,Uso continuo,S450H SB,104101,Uso continuo,,,,,,,,,,,,,,,,,,,,,,,,,,,
092-094,S450H,Larghezza max anta,S450H CBAC,104100,2 m,S450H SB,104101,3 m,,,,,,,,,,,,,,,,,,,,,,,,,,,
092-094,S450H,Tipo di olio,S450H CBAC,104100,FAAC HP OIL,S450H SB,104101,FAAC HP OIL,,,,,,,,,,,,,,,,,,,,,,,,,,,
092-094,S450H,Staffe di fissaggio,S450H CBAC,104100,Posteriore multiposizione ad avvitare - anteriore ad avvitare regolabile,S450H SB,104101,Posteriore multiposizione ad avvitare - anteriore ad avvitare regolabile,,,,,,,,,,,,,,,,,,,,,,,,,,,
092-094,S450H,Dimensioni (LxPxH),S450H CBAC,104100,1131 x 85 x 119 mm,S450H SB,104101,1131 x 85 x 119 mm,,,,,,,,,,,,,,,,,,,,,,,,,,,
092-094,S450H,Apparecchiatura elettronica,S450H CBAC,104100,Non compresa,S450H SB,104101,Non compresa,,,,,,,,,,,,,,,,,,,,,,,,,,,
096-097,S2500I,Tensione di alimentazione di rete,S2500I 24V,104250,220-240V~ 50/60 Hz,,,,,,,,,,,,,,,,,,,,,,,,,,,,,,
096-097,S2500I,Motore elettrico,S2500I 24V,104250,Con spazzole 24V,,,,,,,,,,,,,,,,,,,,,,,,,,,,,,
096-097,S2500I,Potenza max,S2500I 24V,104250,40W,,,,,,,,,,,,,,,,,,,,,,,,,,,,,,
096-097,S2500I,Coppia max,S2500I 24V,104250,320Nm,,,,,,,,,,,,,,,,,,,,,,,,,,,,,,
096-097,S2500I,Velocità angolare max,S2500I 24V,104250,10°/s,,,,,,,,,,,,,,,,,,,,,,,,,,,,,,
096-097,S2500I,Peso max anta,S2500I 24V,104250,250 Kg,,,,,,,,,,,,,,,,,,,,,,,,,,,,,,
096-097,S2500I,Angolo max apertura anta,S2500I 24V,104250,165°,,,,,,,,,,,,,,,,,,,,,,,,,,,,,,
096-097,S2500I,Temperatura ambiente di esercizio,S2500I 24V,104250,-20°C ÷ + 55°C,,,,,,,,,,,,,,,,,,,,,,,,,,,,,,
096-097,S2500I,Grado di protezione,S2500I 24V,104250,IP X4,,,,,,,,,,,,,,,,,,,,,,,,,,,,,,
096-097,S2500I,Peso,S2500I 24V,104250,"7,9 Kg (attuatore) - 3,3 Kg (cerniera) - 1,8 Kg (cover)",,,,,,,,,,,,,,,,,,,,,,,,,,,,,,
096-097,S2500I,Dimensioni (LxPxH),S2500I 24V,104250,340 x 160 x 150 mm,,,,,,,,,,,,,,,,,,,,,,,,,,,,,,
096-097,S2500I,Apparecchiatura elettronica,S2500I 24V,104250,non compresa,,,,,,,,,,,,,,,,,,,,,,,,,,,,,,
096-097,S2500I,Arresti meccanici integrati in apertura e chiusura,S2500I 24V,104250,opzionali,,,,,,,,,,,,,,,,,,,,,,,,,,,,,,
096-097,S2500I,Tempo di utilizzo continuo (ROT),S2500I 24V,104250,Continuo a 55°C,,,,,,,,,,,,,,,,,,,,,,,,,,,,,,
096-097,S2500I,Encoder,S2500I 24V,104250,Assoluto Magnetico BUS,,,,,,,,,,,,,,,,,,,,,,,,,,,,,,
096-097,S2500I,Larghezza max anta,S2500I 24V,104250,"2 m (2,5m con elettroserratura)",,,,,,,,,,,,,,,,,,,,,,,,,,,,,,
096-097,S2500I,Dimensione del pilastro a sezione quadrata,S2500I 24V,104250,"100x100, 120x120, 150x150 mm",,,,,,,,,,,,,,,,,,,,,,,,,,,,,,
098-099,770N 230V,Tensione di alimentazione di rete,770N 230V,10675201,220-240V~ 50/60 Hz,,,,,,,,,,,,,,,,,,,,,,,,,,,,,,
098-099,770N 230V,Motore elettrico,770N 230V,10675201,Asincrono monofase,,,,,,,,,,,,,,,,,,,,,,,,,,,,,,
098-099,770N 230V,Potenza max,770N 230V,10675201,380 W,,,,,,,,,,,,,,,,,,,,,,,,,,,,,,
098-099,770N 230V,Coppia max,770N 230V,10675201,330 Nm (*),,,,,,,,,,,,,,,,,,,,,,,,,,,,,,
098-099,770N 230V,Velocità angolare max,770N 230V,10675201,6 °/s (*),,,,,,,,,,,,,,,,,,,,,,,,,,,,,,
098-099,770N 230V,Peso max anta,770N 230V,10675201,500 Kg (vedi grafico),,,,,,,,,,,,,,,,,,,,,,,,,,,,,,
098-099,770N 230V,Angolo max apertura anta,770N 230V,10675201,110° (140° e 180° con kit opzionale),,,,,,,,,,,,,,,,,,,,,,,,,,,,,,
098-099,770N 230V,Temperatura ambiente di esercizio,770N 230V,10675201,-20°C ÷ + 55°C,,,,,,,,,,,,,,,,,,,,,,,,,,,,,,
098-099,770N 230V,Termoprotezione,770N 230V,10675201,140°C,,,,,,,,,,,,,,,,,,,,,,,,,,,,,,
098-099,770N 230V,Grado di protezione,770N 230V,10675201,IP67,,,,,,,,,,,,,,,,,,,,,,,,,,,,,,
098-099,770N 230V,Peso,770N 230V,10675201,12 Kg (con cassetta portante 14 Kg),,,,,,,,,,,,,,,,,,,,,,,,,,,,,,
098-099,770N 230V,Frequenza di utilizzo,770N 230V,10675201,S3 30%,,,,,,,,,,,,,,,,,,,,,,,,,,,,,,
098-099,770N 230V,Larghezza max anta,770N 230V,10675201,"2 m (3,5 m con elettroserratura)",,,,,,,,,,,,,,,,,,,,,,,,,,,,,,
098-099,770N 230V,Dimensioni (LxPxH),770N 230V,10675201,"362 x 153 x 127 (cassetta portante 430 x 307,5 x 214) mm",,,,,,,,,,,,,,,,,,,,,,,,,,,,,,
098-099,770N 230V,Apparecchiatura elettronica,770N 230V,10675201,Non compresa,,,,,,,,,,,,,,,,,,,,,,,,,,,,,,
100-101,770N 24V,Tensione di alimentazione di rete,770N 24V,10675301,220-240V~ 50/60 Hz,,,,,,,,,,,,,,,,,,,,,,,,,,,,,,
100-101,770N 24V,Motore elettrico,770N 24V,10675301,Con spazzole 24V,,,,,,,,,,,,,,,,,,,,,,,,,,,,,,
100-101,770N 24V,Potenza max,770N 24V,10675301,70 W,,,,,,,,,,,,,,,,,,,,,,,,,,,,,,
100-101,770N 24V,Coppia max,770N 24V,10675301,330 Nm,,,,,,,,,,,,,,,,,,,,,,,,,,,,,,
100-101,770N 24V,Velocità angolare max,770N 24V,10675301,6 °/s,,,,,,,,,,,,,,,,,,,,,,,,,,,,,,
100-101,770N 24V,Peso max anta,770N 24V,10675301,500 Kg (vedi grafico),,,,,,,,,,,,,,,,,,,,,,,,,,,,,,
100-101,770N 24V,Angolo max apertura anta,770N 24V,10675301,110° (140° e 180° con kit opzionale),,,,,,,,,,,,,,,,,,,,,,,,,,,,,,
100-101,770N 24V,Temperatura ambiente di esercizio,770N 24V,10675301,-20°C ÷ + 55°C,,,,,,,,,,,,,,,,,,,,,,,,,,,,,,
100-101,770N 24V,Grado di protezione,770N 24V,10675301,IP67,,,,,,,,,,,,,,,,,,,,,,,,,,,,,,
100-101,770N 24V,Peso,770N 24V,10675301,12 Kg (con cassetta portante 14 Kg),,,,,,,,,,,,,,,,,,,,,,,,,,,,,,
100-101,770N 24V,Frequenza di utilizzo,770N 24V,10675301,Uso continuo,,,,,,,,,,,,,,,,,,,,,,,,,,,,,,
100-101,770N 24V,Larghezza max anta,770N 24V,10675301,"2 m (3,5 m con elettroserratura)",,,,,,,,,,,,,,,,,,,,,,,,,,,,,,
100-101,770N 24V,Dimensioni (LxPxH),770N 24V,10675301,"362 x 153 x 127 (cassetta portante 430 x 307,5 x 214) mm",,,,,,,,,,,,,,,,,,,,,,,,,,,,,,
100-101,770N 24V,Apparecchiatura elettronica,770N 24V,10675301,Non compresa,,,,,,,,,,,,,,,,,,,,,,,,,,,,,,
102-103,S800H ENC,Tensione di alimentazione di rete,S800H ENC CBAC 100°,108720,220-240V~ 50/60 Hz,S800H ENC SBW 100°,108724,220-240V~ 50/60 Hz,S800H ENC CBAC 180°,108722,220-240V~ 50/60 Hz,S800H ENC SBW 180°,108725,220-240V~ 50/60 Hz,,,,,,,,,,,,,,,,,,,,,
102-103,S800H ENC,Motore elettrico,S800H ENC CBAC 100°,108720,Con spazzole 24V,S800H ENC SBW 100°,108724,Con spazzole 24V,S800H ENC CBAC 180°,108722,Con spazzole 24V,S800H ENC SBW 180°,108725,Con spazzole 24V,,,,,,,,,,,,,,,,,,,,,
102-103,S800H ENC,Potenza max,S800H ENC CBAC 100°,108720,60 W,S800H ENC SBW 100°,108724,60 W,S800H ENC CBAC 180°,108722,60 W,S800H ENC SBW 180°,108725,60 W,,,,,,,,,,,,,,,,,,,,,
102-103,S800H ENC,Velocità angolare max,S800H ENC CBAC 100°,108720,"5,5°/s (con E024S) - 8,2°/s (con E124)",S800H ENC SBW 100°,108724,"5,5°/s (con E024S) - 8,2°/s (con E124)",S800H ENC CBAC 180°,108722,"5,5°/s (con E024S) - 8,2°/s (con E124)",S800H ENC SBW 180°,108725,"5,5°/s (con E024S) - 8,2°/s (con E124)",,,,,,,,,,,,,,,,,,,,,
102-103,S800H ENC,Peso max anta,S800H ENC CBAC 100°,108720,800 Kg,S800H ENC SBW 100°,108724,800 Kg,S800H ENC CBAC 180°,108722,800 Kg,S800H ENC SBW 180°,108725,800 Kg,,,,,,,,,,,,,,,,,,,,,
102-103,S800H ENC,Temperatura ambiente di esercizio,S800H ENC CBAC 100°,108720,-20°C ÷ +55°C,S800H ENC SBW 100°,108724,-20°C ÷ +55°C,S800H ENC CBAC 180°,108722,-20°C ÷ +55°C,S800H ENC SBW 180°,108725,-20°C ÷ +55°C,,,,,,,,,,,,,,,,,,,,,
102-103,S800H ENC,Grado di protezione,S800H ENC CBAC 100°,108720,IP67,S800H ENC SBW 100°,108724,IP67,S800H ENC CBAC 180°,108722,IP67,S800H ENC SBW 180°,108725,IP67,,,,,,,,,,,,,,,,,,,,,
102-103,S800H ENC,Peso,S800H ENC CBAC 100°,108720,14 Kg,S800H ENC SBW 100°,108724,14 Kg,S800H ENC CBAC 180°,108722,15 Kg,S800H ENC SBW 180°,108725,15 Kg,,,,,,,,,,,,,,,,,,,,,
102-103,S800H ENC,Frequenza di utilizzo,S800H ENC CBAC 100°,108720,Uso continuo,S800H ENC SBW 100°,108724,Uso continuo,S800H ENC CBAC 180°,108722,Uso continuo,S800H ENC SBW 180°,108725,Uso continuo,,,,,,,,,,,,,,,,,,,,,
102-103,S800H ENC,Larghezza max anta,S800H ENC CBAC 100°,108720,2 m,S800H ENC SBW 100°,108724,4 m,S800H ENC CBAC 180°,108722,2 m,S800H ENC SBW 180°,108725,4 m,,,,,,,,,,,,,,,,,,,,,
102-103,S800H ENC,Tipo di olio,S800H ENC CBAC 100°,108720,FAAC HP OIL,S800H ENC SBW 100°,108724,FAAC HP OIL,S800H ENC CBAC 180°,108722,FAAC HP OIL,S800H ENC SBW 180°,108725,FAAC HP OIL,,,,,,,,,,,,,,,,,,,,,
102-103,S800H ENC,Dimensioni (LxPxH),S800H ENC CBAC 100°,108720,Attuatore 380 x 220 x 160 - cassetta portante 507 x 283 x 200 mm,S800H ENC SBW 100°,108724,Attuatore 380 x 220 x 160 - cassetta portante 507 x 283 x 200 mm,S800H ENC CBAC 180°,108722,Attuatore 450 x 220 x 160 - cassetta portante 507 x 283 x 200 mm,S800H ENC SBW 180°,108725,Attuatore 450 x 220 x 160 - cassetta portante 507 x 283 x 200 mm,,,,,,,,,,,,,,,,,,,,,
102-103,S800H ENC,Apparecchiatura elettronica,S800H ENC CBAC 100°,108720,Non compresa,S800H ENC SBW 100°,108724,Non compresa,S800H ENC CBAC 180°,108722,Non compresa,S800H ENC SBW 180°,108725,Non compresa,,,,,,,,,,,,,,,,,,,,,
104-106,S800 ENC,Tensione di alimentazione di rete,S800 ENC CBAC 100°,108800,220-240V~ 50/60 Hz,S800 ENC SBW 100°,108802,220-240V~ 50/60 Hz,S800 ENC CBAC 180°,108801,220-240V~ 50/60 Hz,S800 ENC SBW 180°,108803,220-240V~ 50/60 Hz,,,,,,,,,,,,,,,,,,,,,
104-106,S800 ENC,Motore elettrico,S800 ENC CBAC 100°,108800,Asincrono monofase,S800 ENC SBW 100°,108802,Asincrono monofase,S800 ENC CBAC 180°,108801,Asincrono monofase,S800 ENC SBW 180°,108803,Asincrono monofase,,,,,,,,,,,,,,,,,,,,,
104-106,S800 ENC,Potenza max,S800 ENC CBAC 100°,108800,220 W,S800 ENC SBW 100°,108802,220 W,S800 ENC CBAC 180°,108801,220 W,S800 ENC SBW 180°,108803,220 W,,,,,,,,,,,,,,,,,,,,,
104-106,S800 ENC,Velocità angolare max,S800 ENC CBAC 100°,108800,"7,8°/s",S800 ENC SBW 100°,108802,"7,8°/s",S800 ENC CBAC 180°,108801,"7,8°/s",S800 ENC SBW 180°,108803,"7,8°/s",,,,,,,,,,,,,,,,,,,,,
104-106,S800 ENC,Peso max anta,S800 ENC CBAC 100°,108800,800 Kg,S800 ENC SBW 100°,108802,800 Kg,S800 ENC CBAC 180°,108801,800 Kg,S800 ENC SBW 180°,108803,800 Kg,,,,,,,,,,,,,,,,,,,,,
104-106,S800 ENC,Temperatura ambiente di esercizio,S800 ENC CBAC 100°,108800,-20°C ÷ +55°C,S800 ENC SBW 100°,108802,-20°C ÷ +55°C,S800 ENC CBAC 180°,108801,-20°C ÷ +55°C,S800 ENC SBW 180°,108803,-20°C ÷ +55°C,,,,,,,,,,,,,,,,,,,,,
104-106,S800 ENC,Grado di protezione,S800 ENC CBAC 100°,108800,IP67,S800 ENC SBW 100°,108802,IP67,S800 ENC CBAC 180°,108801,IP67,S800 ENC SBW 180°,108803,IP67,,,,,,,,,,,,,,,,,,,,,
104-106,S800 ENC,Peso,S800 ENC CBAC 100°,108800,16 Kg,S800 ENC SBW 100°,108802,16 Kg,S800 ENC CBAC 180°,108801,"16,5 Kg",S800 ENC SBW 180°,108803,"16,5 Kg",,,,,,,,,,,,,,,,,,,,,
104-106,S800 ENC,Frequenza di utilizzo,S800 ENC CBAC 100°,108800,45 cicli/ora,S800 ENC SBW 100°,108802,45 cicli/ora,S800 ENC CBAC 180°,108801,30 cicli/ora,S800 ENC SBW 180°,108803,30 cicli/ora,,,,,,,,,,,,,,,,,,,,,
104-106,S800 ENC,Larghezza max anta,S800 ENC CBAC 100°,108800,2 m,S800 ENC SBW 100°,108802,4 m,S800 ENC CBAC 180°,108801,2 m,S800 ENC SBW 180°,108803,4 m,,,,,,,,,,,,,,,,,,,,,
104-106,S800 ENC,Tipo di olio,S800 ENC CBAC 100°,108800,FAAC HP OIL,S800 ENC SBW 100°,108802,FAAC HP OIL,S800 ENC CBAC 180°,108801,FAAC HP OIL,S800 ENC SBW 180°,108803,FAAC HP OIL,,,,,,,,,,,,,,,,,,,,,
104-106,S800 ENC,Dimensioni (LxPxH),S800 ENC CBAC 100°,108800,Attuatore 380 x 220 x 160 - cassetta portante 507 x 283 x 200 mm,S800 ENC SBW 100°,108802,Attuatore 380 x 220 x 160 - cassetta portante 507 x 283 x 200 mm,S800 ENC CBAC 180°,108801,Attuatore 450 x 220 x 160 - cassetta portante 507 x 283 x 200 mm,S800 ENC SBW 180°,108803,Attuatore 450 x 220 x 160 - cassetta portante 507 x 283 x 200 mm,,,,,,,,,,,,,,,,,,,,,
104-106,S800 ENC,Apparecchiatura elettronica,S800 ENC CBAC 100°,108800,Non compresa,S800 ENC SBW 100°,108802,Non compresa,S800 ENC CBAC 180°,108801,Non compresa,S800 ENC SBW 180°,108803,Non compresa,,,,,,,,,,,,,,,,,,,,,
108-109,C4000I,Tensione di alimentazione di rete,C4000I,109001,220-240V ~ 50/60 Hz,,,,,,,,,,,,,,,,,,,,,,,,,,,,,,
108-109,C4000I,Motore elettrico,C4000I,109001,24 V,,,,,,,,,,,,,,,,,,,,,,,,,,,,,,
108-109,C4000I,Potenza max,C4000I,109001,150 W,,,,,,,,,,,,,,,,,,,,,,,,,,,,,,
108-109,C4000I,Forza max di spinta,C4000I,109001,125 N,,,,,,,,,,,,,,,,,,,,,,,,,,,,,,
108-109,C4000I,Pignone,C4000I,109001,Z16 modulo 4,,,,,,,,,,,,,,,,,,,,,,,,,,,,,,
108-109,C4000I,Larghezza max anta,C4000I,109001,8 m,,,,,,,,,,,,,,,,,,,,,,,,,,,,,,
108-109,C4000I,Peso max anta,C4000I,109001,400 kg,,,,,,,,,,,,,,,,,,,,,,,,,,,,,,
108-109,C4000I,Peso max anta cantilever,C4000I,109001,250 kg,,,,,,,,,,,,,,,,,,,,,,,,,,,,,,
108-109,C4000I,Velocità dell&apos;anta,C4000I,109001,16 m/min,,,,,,,,,,,,,,,,,,,,,,,,,,,,,,
108-109,C4000I,Temperatura ambiente di esercizio,C4000I,109001,-20 °C +55 °C,,,,,,,,,,,,,,,,,,,,,,,,,,,,,,
108-109,C4000I,Tipo di utilizzo,C4000I,109001,Residenziale,,,,,,,,,,,,,,,,,,,,,,,,,,,,,,
108-109,C4000I,Tempo di utilizzo continuo (ROT),C4000I,109001,Continuo,,,,,,,,,,,,,,,,,,,,,,,,,,,,,,
108-109,C4000I,Grado di protezione,C4000I,109001,IP30,,,,,,,,,,,,,,,,,,,,,,,,,,,,,,
108-109,C4000I,Dimensioni (LxPxH),C4000I,109001,110 x 180 x 250 mm,,,,,,,,,,,,,,,,,,,,,,,,,,,,,,
108-109,C4000I,Peso,C4000I,109001,"3,5 kg",,,,,,,,,,,,,,,,,,,,,,,,,,,,,,
108-109,C4000I,Dimensioni colonna,C4000I,109001,110x110 mm dimensione minima interna,,,,,,,,,,,,,,,,,,,,,,,,,,,,,,
110-111,C720,Tensione di alimentazione di rete,C720 24V,109320,220-240V~ 50/60 Hz,,,,,,,,,,,,,,,,,,,,,,,,,,,,,,
110-111,C720,Motore elettrico,C720 24V,109320,Motore a spazzole 24V,,,,,,,,,,,,,,,,,,,,,,,,,,,,,,
110-111,C720,Potenza max,C720 24V,109320,170 W,,,,,,,,,,,,,,,,,,,,,,,,,,,,,,
110-111,C720,Coppia max,C720 24V,109320,18 Nm,,,,,,,,,,,,,,,,,,,,,,,,,,,,,,
110-111,C720,Forza max di spinta,C720 24V,109320,320 N,,,,,,,,,,,,,,,,,,,,,,,,,,,,,,
110-111,C720,Rapporto di riduzione,C720 24V,109320,1:49,,,,,,,,,,,,,,,,,,,,,,,,,,,,,,
110-111,C720,Larghezza max anta,C720 24V,109320,15 m,,,,,,,,,,,,,,,,,,,,,,,,,,,,,,
110-111,C720,Velocità dell&apos;anta,C720 24V,109320,18 m/min (regolabile),,,,,,,,,,,,,,,,,,,,,,,,,,,,,,
110-111,C720,Regolazione velocità e controllo motore,C720 24V,109320,Sì - Regolazione elettronica,,,,,,,,,,,,,,,,,,,,,,,,,,,,,,
110-111,C720,Finecorsa,C720 24V,109320,Magnetico,,,,,,,,,,,,,,,,,,,,,,,,,,,,,,
110-111,C720,Pignone,C720 24V,109320,Z28 modulo 4,,,,,,,,,,,,,,,,,,,,,,,,,,,,,,
110-111,C720,Encoder,C720 24V,109320,Encoder elettronico,,,,,,,,,,,,,,,,,,,,,,,,,,,,,,
110-111,C720,Regolazione della forza,C720 24V,109320,Tramite scheda elettronica,,,,,,,,,,,,,,,,,,,,,,,,,,,,,,
110-111,C720,Temperatura ambiente di esercizio,C720 24V,109320,-20°C ÷ +55°C,,,,,,,,,,,,,,,,,,,,,,,,,,,,,,
110-111,C720,Grado di protezione,C720 24V,109320,IP44,,,,,,,,,,,,,,,,,,,,,,,,,,,,,,
110-111,C720,Peso,C720 24V,109320,8 Kg,,,,,,,,,,,,,,,,,,,,,,,,,,,,,,
110-111,C720,Dimensioni (LxPxH),C720 24V,109320,304 x 180 x 282 mm,,,,,,,,,,,,,,,,,,,,,,,,,,,,,,
110-111,C720,Peso max anta,C720 24V,109320,400 Kg,,,,,,,,,,,,,,,,,,,,,,,,,,,,,,
110-111,C720,Frequenza di utilizzo,C720 24V,109320,100 %,,,,,,,,,,,,,,,,,,,,,,,,,,,,,,
110-111,C720,Apparecchiatura elettronica,C720 24V,109320,E721 incorporata,,,,,,,,,,,,,,,,,,,,,,,,,,,,,,
112-113,C721,Tensione di alimentazione di rete,C721 24V,109321,220-240V~ 50/60 Hz,,,,,,,,,,,,,,,,,,,,,,,,,,,,,,
112-113,C721,Motore elettrico,C721 24V,109321,Motore a spazzole 24V,,,,,,,,,,,,,,,,,,,,,,,,,,,,,,
112-113,C721,Potenza max,C721 24V,109321,290 W,,,,,,,,,,,,,,,,,,,,,,,,,,,,,,
112-113,C721,Coppia max,C721 24V,109321,30 Nm,,,,,,,,,,,,,,,,,,,,,,,,,,,,,,
112-113,C721,Forza max di spinta,C721 24V,109321,530 N,,,,,,,,,,,,,,,,,,,,,,,,,,,,,,
112-113,C721,Rapporto di riduzione,C721 24V,109321,1:49,,,,,,,,,,,,,,,,,,,,,,,,,,,,,,
112-113,C721,Larghezza max anta,C721 24V,109321,15 m,,,,,,,,,,,,,,,,,,,,,,,,,,,,,,
112-113,C721,Velocità dell&apos;anta,C721 24V,109321,18 m/min (regolabile),,,,,,,,,,,,,,,,,,,,,,,,,,,,,,
112-113,C721,Regolazione velocità e controllo motore,C721 24V,109321,Sì - Regolazione elettronica,,,,,,,,,,,,,,,,,,,,,,,,,,,,,,
112-113,C721,Finecorsa,C721 24V,109321,Magnetico,,,,,,,,,,,,,,,,,,,,,,,,,,,,,,
112-113,C721,Pignone,C721 24V,109321,Z28 modulo 4,,,,,,,,,,,,,,,,,,,,,,,,,,,,,,
112-113,C721,Encoder,C721 24V,109321,Encoder elettronico,,,,,,,,,,,,,,,,,,,,,,,,,,,,,,
112-113,C721,Regolazione della forza,C721 24V,109321,Tramite scheda elettronica,,,,,,,,,,,,,,,,,,,,,,,,,,,,,,
112-113,C721,Temperatura ambiente di esercizio,C721 24V,109321,-20°C ÷ +55°C,,,,,,,,,,,,,,,,,,,,,,,,,,,,,,
112-113,C721,Grado di protezione,C721 24V,109321,IP44,,,,,,,,,,,,,,,,,,,,,,,,,,,,,,
112-113,C721,Peso,C721 24V,109321,8 Kg,,,,,,,,,,,,,,,,,,,,,,,,,,,,,,
112-113,C721,Dimensioni (LxPxH),C721 24V,109321,304 x 180 x 282 mm,,,,,,,,,,,,,,,,,,,,,,,,,,,,,,
112-113,C721,Peso max anta,C721 24V,109321,800 Kg,,,,,,,,,,,,,,,,,,,,,,,,,,,,,,
112-113,C721,Frequenza di utilizzo,C721 24V,109321,100 %,,,,,,,,,,,,,,,,,,,,,,,,,,,,,,
112-113,C721,Apparecchiatura elettronica,C721 24V,109321,E721 incorporata,,,,,,,,,,,,,,,,,,,,,,,,,,,,,,
114-115,740,Tensione di alimentazione di rete,740 E Z16 con encoder,1097805,220-240V~ 50/60 Hz,,,,,,,,,,,,,,,,,,,,,,,,,,,,,,
114-115,740,Motore elettrico,740 E Z16 con encoder,1097805,Asincrono monofase,,,,,,,,,,,,,,,,,,,,,,,,,,,,,,
114-115,740,Potenza max,740 E Z16 con encoder,1097805,350 W,,,,,,,,,,,,,,,,,,,,,,,,,,,,,,
114-115,740,Coppia max,740 E Z16 con encoder,1097805,18 Nm (*),,,,,,,,,,,,,,,,,,,,,,,,,,,,,,
114-115,740,Forza max di spinta,740 E Z16 con encoder,1097805,450 N (*),,,,,,,,,,,,,,,,,,,,,,,,,,,,,,
114-115,740,Rapporto di riduzione,740 E Z16 con encoder,1097805,1:25,,,,,,,,,,,,,,,,,,,,,,,,,,,,,,
114-115,740,Larghezza max anta,740 E Z16 con encoder,1097805,15 m,,,,,,,,,,,,,,,,,,,,,,,,,,,,,,
114-115,740,Velocità dell&apos;anta,740 E Z16 con encoder,1097805,12 m/min,,,,,,,,,,,,,,,,,,,,,,,,,,,,,,
114-115,740,Regolazione velocità e controllo motore,740 E Z16 con encoder,1097805,No,,,,,,,,,,,,,,,,,,,,,,,,,,,,,,
114-115,740,Finecorsa,740 E Z16 con encoder,1097805,Magnetico,,,,,,,,,,,,,,,,,,,,,,,,,,,,,,
114-115,740,Pignone,740 E Z16 con encoder,1097805,Z16 modulo 4,,,,,,,,,,,,,,,,,,,,,,,,,,,,,,
114-115,740,Encoder,740 E Z16 con encoder,1097805,Encoder ottico,,,,,,,,,,,,,,,,,,,,,,,,,,,,,,
114-115,740,Regolazione della forza,740 E Z16 con encoder,1097805,Tramite scheda elettronica,,,,,,,,,,,,,,,,,,,,,,,,,,,,,,
114-115,740,Temperatura ambiente di esercizio,740 E Z16 con encoder,1097805,-20°C ÷ +55°C,,,,,,,,,,,,,,,,,,,,,,,,,,,,,,
114-115,740,Termoprotezione,740 E Z16 con encoder,1097805,140°C,,,,,,,,,,,,,,,,,,,,,,,,,,,,,,
114-115,740,Grado di protezione,740 E Z16 con encoder,1097805,IP44,,,,,,,,,,,,,,,,,,,,,,,,,,,,,,
114-115,740,Peso,740 E Z16 con encoder,1097805,10 Kg,,,,,,,,,,,,,,,,,,,,,,,,,,,,,,
114-115,740,Dimensioni (LxPxH),740 E Z16 con encoder,1097805,295 x 181 x 320 mm,,,,,,,,,,,,,,,,,,,,,,,,,,,,,,
114-115,740,Peso max anta,740 E Z16 con encoder,1097805,500 Kg,,,,,,,,,,,,,,,,,,,,,,,,,,,,,,
114-115,740,Frequenza di utilizzo,740 E Z16 con encoder,1097805,S3 - 30%,,,,,,,,,,,,,,,,,,,,,,,,,,,,,,
114-115,740,Apparecchiatura elettronica,740 E Z16 con encoder,1097805,740D incorporata,,,,,,,,,,,,,,,,,,,,,,,,,,,,,,
114-115,740,Dispositivo di sblocco,740 E Z16 con encoder,1097805,Manopola di sblocco rotativa - chiave cifrata,,,,,,,,,,,,,,,,,,,,,,,,,,,,,,
114-115,740,Condensatore di spunto,740 E Z16 con encoder,1097805,10 μF,,,,,,,,,,,,,,,,,,,,,,,,,,,,,,
116-117,740 C,Tensione di alimentazione di rete,740 C con encoder,109600,220-240V~ 50/60 Hz,,,,,,,,,,,,,,,,,,,,,,,,,,,,,,
116-117,740 C,Motore elettrico,740 C con encoder,109600,Asincrono monofase,,,,,,,,,,,,,,,,,,,,,,,,,,,,,,
116-117,740 C,Potenza max,740 C con encoder,109600,430 W,,,,,,,,,,,,,,,,,,,,,,,,,,,,,,
116-117,740 C,Coppia max,740 C con encoder,109600,18 Nm (*),,,,,,,,,,,,,,,,,,,,,,,,,,,,,,
116-117,740 C,Forza max di spinta,740 C con encoder,109600,450 N (*),,,,,,,,,,,,,,,,,,,,,,,,,,,,,,
116-117,740 C,Rapporto di riduzione,740 C con encoder,109600,1:25,,,,,,,,,,,,,,,,,,,,,,,,,,,,,,
116-117,740 C,Larghezza max anta,740 C con encoder,109600,15 m,,,,,,,,,,,,,,,,,,,,,,,,,,,,,,
116-117,740 C,Velocità dell&apos;anta,740 C con encoder,109600,12 m/min,,,,,,,,,,,,,,,,,,,,,,,,,,,,,,
116-117,740 C,Regolazione velocità e controllo motore,740 C con encoder,109600,Sì,,,,,,,,,,,,,,,,,,,,,,,,,,,,,,
116-117,740 C,Finecorsa,740 C con encoder,109600,Magnetico,,,,,,,,,,,,,,,,,,,,,,,,,,,,,,
116-117,740 C,Pignone,740 C con encoder,109600,Z16 modulo 4,,,,,,,,,,,,,,,,,,,,,,,,,,,,,,
116-117,740 C,Encoder,740 C con encoder,109600,Encoder magnetico,,,,,,,,,,,,,,,,,,,,,,,,,,,,,,
116-117,740 C,Regolazione della forza,740 C con encoder,109600,Tramite scheda elettronica,,,,,,,,,,,,,,,,,,,,,,,,,,,,,,
116-117,740 C,Temperatura ambiente di esercizio,740 C con encoder,109600,-20°C ÷ +55°C (**),,,,,,,,,,,,,,,,,,,,,,,,,,,,,,
116-117,740 C,Termoprotezione,740 C con encoder,109600,140°C autoripristinante,,,,,,,,,,,,,,,,,,,,,,,,,,,,,,
116-117,740 C,Grado di protezione,740 C con encoder,109600,IP44,,,,,,,,,,,,,,,,,,,,,,,,,,,,,,
116-117,740 C,Peso,740 C con encoder,109600,"11,9 Kg",,,,,,,,,,,,,,,,,,,,,,,,,,,,,,
116-117,740 C,Dimensioni (LxPxH),740 C con encoder,109600,295 x 180 x 320 mm,,,,,,,,,,,,,,,,,,,,,,,,,,,,,,
116-117,740 C,Peso max anta,740 C con encoder,109600,500 Kg,,,,,,,,,,,,,,,,,,,,,,,,,,,,,,
116-117,740 C,Frequenza di utilizzo,740 C con encoder,109600,55 cicli/h,,,,,,,,,,,,,,,,,,,,,,,,,,,,,,
116-117,740 C,Apparecchiatura elettronica,740 C con encoder,109600,incorporata,,,,,,,,,,,,,,,,,,,,,,,,,,,,,,
116-117,740 C,Dispositivo di sblocco,740 C con encoder,109600,Manopola di sblocco rotativa - chiave cifrata,,,,,,,,,,,,,,,,,,,,,,,,,,,,,,
116-117,740 C,Condensatore di spunto,740 C con encoder,109600,10 μF,,,,,,,,,,,,,,,,,,,,,,,,,,,,,,
118-119,741,Tensione di alimentazione di rete,741 E Z16 con encoder,1097815,220-240V~ 50/60 Hz,,,,,,,,,,,,,,,,,,,,,,,,,,,,,,
118-119,741,Motore elettrico,741 E Z16 con encoder,1097815,Asincrono monofase,,,,,,,,,,,,,,,,,,,,,,,,,,,,,,
118-119,741,Potenza max,741 E Z16 con encoder,1097815,500 W,,,,,,,,,,,,,,,,,,,,,,,,,,,,,,
118-119,741,Coppia max,741 E Z16 con encoder,1097815,24 Nm (*),,,,,,,,,,,,,,,,,,,,,,,,,,,,,,
118-119,741,Forza max di spinta,741 E Z16 con encoder,1097815,650 N (*),,,,,,,,,,,,,,,,,,,,,,,,,,,,,,
118-119,741,Rapporto di riduzione,741 E Z16 con encoder,1097815,1:25,,,,,,,,,,,,,,,,,,,,,,,,,,,,,,
118-119,741,Larghezza max anta,741 E Z16 con encoder,1097815,15 m,,,,,,,,,,,,,,,,,,,,,,,,,,,,,,
118-119,741,Velocità dell&apos;anta,741 E Z16 con encoder,1097815,12 m/min,,,,,,,,,,,,,,,,,,,,,,,,,,,,,,
118-119,741,Regolazione velocità e controllo motore,741 E Z16 con encoder,1097815,No,,,,,,,,,,,,,,,,,,,,,,,,,,,,,,
118-119,741,Finecorsa,741 E Z16 con encoder,1097815,Magnetico,,,,,,,,,,,,,,,,,,,,,,,,,,,,,,
118-119,741,Pignone,741 E Z16 con encoder,1097815,Z16 modulo 4,,,,,,,,,,,,,,,,,,,,,,,,,,,,,,
118-119,741,Encoder,741 E Z16 con encoder,1097815,Encoder ottico,,,,,,,,,,,,,,,,,,,,,,,,,,,,,,
118-119,741,Regolazione della forza,741 E Z16 con encoder,1097815,Tramite scheda elettronica,,,,,,,,,,,,,,,,,,,,,,,,,,,,,,
118-119,741,Temperatura ambiente di esercizio,741 E Z16 con encoder,1097815,-20°C ÷ +55°C,,,,,,,,,,,,,,,,,,,,,,,,,,,,,,
118-119,741,Termoprotezione,741 E Z16 con encoder,1097815,140°C,,,,,,,,,,,,,,,,,,,,,,,,,,,,,,
118-119,741,Grado di protezione,741 E Z16 con encoder,1097815,IP44,,,,,,,,,,,,,,,,,,,,,,,,,,,,,,
118-119,741,Peso,741 E Z16 con encoder,1097815,11 Kg,,,,,,,,,,,,,,,,,,,,,,,,,,,,,,
118-119,741,Dimensioni (LxPxH),741 E Z16 con encoder,1097815,295 x 181 x 320 mm,,,,,,,,,,,,,,,,,,,,,,,,,,,,,,
118-119,741,Peso max anta,741 E Z16 con encoder,1097815,900 Kg,,,,,,,,,,,,,,,,,,,,,,,,,,,,,,
118-119,741,Frequenza di utilizzo,741 E Z16 con encoder,1097815,S3 - 40%,,,,,,,,,,,,,,,,,,,,,,,,,,,,,,
118-119,741,Apparecchiatura elettronica,741 E Z16 con encoder,1097815,740D incorporata,,,,,,,,,,,,,,,,,,,,,,,,,,,,,,
118-119,741,Dispositivo di sblocco,741 E Z16 con encoder,1097815,Manopola di sblocco rotativa - chiave cifrata,,,,,,,,,,,,,,,,,,,,,,,,,,,,,,
118-119,741,Condensatore di spunto,741 E Z16 con encoder,1097815,"12,5 μF",,,,,,,,,,,,,,,,,,,,,,,,,,,,,,
120-121,741 C,Tensione di alimentazione di rete,741 C con encoder,109602,220-240V~ 50/60 Hz,,,,,,,,,,,,,,,,,,,,,,,,,,,,,,
120-121,741 C,Motore elettrico,741 C con encoder,109602,Asincrono monofase,,,,,,,,,,,,,,,,,,,,,,,,,,,,,,
120-121,741 C,Potenza max,741 C con encoder,109602,530 W,,,,,,,,,,,,,,,,,,,,,,,,,,,,,,
120-121,741 C,Coppia max,741 C con encoder,109602,20 Nm (*),,,,,,,,,,,,,,,,,,,,,,,,,,,,,,
120-121,741 C,Forza max di spinta,741 C con encoder,109602,630 N (*),,,,,,,,,,,,,,,,,,,,,,,,,,,,,,
120-121,741 C,Rapporto di riduzione,741 C con encoder,109602,1:25,,,,,,,,,,,,,,,,,,,,,,,,,,,,,,
120-121,741 C,Larghezza max anta,741 C con encoder,109602,15 m,,,,,,,,,,,,,,,,,,,,,,,,,,,,,,
120-121,741 C,Velocità dell&apos;anta,741 C con encoder,109602,12 m/min,,,,,,,,,,,,,,,,,,,,,,,,,,,,,,
120-121,741 C,Regolazione velocità e controllo motore,741 C con encoder,109602,Sì,,,,,,,,,,,,,,,,,,,,,,,,,,,,,,
120-121,741 C,Finecorsa,741 C con encoder,109602,Magnetico,,,,,,,,,,,,,,,,,,,,,,,,,,,,,,
120-121,741 C,Pignone,741 C con encoder,109602,Z16 modulo 4,,,,,,,,,,,,,,,,,,,,,,,,,,,,,,
120-121,741 C,Encoder,741 C con encoder,109602,Encoder magnetico,,,,,,,,,,,,,,,,,,,,,,,,,,,,,,
120-121,741 C,Regolazione della forza,741 C con encoder,109602,Tramite scheda elettronica,,,,,,,,,,,,,,,,,,,,,,,,,,,,,,
120-121,741 C,Temperatura ambiente di esercizio,741 C con encoder,109602,-20°C ÷ +55°C (**),,,,,,,,,,,,,,,,,,,,,,,,,,,,,,
120-121,741 C,Termoprotezione,741 C con encoder,109602,140°C autoripristinante,,,,,,,,,,,,,,,,,,,,,,,,,,,,,,
120-121,741 C,Grado di protezione,741 C con encoder,109602,IP44,,,,,,,,,,,,,,,,,,,,,,,,,,,,,,
120-121,741 C,Peso,741 C con encoder,109602,"13,1 Kg",,,,,,,,,,,,,,,,,,,,,,,,,,,,,,
120-121,741 C,Dimensioni (LxPxH),741 C con encoder,109602,295 x 180 x 320 mm,,,,,,,,,,,,,,,,,,,,,,,,,,,,,,
120-121,741 C,Peso max anta,741 C con encoder,109602,900 Kg,,,,,,,,,,,,,,,,,,,,,,,,,,,,,,
120-121,741 C,Frequenza di utilizzo,741 C con encoder,109602,56 cicli/h,,,,,,,,,,,,,,,,,,,,,,,,,,,,,,
120-121,741 C,Apparecchiatura elettronica,741 C con encoder,109602,incorporata,,,,,,,,,,,,,,,,,,,,,,,,,,,,,,
120-121,741 C,Dispositivo di sblocco,741 C con encoder,109602,Manopola di sblocco rotativa - chiave cifrata,,,,,,,,,,,,,,,,,,,,,,,,,,,,,,
120-121,741 C,Condensatore di spunto,741 C con encoder,109602,12.5 μF,,,,,,,,,,,,,,,,,,,,,,,,,,,,,,
122-123,746 C,Tensione di alimentazione di rete,746 C Z16,109745,220-240V~ 50/60 Hz,746 C Z20,109746,220-240V~ 50/60 Hz,,,,,,,,,,,,,,,,,,,,,,,,,,,
122-123,746 C,Potenza max,746 C Z16,109745,150 W,746 C Z20,109746,150 W,,,,,,,,,,,,,,,,,,,,,,,,,,,
122-123,746 C,Pignone,746 C Z16,109745,Z16 modulo 4,746 C Z20,109746,Z20 modulo 4,,,,,,,,,,,,,,,,,,,,,,,,,,,
122-123,746 C,Forza max di spinta,746 C Z16,109745,830 N,746 C Z20,109746,665 N,,,,,,,,,,,,,,,,,,,,,,,,,,,
122-123,746 C,Peso max anta,746 C Z16,109745,600 Kg,746 C Z20,109746,400 Kg,,,,,,,,,,,,,,,,,,,,,,,,,,,
122-123,746 C,Velocità max anta,746 C Z16,109745,9.6 m/min,746 C Z20,109746,12 m/min,,,,,,,,,,,,,,,,,,,,,,,,,,,
122-123,746 C,Lunghezza max anta,746 C Z16,109745,40 m,746 C Z20,109746,50 m,,,,,,,,,,,,,,,,,,,,,,,,,,,
122-123,746 C,Spazio di fermata,746 C Z16,109745,30 mm,746 C Z20,109746,30 mm,,,,,,,,,,,,,,,,,,,,,,,,,,,
122-123,746 C,Grado di protezione,746 C Z16,109745,IP44,746 C Z20,109746,IP44,,,,,,,,,,,,,,,,,,,,,,,,,,,
122-123,746 C,Condensatore di spunto,746 C Z16,109745,12.5 µF,746 C Z20,109746,12.5 µF,,,,,,,,,,,,,,,,,,,,,,,,,,,
122-123,746 C,Temperatura ambiente di esercizio,746 C Z16,109745,-20° ÷ +55°C *,746 C Z20,109746,-20° ÷ +55°C *,,,,,,,,,,,,,,,,,,,,,,,,,,,
122-123,746 C,Frequenza di utilizzo,746 C Z16,109745,Uso continuo*,746 C Z20,109746,Uso continuo*,,,,,,,,,,,,,,,,,,,,,,,,,,,
122-123,746 C,Termoprotezione,746 C Z16,109745,120°C autoripristinanti,746 C Z20,109746,120°C autoripristinanti,,,,,,,,,,,,,,,,,,,,,,,,,,,
122-123,746 C,Peso,746 C Z16,109745,16.2 Kg,746 C Z20,109746,16.5 Kg,,,,,,,,,,,,,,,,,,,,,,,,,,,
124-125,844 C,Tensione di alimentazione di rete,844 C Z16,109925,220-240V~ 50/60 Hz,,,,,,,,,,,,,,,,,,,,,,,,,,,,,,
124-125,844 C,Potenza max,844 C Z16,109925,230 W,,,,,,,,,,,,,,,,,,,,,,,,,,,,,,
124-125,844 C,Pignone,844 C Z16,109925,Z16 modulo 4,,,,,,,,,,,,,,,,,,,,,,,,,,,,,,
124-125,844 C,Forza max di spinta,844 C Z16,109925,1300 N,,,,,,,,,,,,,,,,,,,,,,,,,,,,,,
124-125,844 C,Peso max anta,844 C Z16,109925,1800 Kg,,,,,,,,,,,,,,,,,,,,,,,,,,,,,,
124-125,844 C,Velocità max anta,844 C Z16,109925,9.6 m/min,,,,,,,,,,,,,,,,,,,,,,,,,,,,,,
124-125,844 C,Lunghezza max anta,844 C Z16,109925,40 m,,,,,,,,,,,,,,,,,,,,,,,,,,,,,,
124-125,844 C,Spazio di fermata,844 C Z16,109925,30 mm,,,,,,,,,,,,,,,,,,,,,,,,,,,,,,
124-125,844 C,Grado di protezione,844 C Z16,109925,IP44,,,,,,,,,,,,,,,,,,,,,,,,,,,,,,
124-125,844 C,Condensatore di spunto,844 C Z16,109925,18 µF,,,,,,,,,,,,,,,,,,,,,,,,,,,,,,
124-125,844 C,Temperatura ambiente di esercizio,844 C Z16,109925,-20° ÷ +55°C *,,,,,,,,,,,,,,,,,,,,,,,,,,,,,,
124-125,844 C,Frequenza di utilizzo,844 C Z16,109925,Uso continuo,,,,,,,,,,,,,,,,,,,,,,,,,,,,,,
124-125,844 C,Termoprotezione,844 C Z16,109925,120°C autoripristinanti,,,,,,,,,,,,,,,,,,,,,,,,,,,,,,
124-125,844 C,Peso,844 C Z16,109925,16.9 Kg,,,,,,,,,,,,,,,,,,,,,,,,,,,,,,
126-127,844 3PH,Tensione di alimentazione di rete,844 C 3PH,109928,380-415V~ 3 50/60 Hz,,,,,,,,,,,,,,,,,,,,,,,,,,,,,,
126-127,844 3PH,Motore elettrico,844 C 3PH,109928,Asincrono trifase,,,,,,,,,,,,,,,,,,,,,,,,,,,,,,
126-127,844 3PH,Potenza max,844 C 3PH,109928,950 W,,,,,,,,,,,,,,,,,,,,,,,,,,,,,,
126-127,844 3PH,Coppia max,844 C 3PH,109928,62 Nm (*),,,,,,,,,,,,,,,,,,,,,,,,,,,,,,
126-127,844 3PH,Forza max di spinta,844 C 3PH,109928,2500 N (Z12) - 1900 N (Z16) - 1500 N (Z20) (*),,,,,,,,,,,,,,,,,,,,,,,,,,,,,,
126-127,844 3PH,Rapporto di riduzione,844 C 3PH,109928,1:30,,,,,,,,,,,,,,,,,,,,,,,,,,,,,,
126-127,844 3PH,Larghezza max anta,844 C 3PH,109928,30 m (Z12) - 40 m (Z16) - 50 m (Z20),,,,,,,,,,,,,,,,,,,,,,,,,,,,,,
126-127,844 3PH,Velocità dell&apos;anta,844 C 3PH,109928,"9,5 m/min (Z16) - 7,2 m/min (Z12) - 12,0 m/min (Z20)",,,,,,,,,,,,,,,,,,,,,,,,,,,,,,
126-127,844 3PH,Regolazione velocità e controllo motore,844 C 3PH,109928,No,,,,,,,,,,,,,,,,,,,,,,,,,,,,,,
126-127,844 3PH,Finecorsa,844 C 3PH,109928,Induttivo con lamierino,,,,,,,,,,,,,,,,,,,,,,,,,,,,,,
126-127,844 3PH,Pignone,844 C 3PH,109928,No,,,,,,,,,,,,,,,,,,,,,,,,,,,,,,
126-127,844 3PH,Encoder,844 C 3PH,109928,No,,,,,,,,,,,,,,,,,,,,,,,,,,,,,,
126-127,844 3PH,Temperatura ambiente di esercizio,844 C 3PH,109928,-20°C ÷ +55°C,,,,,,,,,,,,,,,,,,,,,,,,,,,,,,
126-127,844 3PH,Termoprotezione,844 C 3PH,109928,155°C,,,,,,,,,,,,,,,,,,,,,,,,,,,,,,
126-127,844 3PH,Grado di protezione,844 C 3PH,109928,IP44,,,,,,,,,,,,,,,,,,,,,,,,,,,,,,
126-127,844 3PH,Peso,844 C 3PH,109928,15 Kg,,,,,,,,,,,,,,,,,,,,,,,,,,,,,,
126-127,844 3PH,Tipo di olio,844 C 3PH,109928,FAAC HP OIL,,,,,,,,,,,,,,,,,,,,,,,,,,,,,,
126-127,844 3PH,Dimensioni (LxPxH),844 C 3PH,109928,277 x 155 x 388 mm,,,,,,,,,,,,,,,,,,,,,,,,,,,,,,
126-127,844 3PH,Peso max anta,844 C 3PH,109928,2.200 Kg (Z12) - 1.600 Kg (Z16) - 1.000 Kg (Z20),,,,,,,,,,,,,,,,,,,,,,,,,,,,,,
126-127,844 3PH,Frequenza di utilizzo,844 C 3PH,109928,70%,,,,,,,,,,,,,,,,,,,,,,,,,,,,,,
126-127,844 3PH,Apparecchiatura elettronica,844 C 3PH,109928,Incorporata,,,,,,,,,,,,,,,,,,,,,,,,,,,,,,
128-129,884 MC 3PH,Tensione di alimentazione di rete,884 MC 3PH,109885,220-240V / 380-415V~ 3PH 50/60 Hz,,,,,,,,,,,,,,,,,,,,,,,,,,,,,,
128-129,884 MC 3PH,Motore elettrico,884 MC 3PH,109885,Asincrono trifase,,,,,,,,,,,,,,,,,,,,,,,,,,,,,,
128-129,884 MC 3PH,Potenza max,884 MC 3PH,109885,850 W,,,,,,,,,,,,,,,,,,,,,,,,,,,,,,
128-129,884 MC 3PH,Coppia max,884 MC 3PH,109885,0 ÷ 155 Nm (*),,,,,,,,,,,,,,,,,,,,,,,,,,,,,,
128-129,884 MC 3PH,Forza max di spinta,884 MC 3PH,109885,3.200 N (*),,,,,,,,,,,,,,,,,,,,,,,,,,,,,,
128-129,884 MC 3PH,Rapporto di riduzione,884 MC 3PH,109885,"1:43,2",,,,,,,,,,,,,,,,,,,,,,,,,,,,,,
128-129,884 MC 3PH,Larghezza max anta,884 MC 3PH,109885,42 m,,,,,,,,,,,,,,,,,,,,,,,,,,,,,,
128-129,884 MC 3PH,Regolazione velocità e controllo motore,884 MC 3PH,109885,No,,,,,,,,,,,,,,,,,,,,,,,,,,,,,,
128-129,884 MC 3PH,Finecorsa,884 MC 3PH,109885,Microinterrutore a levetta e rullino,,,,,,,,,,,,,,,,,,,,,,,,,,,,,,
128-129,884 MC 3PH,Pignone,884 MC 3PH,109885,No,,,,,,,,,,,,,,,,,,,,,,,,,,,,,,
128-129,884 MC 3PH,Encoder,884 MC 3PH,109885,No,,,,,,,,,,,,,,,,,,,,,,,,,,,,,,
128-129,884 MC 3PH,Regolazione della forza,884 MC 3PH,109885,Frizione bidisco in bagno d’olio,,,,,,,,,,,,,,,,,,,,,,,,,,,,,,
128-129,884 MC 3PH,Temperatura ambiente di esercizio,884 MC 3PH,109885,-20°C ÷ +65°C,,,,,,,,,,,,,,,,,,,,,,,,,,,,,,
128-129,884 MC 3PH,Termoprotezione,884 MC 3PH,109885,155°C,,,,,,,,,,,,,,,,,,,,,,,,,,,,,,
128-129,884 MC 3PH,Grado di protezione,884 MC 3PH,109885,IP55,,,,,,,,,,,,,,,,,,,,,,,,,,,,,,
128-129,884 MC 3PH,Peso,884 MC 3PH,109885,50 Kg,,,,,,,,,,,,,,,,,,,,,,,,,,,,,,
128-129,884 MC 3PH,Tipo di olio,884 MC 3PH,109885,FAAC HP OIL,,,,,,,,,,,,,,,,,,,,,,,,,,,,,,
128-129,884 MC 3PH,Dimensioni (LxPxH),884 MC 3PH,109885,430 x 310 x 586 mm,,,,,,,,,,,,,,,,,,,,,,,,,,,,,,
128-129,884 MC 3PH,Peso max anta,884 MC 3PH,109885,3.500 Kg,,,,,,,,,,,,,,,,,,,,,,,,,,,,,,
128-129,884 MC 3PH,Frequenza di utilizzo,884 MC 3PH,109885,100% (fino a 2.000 Kg) - 50% (oltre 2.000 Kg),,,,,,,,,,,,,,,,,,,,,,,,,,,,,,
128-129,884 MC 3PH,Apparecchiatura elettronica,884 MC 3PH,109885,E844 3PH incorporata,,,,,,,,,,,,,,,,,,,,,,,,,,,,,,
130-132,C851,Tensione di alimentazione di rete,C851,109903,220-240V~ 50/60 Hz,,,,,,,,,,,,,,,,,,,,,,,,,,,,,,
130-132,C851,Motore elettrico,C851,109903,1.1 KW trifase a quattro poli,,,,,,,,,,,,,,,,,,,,,,,,,,,,,,
130-132,C851,Tipo di motoriduttore,C851,109903,Vite senza fine con lubrificazione ad olio,,,,,,,,,,,,,,,,,,,,,,,,,,,,,,
130-132,C851,Potenza max,C851,109903,1.800 W,,,,,,,,,,,,,,,,,,,,,,,,,,,,,,
130-132,C851,Coppia max,C851,109903,168 Nm (*),,,,,,,,,,,,,,,,,,,,,,,,,,,,,,
130-132,C851,Forza max di spinta,C851,109903,3.000 N (*),,,,,,,,,,,,,,,,,,,,,,,,,,,,,,
130-132,C851,Larghezza max anta,C851,109903,20 m,,,,,,,,,,,,,,,,,,,,,,,,,,,,,,
130-132,C851,Velocità dell&apos;anta,C851,109903,20 ÷ 40 m/min (regolabile),,,,,,,,,,,,,,,,,,,,,,,,,,,,,,
130-132,C851,Regolazione velocità e controllo motore,C851,109903,Su scheda elettronica,,,,,,,,,,,,,,,,,,,,,,,,,,,,,,
130-132,C851,Finecorsa,C851,109903,meccanici integrati + magnetico,,,,,,,,,,,,,,,,,,,,,,,,,,,,,,
130-132,C851,Pignone,C851,109903,Z28 modulo 4,,,,,,,,,,,,,,,,,,,,,,,,,,,,,,
130-132,C851,Temperatura ambiente di esercizio,C851,109903,-20°C ÷ +55°C,,,,,,,,,,,,,,,,,,,,,,,,,,,,,,
130-132,C851,Termoprotezione,C851,109903,75°C,,,,,,,,,,,,,,,,,,,,,,,,,,,,,,
130-132,C851,Grado di protezione,C851,109903,IP54,,,,,,,,,,,,,,,,,,,,,,,,,,,,,,
130-132,C851,Peso,C851,109903,40 Kg,,,,,,,,,,,,,,,,,,,,,,,,,,,,,,
130-132,C851,Dimensioni (LxPxH),C851,109903,510 x 295 x 467 mm,,,,,,,,,,,,,,,,,,,,,,,,,,,,,,
130-132,C851,Peso max anta,C851,109903,1.800 Kg,,,,,,,,,,,,,,,,,,,,,,,,,,,,,,
130-132,C851,Frequenza di utilizzo,C851,109903,100% (T=25 °C),,,,,,,,,,,,,,,,,,,,,,,,,,,,,,
130-132,C851,Apparecchiatura elettronica,C851,109903,E850S incorporata,,,,,,,,,,,,,,,,,,,,,,,,,,,,,,
134-135,D600,Tensione di alimentazione di rete,D600,110600,220-240V~ 50/60 Hz,,,,,,,,,,,,,,,,,,,,,,,,,,,,,,
134-135,D600,Motore elettrico,D600,110600,Con spazzole 24V,,,,,,,,,,,,,,,,,,,,,,,,,,,,,,
134-135,D600,Potenza max,D600,110600,220 W,,,,,,,,,,,,,,,,,,,,,,,,,,,,,,
134-135,D600,Forza max di spinta,D600,110600,600 N,,,,,,,,,,,,,,,,,,,,,,,,,,,,,,
134-135,D600,Altezza min architrave,D600,110600,35 mm,,,,,,,,,,,,,,,,,,,,,,,,,,,,,,
134-135,D600,Luce di cortesia,D600,110600,230V - 40 W (max),,,,,,,,,,,,,,,,,,,,,,,,,,,,,,
134-135,D600,Temporizzazione lampada di cortesia,D600,110600,120 s,,,,,,,,,,,,,,,,,,,,,,,,,,,,,,
134-135,D600,Velocità max carrello,D600,110600,"6,6 m/min",,,,,,,,,,,,,,,,,,,,,,,,,,,,,,
134-135,D600,Velocità di rallentamento,D600,110600,"1,3 m/min",,,,,,,,,,,,,,,,,,,,,,,,,,,,,,
134-135,D600,Encoder,D600,110600,Elettronico,,,,,,,,,,,,,,,,,,,,,,,,,,,,,,
134-135,D600,Rumorosità,D600,110600,45 dbA,,,,,,,,,,,,,,,,,,,,,,,,,,,,,,
134-135,D600,Temperatura ambiente di esercizio,D600,110600,-20 °C ÷ +55 °C,,,,,,,,,,,,,,,,,,,,,,,,,,,,,,
134-135,D600,Grado di protezione,D600,110600,Solo per uso interno (IP20),,,,,,,,,,,,,,,,,,,,,,,,,,,,,,
134-135,D600,Peso,D600,110600,"6,2 Kg",,,,,,,,,,,,,,,,,,,,,,,,,,,,,,
134-135,D600,Dimensioni (LxPxH),D600,110600,360 x 200 x 145 mm,,,,,,,,,,,,,,,,,,,,,,,,,,,,,,
134-135,D600,Dimensione max porta (LxH),D600,110600,Vedi tabella BINARI A CINGHIA,,,,,,,,,,,,,,,,,,,,,,,,,,,,,,
134-135,D600,Apparecchiatura elettronica,D600,110600,E600 incorporata,,,,,,,,,,,,,,,,,,,,,,,,,,,,,,
134-135,D600,Frequenza di utilizzo,D600,110600,Uso continuo,,,,,,,,,,,,,,,,,,,,,,,,,,,,,,
136-137,D700 HS,Tensione di alimentazione di rete,D700 HS,110602,220-240V~ 50/60 Hz,,,,,,,,,,,,,,,,,,,,,,,,,,,,,,
136-137,D700 HS,Motore elettrico,D700 HS,110602,Con spazzole 24V,,,,,,,,,,,,,,,,,,,,,,,,,,,,,,
136-137,D700 HS,Potenza max,D700 HS,110602,440 W,,,,,,,,,,,,,,,,,,,,,,,,,,,,,,
136-137,D700 HS,Forza max di spinta,D700 HS,110602,700 N,,,,,,,,,,,,,,,,,,,,,,,,,,,,,,
136-137,D700 HS,Altezza min architrave,D700 HS,110602,35 mm,,,,,,,,,,,,,,,,,,,,,,,,,,,,,,
136-137,D700 HS,Luce di cortesia,D700 HS,110602,230V - 40 W (max),,,,,,,,,,,,,,,,,,,,,,,,,,,,,,
136-137,D700 HS,Temporizzazione lampada di cortesia,D700 HS,110602,120 s,,,,,,,,,,,,,,,,,,,,,,,,,,,,,,
136-137,D700 HS,Velocità max carrello,D700 HS,110602,12 m/min,,,,,,,,,,,,,,,,,,,,,,,,,,,,,,
136-137,D700 HS,Velocità di rallentamento,D700 HS,110602,"2,5 m/min",,,,,,,,,,,,,,,,,,,,,,,,,,,,,,
136-137,D700 HS,Encoder,D700 HS,110602,Elettronico,,,,,,,,,,,,,,,,,,,,,,,,,,,,,,
136-137,D700 HS,Rumorosità,D700 HS,110602,45 dbA,,,,,,,,,,,,,,,,,,,,,,,,,,,,,,
136-137,D700 HS,Temperatura ambiente di esercizio,D700 HS,110602,-20 °C ÷ +55 °C,,,,,,,,,,,,,,,,,,,,,,,,,,,,,,
136-137,D700 HS,Grado di protezione,D700 HS,110602,Solo per uso interno (IP20),,,,,,,,,,,,,,,,,,,,,,,,,,,,,,
136-137,D700 HS,Peso,D700 HS,110602,"6,3 Kg",,,,,,,,,,,,,,,,,,,,,,,,,,,,,,
136-137,D700 HS,Dimensioni (LxPxH),D700 HS,110602,360 x 200 x 145 mm,,,,,,,,,,,,,,,,,,,,,,,,,,,,,,
136-137,D700 HS,Dimensione max porta (LxH),D700 HS,110602,Vedi tabella BINARI A CINGHIA,,,,,,,,,,,,,,,,,,,,,,,,,,,,,,
136-137,D700 HS,Apparecchiatura elettronica,D700 HS,110602,E700HS incorporata,,,,,,,,,,,,,,,,,,,,,,,,,,,,,,
136-137,D700 HS,Frequenza di utilizzo,D700 HS,110602,Uso continuo,,,,,,,,,,,,,,,,,,,,,,,,,,,,,,
138-139,D1000,Tensione di alimentazione di rete,D1000,110601,220-240V~ 50/60 Hz,,,,,,,,,,,,,,,,,,,,,,,,,,,,,,
138-139,D1000,Motore elettrico,D1000,110601,Con spazzole 24V,,,,,,,,,,,,,,,,,,,,,,,,,,,,,,
138-139,D1000,Potenza max,D1000,110601,350 W,,,,,,,,,,,,,,,,,,,,,,,,,,,,,,
138-139,D1000,Forza max di spinta,D1000,110601,1000 N,,,,,,,,,,,,,,,,,,,,,,,,,,,,,,
138-139,D1000,Altezza min architrave,D1000,110601,35 mm,,,,,,,,,,,,,,,,,,,,,,,,,,,,,,
138-139,D1000,Luce di cortesia,D1000,110601,230V - 40 W (max),,,,,,,,,,,,,,,,,,,,,,,,,,,,,,
138-139,D1000,Temporizzazione lampada di cortesia,D1000,110601,120 s,,,,,,,,,,,,,,,,,,,,,,,,,,,,,,
138-139,D1000,Velocità max carrello,D1000,110601,"6,6 m/min",,,,,,,,,,,,,,,,,,,,,,,,,,,,,,
138-139,D1000,Velocità di rallentamento,D1000,110601,"1,3 m/min",,,,,,,,,,,,,,,,,,,,,,,,,,,,,,
138-139,D1000,Encoder,D1000,110601,Elettronico,,,,,,,,,,,,,,,,,,,,,,,,,,,,,,
138-139,D1000,Rumorosità,D1000,110601,45 dbA,,,,,,,,,,,,,,,,,,,,,,,,,,,,,,
138-139,D1000,Temperatura ambiente di esercizio,D1000,110601,-20 °C ÷ +55 °C,,,,,,,,,,,,,,,,,,,,,,,,,,,,,,
138-139,D1000,Grado di protezione,D1000,110601,Solo per uso interno (IP20),,,,,,,,,,,,,,,,,,,,,,,,,,,,,,
138-139,D1000,Peso,D1000,110601,"6,4 Kg",,,,,,,,,,,,,,,,,,,,,,,,,,,,,,
138-139,D1000,Dimensioni (LxPxH),D1000,110601,360 x 200 x 145 mm,,,,,,,,,,,,,,,,,,,,,,,,,,,,,,
138-139,D1000,Dimensione max porta (LxH),D1000,110601,Vedi tabella BINARI A CINGHIA,,,,,,,,,,,,,,,,,,,,,,,,,,,,,,
138-139,D1000,Apparecchiatura elettronica,D1000,110601,E1000 integrata,,,,,,,,,,,,,,,,,,,,,,,,,,,,,,
138-139,D1000,Frequenza di utilizzo,D1000,110601,Uso continuo,,,,,,,,,,,,,,,,,,,,,,,,,,,,,,
148-149,550,Tensione di alimentazione di rete,550 ITT,110549,220-240V~ 50/60 Hz,550 Slave,110553,220-240V~ 50/60 Hz,550 L ITT,110562,220-240V~ 50/60 Hz,550 L Slave,110558,220-240V~ 50/60 Hz,,,,,,,,,,,,,,,,,,,,,
148-149,550,Motore elettrico,550 ITT,110549,Asincrono monofase,550 Slave,110553,Asincrono monofase,550 L ITT,110562,Asincrono monofase,550 L Slave,110558,Asincrono monofase,,,,,,,,,,,,,,,,,,,,,
148-149,550,Potenza max,550 ITT,110549,350 W,550 Slave,110553,350 W,550 L ITT,110562,280 W,550 L Slave,110558,280 W,,,,,,,,,,,,,,,,,,,,,
148-149,550,Coppia max,550 ITT,110549,300 Nm (*),550 Slave,110553,300 Nm (*),550 L ITT,110562,250 Nm (*),550 L Slave,110558,250 Nm (*),,,,,,,,,,,,,,,,,,,,,
148-149,550,Velocità angolare max,550 ITT,110549,12 °/s (*),550 Slave,110553,12 °/s (*),550 L ITT,110562,8 °/s (*),550 L Slave,110558,8 °/s (*),,,,,,,,,,,,,,,,,,,,,
148-149,550,Tempo di apertura,550 ITT,110549,15 s,550 Slave,110553,15 s,550 L ITT,110562,22 s,550 L Slave,110558,22 s,,,,,,,,,,,,,,,,,,,,,
148-149,550,Encoder,550 ITT,110549,Ottico,550 Slave,110553,Ottico,550 L ITT,110562,Ottico,550 L Slave,110558,Ottico,,,,,,,,,,,,,,,,,,,,,
148-149,550,Temperatura ambiente di esercizio,550 ITT,110549,-20 °C ÷ +55 °C,550 Slave,110553,-20 °C ÷ +55 °C,550 L ITT,110562,-20 °C ÷ +55 °C,550 L Slave,110558,-20 °C ÷ +55 °C,,,,,,,,,,,,,,,,,,,,,
148-149,550,Termoprotezione,550 ITT,110549,140 °C,550 Slave,110553,140 °C,550 L ITT,110562,140 °C,550 L Slave,110558,140 °C,,,,,,,,,,,,,,,,,,,,,
148-149,550,Grado di protezione,550 ITT,110549,Solo per uso interno (IP31),550 Slave,110553,Solo per uso interno (IP31),550 L ITT,110562,Solo per uso interno (IP31),550 L Slave,110558,Solo per uso interno (IP31),,,,,,,,,,,,,,,,,,,,,
148-149,550,Peso,550 ITT,110549,"7,5 Kg",550 Slave,110553,"7,5 Kg",550 L ITT,110562,"7,5 Kg",550 L Slave,110558,"7,5 Kg",,,,,,,,,,,,,,,,,,,,,
148-149,550,Dimensioni (LxPxH),550 ITT,110549,670 x 175 x 120 mm,550 Slave,110553,670 x 175 x 120 mm,550 L ITT,110562,670 x 175 x 120 mm,550 L Slave,110558,670 x 175 x 120 mm,,,,,,,,,,,,,,,,,,,,,
148-149,550,Dimensione max porta (LxH),550 ITT,110549,"3,00 x 2,70 (**)",550 Slave,110553,"4,00 x 3,00 (**)",550 L ITT,110562,"3,00 x 2,70 (**)",550 L Slave,110558,"4,00 x 3,00 (**)",,,,,,,,,,,,,,,,,,,,,
148-149,550,Peso max porta,550 ITT,110549,10 Kg/mq,550 Slave,110553,10 Kg/mq,550 L ITT,110562,10 Kg/mq,550 L Slave,110558,10 Kg/mq,,,,,,,,,,,,,,,,,,,,,
148-149,550,Apparecchiatura elettronica,550 ITT,110549,E550 incorporata,550 Slave,110553,Non compresa,550 L ITT,110562,E550 incorporata,550 L Slave,110558,Non compresa,,,,,,,,,,,,,,,,,,,,,
148-149,550,Frequenza di utilizzo,550 ITT,110549,S3 - 30%,550 Slave,110553,S3 - 30%,550 L ITT,110562,S3 - 30%,550 L Slave,110558,S3 - 30%,,,,,,,,,,,,,,,,,,,,,
150-152,580 - 593,Tensione di alimentazione di rete,580,104501,220-240V~ 50/60 Hz,593,110597,220-240V~ 50/60 Hz,,,,,,,,,,,,,,,,,,,,,,,,,,,
150-152,580 - 593,Motore elettrico,580,104501,Asincrono monofase,593,110597,Asincrono monofase,,,,,,,,,,,,,,,,,,,,,,,,,,,
150-152,580 - 593,Potenza max,580,104501,220 W,593,110597,220 W,,,,,,,,,,,,,,,,,,,,,,,,,,,
150-152,580 - 593,Coppia max,580,104501,450 Nm (*),593,110597,400 Nm (*),,,,,,,,,,,,,,,,,,,,,,,,,,,
150-152,580 - 593,Portata gruppo motore-pompa,580,104501,"0,75 lpm (*)",593,110597,"0,75 lpm (*)",,,,,,,,,,,,,,,,,,,,,,,,,,,
150-152,580 - 593,Velocità angolare max,580,104501,9°15&apos;/s (*),593,110597,9°15&apos;/s (*),,,,,,,,,,,,,,,,,,,,,,,,,,,
150-152,580 - 593,Tempo di apertura,580,104501,20,593,110597,20,,,,,,,,,,,,,,,,,,,,,,,,,,,
150-152,580 - 593,Temperatura ambiente di esercizio,580,104501,-20 °C ÷ +55 °C,593,110597,-20 °C ÷ +55 °C,,,,,,,,,,,,,,,,,,,,,,,,,,,
150-152,580 - 593,Termoprotezione,580,104501,120 °C,593,110597,120 °C,,,,,,,,,,,,,,,,,,,,,,,,,,,
150-152,580 - 593,Grado di protezione,580,104501,IP55,593,110597,IP55,,,,,,,,,,,,,,,,,,,,,,,,,,,
150-152,580 - 593,Tipo di olio,580,104501,FAAC HP OIL,593,110597,FAAC HP OIL,,,,,,,,,,,,,,,,,,,,,,,,,,,
150-152,580 - 593,Peso,580,104501,12 Kg,593,110597,10 Kg,,,,,,,,,,,,,,,,,,,,,,,,,,,
150-152,580 - 593,Dimensioni (LxPxH),580,104501,480 x 96 x 110 mm,593,110597,500 x 148 x 93 mm,,,,,,,,,,,,,,,,,,,,,,,,,,,
150-152,580 - 593,Dimensione max porta (LxH),580,104501,"3,50 x 3,00 (**)",593,110597,"3,50 x 2,70 5,00 X 3,00 (con due attuatori)",,,,,,,,,,,,,,,,,,,,,,,,,,,
150-152,580 - 593,Peso max porta,580,104501,15 Kg/mq,593,110597,15 Kg/mq,,,,,,,,,,,,,,,,,,,,,,,,,,,
150-152,580 - 593,Apparecchiatura elettronica,580,104501,Non compresa,593,110597,Non compresa,,,,,,,,,,,,,,,,,,,,,,,,,,,
150-152,580 - 593,Frequenza di utilizzo,580,104501,60 cicli/ora,593,110597,50 cicli/ora,,,,,,,,,,,,,,,,,,,,,,,,,,,
154-155,390 230V,Tensione di alimentazione di rete,390 230V,104570,220-240V~ 50/60 Hz,,,,,,,,,,,,,,,,,,,,,,,,,,,,,,
154-155,390 230V,Motore elettrico,390 230V,104570,Asincrono monofase,,,,,,,,,,,,,,,,,,,,,,,,,,,,,,
154-155,390 230V,Potenza max,390 230V,104570,280 W,,,,,,,,,,,,,,,,,,,,,,,,,,,,,,
154-155,390 230V,Coppia max,390 230V,104570,250 Nm (*),,,,,,,,,,,,,,,,,,,,,,,,,,,,,,
154-155,390 230V,Velocità angolare max,390 230V,104570,8 °/s (*),,,,,,,,,,,,,,,,,,,,,,,,,,,,,,
154-155,390 230V,Angolo max apertura anta,390 230V,104570,120°,,,,,,,,,,,,,,,,,,,,,,,,,,,,,,
154-155,390 230V,Temperatura ambiente di esercizio,390 230V,104570,-20°C ÷ +55°C,,,,,,,,,,,,,,,,,,,,,,,,,,,,,,
154-155,390 230V,Termoprotezione,390 230V,104570,140°C,,,,,,,,,,,,,,,,,,,,,,,,,,,,,,
154-155,390 230V,Grado di protezione,390 230V,104570,IP44,,,,,,,,,,,,,,,,,,,,,,,,,,,,,,
154-155,390 230V,Peso,390 230V,104570,"11,5 Kg",,,,,,,,,,,,,,,,,,,,,,,,,,,,,,
154-155,390 230V,Frequenza di utilizzo,390 230V,104570,S3 - 30%,,,,,,,,,,,,,,,,,,,,,,,,,,,,,,
154-155,390 230V,Larghezza max anta,390 230V,104570,"1,8 m (3 m con elettroserratura)",,,,,,,,,,,,,,,,,,,,,,,,,,,,,,
154-155,390 230V,Dimensioni (LxPxH),390 230V,104570,412 x 133 x 134 mm,,,,,,,,,,,,,,,,,,,,,,,,,,,,,,
154-155,390 230V,Apparecchiatura elettronica,390 230V,104570,Non compresa,,,,,,,,,,,,,,,,,,,,,,,,,,,,,,
156-157,560,Tensione di alimentazione di rete,560 CBAC,104561,220-240V~ 50/60 Hz,560 SB,104562,220-240V~ 50/60 Hz,,,,,,,,,,,,,,,,,,,,,,,,,,,
156-157,560,Motore elettrico,560 CBAC,104561,Asincrono monofase,560 SB,104562,Asincrono monofase,,,,,,,,,,,,,,,,,,,,,,,,,,,
156-157,560,Potenza max,560 CBAC,104561,220 W,560 SB,104562,220 W,,,,,,,,,,,,,,,,,,,,,,,,,,,
156-157,560,Forza max di spinta,560 CBAC,104561,-,560 SB,104562,-,,,,,,,,,,,,,,,,,,,,,,,,,,,
156-157,560,Coppia max,560 CBAC,104561,320 Nm (*),560 SB,104562,320 Nm (*),,,,,,,,,,,,,,,,,,,,,,,,,,,
156-157,560,Velocità angolare max,560 CBAC,104561,"12,4 °/s (*)",560 SB,104562,"12,4 °/s (*)",,,,,,,,,,,,,,,,,,,,,,,,,,,
156-157,560,Portata gruppo motore-pompa,560 CBAC,104561,1 lpm (*),560 SB,104562,1 lpm (*),,,,,,,,,,,,,,,,,,,,,,,,,,,
156-157,560,Temperatura ambiente di esercizio,560 CBAC,104561,-20 °C ÷ +55 °C,560 SB,104562,-20 °C ÷ +55 °C,,,,,,,,,,,,,,,,,,,,,,,,,,,
156-157,560,Termoprotezione,560 CBAC,104561,120°C,560 SB,104562,120°C,,,,,,,,,,,,,,,,,,,,,,,,,,,
156-157,560,Grado di protezione,560 CBAC,104561,IP55,560 SB,104562,IP55,,,,,,,,,,,,,,,,,,,,,,,,,,,
156-157,560,Tipo di olio,560 CBAC,104561,FAAC HP OIL,560 SB,104562,FAAC HP OIL,,,,,,,,,,,,,,,,,,,,,,,,,,,
156-157,560,Peso,560 CBAC,104561,12 Kg,560 SB,104562,12 Kg,,,,,,,,,,,,,,,,,,,,,,,,,,,
156-157,560,Dimensioni (LxPxH),560 CBAC,104561,480 x 85 x 110 mm,560 SB,104562,480 x 85 x 110 mm,,,,,,,,,,,,,,,,,,,,,,,,,,,
156-157,560,Apparecchiatura elettronica,560 CBAC,104561,Non compresa,560 SB,104562,Non compresa,,,,,,,,,,,,,,,,,,,,,,,,,,,
156-157,560,Larghezza max anta,560 CBAC,104561,"1,50 m (singolo pannello)",560 SB,104562,"2,00 m (singolo pannello)",,,,,,,,,,,,,,,,,,,,,,,,,,,
156-157,560,Frequenza di utilizzo,560 CBAC,104561,80 cicli/ora,560 SB,104562,80 cicli/ora,,,,,,,,,,,,,,,,,,,,,,,,,,,
160-163,B614,Tensione di alimentazione di rete,B614,104614,220-240V ~ 50/60 Hz,,,,,,,,,,,,,,,,,,,,,,,,,,,,,,
160-163,B614,Motore elettrico,B614,104614,Con spazzole 24V,,,,,,,,,,,,,,,,,,,,,,,,,,,,,,
160-163,B614,Potenza max,B614,104614,165 W,,,,,,,,,,,,,,,,,,,,,,,,,,,,,,
160-163,B614,Coppia max,B614,104614,300 Nm,,,,,,,,,,,,,,,,,,,,,,,,,,,,,,
160-163,B614,Tipo di materiale,B614,104614,Acciaio,,,,,,,,,,,,,,,,,,,,,,,,,,,,,,
160-163,B614,Tipo di trattamento,B614,104614,Prezincatura spessore 20μm + verniciatura a polvere in poliestere,,,,,,,,,,,,,,,,,,,,,,,,,,,,,,
160-163,B614,Encoder,B614,104614,Incrementale integrato nel motore,,,,,,,,,,,,,,,,,,,,,,,,,,,,,,
160-163,B614,Tipo di rallentamento,B614,104614,Elettronico + meccanico,,,,,,,,,,,,,,,,,,,,,,,,,,,,,,
160-163,B614,Tipo di asta,B614,104614,Rettangolare e tonda,,,,,,,,,,,,,,,,,,,,,,,,,,,,,,
160-163,B614,Temperatura ambiente di esercizio,B614,104614,-20°C ÷ +55°C,,,,,,,,,,,,,,,,,,,,,,,,,,,,,,
160-163,B614,Grado di protezione,B614,104614,IP55 (scheda di controllo) - IP44,,,,,,,,,,,,,,,,,,,,,,,,,,,,,,
160-163,B614,Peso,B614,104614,40 Kg,,,,,,,,,,,,,,,,,,,,,,,,,,,,,,
160-163,B614,Dimensioni (LxPxH),B614,104614,360 x 250 x 1163 mm (Base di installazione 305 x 230 mm),,,,,,,,,,,,,,,,,,,,,,,,,,,,,,
160-163,B614,Lunghezza max asta,B614,104614,6 m,,,,,,,,,,,,,,,,,,,,,,,,,,,,,,
160-163,B614,Tempo di apertura,B614,104614,&lt; 2 s (80°- 3m),,,,,,,,,,,,,,,,,,,,,,,,,,,,,,
160-163,B614,Frequenza di utilizzo,B614,104614,Utilizzo continuo,,,,,,,,,,,,,,,,,,,,,,,,,,,,,,
160-163,B614,Apparecchiatura elettronica,B614,104614,E614,,,,,,,,,,,,,,,,,,,,,,,,,,,,,,
164-167,615BPR,Tensione di alimentazione di rete,615BPR Standard,104906,220-240V~ 50/60 Hz,,,,,,,,,,,,,,,,,,,,,,,,,,,,,,
164-167,615BPR,Motore elettrico,615BPR Standard,104906,Asincrono monofase,,,,,,,,,,,,,,,,,,,,,,,,,,,,,,
164-167,615BPR,Velocità di rotazione motore,615BPR Standard,104906,1.400 rpm (*),,,,,,,,,,,,,,,,,,,,,,,,,,,,,,
164-167,615BPR,Potenza max,615BPR Standard,104906,220 W,,,,,,,,,,,,,,,,,,,,,,,,,,,,,,
164-167,615BPR,Coppia max,615BPR Standard,104906,0 ÷ 400 Nm (*),,,,,,,,,,,,,,,,,,,,,,,,,,,,,,
164-167,615BPR,Portata gruppo motore-pompa,615BPR Standard,104906,"1,5 lpm (*)",,,,,,,,,,,,,,,,,,,,,,,,,,,,,,
164-167,615BPR,Tipo di materiale,615BPR Standard,104906,Acciaio,,,,,,,,,,,,,,,,,,,,,,,,,,,,,,
164-167,615BPR,Tipo di trattamento,615BPR Standard,104906,Primer anticorrosivo 100 microns + Verniciatura in poliestere RAL 2004 - RAL 9006,,,,,,,,,,,,,,,,,,,,,,,,,,,,,,
164-167,615BPR,Encoder,615BPR Standard,104906,No - sicurezza oleodinamica antischiacciamento,,,,,,,,,,,,,,,,,,,,,,,,,,,,,,
164-167,615BPR,Tipo di rallentamento,615BPR Standard,104906,Elettronico - Regolabile,,,,,,,,,,,,,,,,,,,,,,,,,,,,,,
164-167,615BPR,Tipo di asta,615BPR Standard,104906,Rettangolare - Rettangolare con siepe - Rettangolare articolata - Tonda con luci,,,,,,,,,,,,,,,,,,,,,,,,,,,,,,
164-167,615BPR,Temperatura ambiente di esercizio,615BPR Standard,104906,-20°C ÷ +55°C,,,,,,,,,,,,,,,,,,,,,,,,,,,,,,
164-167,615BPR,Termoprotezione,615BPR Standard,104906,120°C,,,,,,,,,,,,,,,,,,,,,,,,,,,,,,
164-167,615BPR,Raffreddamento,615BPR Standard,104906,-,,,,,,,,,,,,,,,,,,,,,,,,,,,,,,
164-167,615BPR,Grado di protezione,615BPR Standard,104906,IP44,,,,,,,,,,,,,,,,,,,,,,,,,,,,,,
164-167,615BPR,Peso,615BPR Standard,104906,34 Kg,,,,,,,,,,,,,,,,,,,,,,,,,,,,,,
164-167,615BPR,Tipo di olio,615BPR Standard,104906,FAAC HP OIL,,,,,,,,,,,,,,,,,,,,,,,,,,,,,,
164-167,615BPR,Dimensioni (LxPxH),615BPR Standard,104906,270 x 140 x 1015 mm,,,,,,,,,,,,,,,,,,,,,,,,,,,,,,
164-167,615BPR,Lunghezza max asta,615BPR Standard,104906,5 m,,,,,,,,,,,,,,,,,,,,,,,,,,,,,,
164-167,615BPR,Tempo di apertura,615BPR Standard,104906,"5,7 s (90°)",,,,,,,,,,,,,,,,,,,,,,,,,,,,,,
164-167,615BPR,Frequenza di utilizzo,615BPR Standard,104906,50%,,,,,,,,,,,,,,,,,,,,,,,,,,,,,,
164-167,615BPR,Apparecchiatura elettronica,615BPR Standard,104906,615BPR incorporata,,,,,,,,,,,,,,,,,,,,,,,,,,,,,,
168-171,620 Standard,Tensione di alimentazione di rete,620 Standard,,220-240V~ 50/60 Hz,,,,,,,,,,,,,,,,,,,,,,,,,,,,,,
168-171,620 Standard,Motore elettrico,620 Standard,,Asincrono monofase,,,,,,,,,,,,,,,,,,,,,,,,,,,,,,
168-171,620 Standard,Velocità di rotazione motore,620 Standard,,1400 rpm (*),,,,,,,,,,,,,,,,,,,,,,,,,,,,,,
168-171,620 Standard,Potenza max,620 Standard,,220 W,,,,,,,,,,,,,,,,,,,,,,,,,,,,,,
168-171,620 Standard,Coppia max,620 Standard,,0 ÷ 220 / 0 ÷ 180 Nm (*),,,,,,,,,,,,,,,,,,,,,,,,,,,,,,
168-171,620 Standard,Portata gruppo motore-pompa,620 Standard,,"0,75-1 lpm (*)",,,,,,,,,,,,,,,,,,,,,,,,,,,,,,
168-171,620 Standard,Tipo di materiale,620 Standard,,Acciaio,,,,,,,,,,,,,,,,,,,,,,,,,,,,,,
168-171,620 Standard,Tipo di trattamento,620 Standard,,Primer anticorrosivo 100 microns + Verniciatura in poliestere RAL 2004,,,,,,,,,,,,,,,,,,,,,,,,,,,,,,
168-171,620 Standard,Encoder,620 Standard,,No - sicurezza oleodinamica antischiacciamento,,,,,,,,,,,,,,,,,,,,,,,,,,,,,,
168-171,620 Standard,Tipo di rallentamento,620 Standard,,Elettronico - Regolabile con camme,,,,,,,,,,,,,,,,,,,,,,,,,,,,,,
168-171,620 Standard,Tipo di asta,620 Standard,,Rettangolare - Rettangolare con siepe - Articolata - Tonda - Tonda pivottante,,,,,,,,,,,,,,,,,,,,,,,,,,,,,,
168-171,620 Standard,Temperatura ambiente di esercizio,620 Standard,,-20°C ÷ +55°C,,,,,,,,,,,,,,,,,,,,,,,,,,,,,,
168-171,620 Standard,Termoprotezione,620 Standard,,120°C,,,,,,,,,,,,,,,,,,,,,,,,,,,,,,
168-171,620 Standard,Raffreddamento,620 Standard,,-,,,,,,,,,,,,,,,,,,,,,,,,,,,,,,
168-171,620 Standard,Grado di protezione,620 Standard,,IP44,,,,,,,,,,,,,,,,,,,,,,,,,,,,,,
168-171,620 Standard,Peso,620 Standard,,73 Kg,,,,,,,,,,,,,,,,,,,,,,,,,,,,,,
168-171,620 Standard,Tipo di olio,620 Standard,,FAAC HP OIL,,,,,,,,,,,,,,,,,,,,,,,,,,,,,,
168-171,620 Standard,Dimensioni (LxPxH),620 Standard,,350 x 170 x 1080 mm,,,,,,,,,,,,,,,,,,,,,,,,,,,,,,
168-171,620 Standard,Lunghezza max asta,620 Standard,,5 m,,,,,,,,,,,,,,,,,,,,,,,,,,,,,,
168-171,620 Standard,Tempo di apertura,620 Standard,,"3,5 s (90° - 3 m) - 4,5 s (90° - 4 m)",,,,,,,,,,,,,,,,,,,,,,,,,,,,,,
168-171,620 Standard,Frequenza di utilizzo,620 Standard,,70%,,,,,,,,,,,,,,,,,,,,,,,,,,,,,,
168-171,620 Standard,Apparecchiatura elettronica,620 Standard,,624BLD incorporata,,,,,,,,,,,,,,,,,,,,,,,,,,,,,,
172-175,620 Rapida,Tensione di alimentazione di rete,620 Rapida,,220-240V~ 50/60 Hz,,,,,,,,,,,,,,,,,,,,,,,,,,,,,,
172-175,620 Rapida,Motore elettrico,620 Rapida,,Asincrono monofase,,,,,,,,,,,,,,,,,,,,,,,,,,,,,,
172-175,620 Rapida,Velocità di rotazione motore,620 Rapida,,1.400 - 2.800 rpm (*),,,,,,,,,,,,,,,,,,,,,,,,,,,,,,
172-175,620 Rapida,Potenza max,620 Rapida,,220 W,,,,,,,,,,,,,,,,,,,,,,,,,,,,,,
172-175,620 Rapida,Coppia max,620 Rapida,,0 ÷ 150 / 0 ÷ 140 Nm (*),,,,,,,,,,,,,,,,,,,,,,,,,,,,,,
172-175,620 Rapida,Portata gruppo motore-pompa,620 Rapida,,"1,5 - 2 lpm (*)",,,,,,,,,,,,,,,,,,,,,,,,,,,,,,
172-175,620 Rapida,Tipo di materiale,620 Rapida,,Acciaio,,,,,,,,,,,,,,,,,,,,,,,,,,,,,,
172-175,620 Rapida,Tipo di trattamento,620 Rapida,,Primer anticorrosivo 100 microns + Verniciatura in poliestere RAL 2004,,,,,,,,,,,,,,,,,,,,,,,,,,,,,,
172-175,620 Rapida,Encoder,620 Rapida,,No - sicurezza oleodinamica antischiacciamento,,,,,,,,,,,,,,,,,,,,,,,,,,,,,,
172-175,620 Rapida,Tipo di rallentamento,620 Rapida,,Elettronico - Regolabile con camme,,,,,,,,,,,,,,,,,,,,,,,,,,,,,,
172-175,620 Rapida,Tipo di asta,620 Rapida,,Rettangolare - Articolata - Tonda - Tonda pivottante,,,,,,,,,,,,,,,,,,,,,,,,,,,,,,
172-175,620 Rapida,Temperatura ambiente di esercizio,620 Rapida,,-20°C ÷ +55°C,,,,,,,,,,,,,,,,,,,,,,,,,,,,,,
172-175,620 Rapida,Termoprotezione,620 Rapida,,120°C,,,,,,,,,,,,,,,,,,,,,,,,,,,,,,
172-175,620 Rapida,Raffreddamento,620 Rapida,,Ad aria forzata,,,,,,,,,,,,,,,,,,,,,,,,,,,,,,
172-175,620 Rapida,Grado di protezione,620 Rapida,,IP44,,,,,,,,,,,,,,,,,,,,,,,,,,,,,,
172-175,620 Rapida,Peso,620 Rapida,,73 Kg,,,,,,,,,,,,,,,,,,,,,,,,,,,,,,
172-175,620 Rapida,Tipo di olio,620 Rapida,,FAAC HP OIL,,,,,,,,,,,,,,,,,,,,,,,,,,,,,,
172-175,620 Rapida,Dimensioni (LxPxH),620 Rapida,,350 x 170 x 1080 mm,,,,,,,,,,,,,,,,,,,,,,,,,,,,,,
172-175,620 Rapida,Lunghezza max asta,620 Rapida,,"3,8 m",,,,,,,,,,,,,,,,,,,,,,,,,,,,,,
172-175,620 Rapida,Tempo di apertura,620 Rapida,,2 s (90° - 3 m) - 3 s (90° - 4 m),,,,,,,,,,,,,,,,,,,,,,,,,,,,,,
172-175,620 Rapida,Frequenza di utilizzo,620 Rapida,,100%,,,,,,,,,,,,,,,,,,,,,,,,,,,,,,
172-175,620 Rapida,Apparecchiatura elettronica,620 Rapida,,624BLD incorporata,,,,,,,,,,,,,,,,,,,,,,,,,,,,,,
176-179,B680H,Tensione di alimentazione di rete,B680H,104680,Switching: 100 ÷ 240V~ 50/60 Hz,,,,,,,,,,,,,,,,,,,,,,,,,,,,,,
176-179,B680H,Motore elettrico,B680H,104680,Brushless 36V,,,,,,,,,,,,,,,,,,,,,,,,,,,,,,
176-179,B680H,Velocità di rotazione motore,B680H,104680,1.000 ÷ 6.000 rpm,,,,,,,,,,,,,,,,,,,,,,,,,,,,,,
176-179,B680H,Potenza max,B680H,104680,240 W,,,,,,,,,,,,,,,,,,,,,,,,,,,,,,
176-179,B680H,Portata gruppo motore-pompa,B680H,104680,"3,2 lpm",,,,,,,,,,,,,,,,,,,,,,,,,,,,,,
176-179,B680H,Tipo di materiale,B680H,104680,Acciaio,,,,,,,,,,,,,,,,,,,,,,,,,,,,,,
176-179,B680H,Tipo di trattamento,B680H,104680,Primer anticorrosivo 100 microns + Verniciatura in poliestere o cofano INOX,,,,,,,,,,,,,,,,,,,,,,,,,,,,,,
176-179,B680H,Encoder,B680H,104680,Encoder magnetico assoluto,,,,,,,,,,,,,,,,,,,,,,,,,,,,,,
176-179,B680H,Tipo di rallentamento,B680H,104680,Elettronico - tramite encoder,,,,,,,,,,,,,,,,,,,,,,,,,,,,,,
176-179,B680H,Tipo di asta,B680H,104680,Tonda,,,,,,,,,,,,,,,,,,,,,,,,,,,,,,
176-179,B680H,Temperatura ambiente di esercizio,B680H,104680,-20°C ÷ +65°C,,,,,,,,,,,,,,,,,,,,,,,,,,,,,,
176-179,B680H,Grado di protezione,B680H,104680,IP56 (attestato TÜV),,,,,,,,,,,,,,,,,,,,,,,,,,,,,,
176-179,B680H,Peso,B680H,104680,85 Kg (65 Kg montante + 20 Kg cofano),,,,,,,,,,,,,,,,,,,,,,,,,,,,,,
176-179,B680H,Tipo di olio,B680H,104680,FAAC HP OIL,,,,,,,,,,,,,,,,,,,,,,,,,,,,,,
176-179,B680H,Dimensioni (LxPxH),B680H,104680,469 x 279 x 1100 mm,,,,,,,,,,,,,,,,,,,,,,,,,,,,,,
176-179,B680H,Lunghezza max asta,B680H,104680,2 ÷ 8 m,,,,,,,,,,,,,,,,,,,,,,,,,,,,,,
176-179,B680H,Tempo di apertura,B680H,104680,"1,5 s (90° - 2m) - 6 s (90° - 8m)",,,,,,,,,,,,,,,,,,,,,,,,,,,,,,
176-179,B680H,Frequenza di utilizzo,B680H,104680,100%,,,,,,,,,,,,,,,,,,,,,,,,,,,,,,
176-179,B680H,Apparecchiatura elettronica,B680H,104680,E680,,,,,,,,,,,,,,,,,,,,,,,,,,,,,,
187,Contenitori,Grado di protezione,Contenitore Mod. L,720118,IP55,,,,,,,,,,,,,,,,,,,,,,,,,,,,,,
187,Contenitori,Chiusura coperchio,Contenitore Mod. L,720118,Serratura a chiave triangolare di serie,,,,,,,,,,,,,,,,,,,,,,,,,,,,,,
187,Contenitori,Dimensioni (LxPxH),Contenitore Mod. L,720118,213 x 118 x 270 mm,,,,,,,,,,,,,,,,,,,,,,,,,,,,,,
187,Contenitori,Grado di protezione,Contenitore Mod. E,720119,IP55,,,,,,,,,,,,,,,,,,,,,,,,,,,,,,
187,Contenitori,Chiusura coperchio,Contenitore Mod. E,720119,Con 4 viti autofilettanti,,,,,,,,,,,,,,,,,,,,,,,,,,,,,,
187,Contenitori,Dimensioni (LxPxH),Contenitore Mod. E,720119,204 x 85 x 265 mm,,,,,,,,,,,,,,,,,,,,,,,,,,,,,,
187,Contenitori,Grado di protezione,Contenitore Mod. LM,720309,IP55,,,,,,,,,,,,,,,,,,,,,,,,,,,,,,
187,Contenitori,Chiusura coperchio,Contenitore Mod. LM,720309,Serratura a chiave triangolare di serie,,,,,,,,,,,,,,,,,,,,,,,,,,,,,,
187,Contenitori,Dimensioni (LxPxH),Contenitore Mod. LM,720309,246 x 142 x 353 mm,,,,,,,,,,,,,,,,,,,,,,,,,,,,,,
188-194,Schede elettroniche,scheda elettronica,Barriere,,624BLD,,,E614,,,,Barriere,,624BLD,,,615 BPR,,,E680S,SERRANDE,,200MPS,,,,,,,,,,,,
188-194,Schede elettroniche,Motore Elettrico,Barriere,,230V~,,,24V,,,,Barriere,,230V~,,,230V~,,,36V,SERRANDE,,230V,,,,,,,,,,,,
188-194,Schede elettroniche,Display di programmazione,Barriere,,●,,,●,,,,Barriere,,●,,,,,,●,SERRANDE,,●,,,,,,,,,,,,
188-194,Schede elettroniche,Logiche di funzionamento &quot;automatiche-semiautomatiche&quot;,Barriere,,●,,,●,,,,Barriere,,●,,,●,,,●,SERRANDE,,●,,,,,,,,,,,,
188-194,Schede elettroniche,Logiche di funzionamento &quot;a uomo presente&quot;,Barriere,,●,,,●,,,,Barriere,,●,,,●,,,●,SERRANDE,,●,,,,,,,,,,,,
188-194,Schede elettroniche,Logiche di funzionamento &quot;personalizzabili&quot;,Barriere,,●,,,,,,,Barriere,,●,,,,,,●,SERRANDE,,●,,,,,,,,,,,,
188-194,Schede elettroniche,Ingresso SIcurezza,Barriere,,●,,,●,,,,Barriere,,●,,,●,,,●,SERRANDE,,●,,,,,,,,,,,,
188-194,Schede elettroniche,Logiche di funzionamento delle Sicurezze,Barriere,,,,,,,,,Barriere,,,,,,,,,SERRANDE,,,,,,,,,,,,,,
188-194,Schede elettroniche,Uscita stato automazione,Barriere,,●,,,●,,,,Barriere,,●,,,,,,●,SERRANDE,,●,,,,,,,,,,,,
188-194,Schede elettroniche,Lampada spia,Barriere,,●,,,●,,,,Barriere,,●,,,,,,●,SERRANDE,,●,,,,,,,,,,,,
188-194,Schede elettroniche,Lampada di cortesia o contatto temporizzato,Barriere,,,,,●,,,,Barriere,,,,,●,,,,SERRANDE,,,,,,,,,,,,,,
188-194,Schede elettroniche,Finecorsa elettrico/elettronico apertura e chiusura,Barriere,,●,,,●,,,,Barriere,,●,,,●,,,●,SERRANDE,,●,,,,,,,,,,,,
188-194,Schede elettroniche,Rallentamento,Barriere,,●,,,●,,,,Barriere,,●,,,,,,●,SERRANDE,,●,,,,,,,,,,,,
188-194,Schede elettroniche,Rilevamento ostacoli,Barriere,,,,,●,,,,Barriere,,,,,,,,●,SERRANDE,,,,,,,,,,,,,,
188-194,Schede elettroniche,Rallentamento con “lettura” posizione cancello,Barriere,,,,,●,,,,Barriere,,,,,Encoder,,,Encoder,SERRANDE,,,,,,,,,,,,,,
188-194,Schede elettroniche,Possibilità collegamento timer esterno,Barriere,,●,,,●,,,,Barriere,,●,,,●,,,●,SERRANDE,,●,,,,,,,,,,,,
188-194,Schede elettroniche,Regolazione coppia,Barriere,,●,,,●,,,,Barriere,,●,,,,,,●,SERRANDE,,●,,,,,,,,,,,,
188-194,Schede elettroniche,Fail Safe (test automatico fotocellule),Barriere,,●,,,●,,,,Barriere,,●,,,●,,,●,SERRANDE,,●,,,,,,,,,,,,
188-194,Schede elettroniche,Segnalazione stato ingressi,Barriere,,●,,,●,,,,Barriere,,●,,,●,,,●,SERRANDE,,●,,,,,,,,,,,,
188-194,Schede elettroniche,Diagnostica intelligente,Barriere,,●,,,●,,,,Barriere,,●,,,,,,●,SERRANDE,,●,,,,,,,,,,,,
188-194,Schede elettroniche,Ciclo d’apprendimento delle posizioni  di apertura e chiusura,Barriere,,,,,●,,,,Barriere,,,,,,,,●,SERRANDE,,,,,,,,,,,,,,
188-194,Schede elettroniche,Test Operatori,Barriere,,●,,,●,,,,Barriere,,●,,,,,,●,SERRANDE,,●,,,,,,,,,,,,
188-194,Schede elettroniche,Prelampeggio,Barriere,,●,,,●,,,,Barriere,,●,,,●,,,●,SERRANDE,,●,,,,,,,,,,,,
188-194,Schede elettroniche,Conteggio numero cicli,Barriere,,,,,●,,,,Barriere,,,,,,,,●,SERRANDE,,,,,,,,,,,,,,
188-194,Schede elettroniche,Richiesta manutenzione,Barriere,,●,,,●,,,,Barriere,,●,,,,,,●,SERRANDE,,●,,,,,,,,,,,,
188-194,Schede elettroniche,Programmazione tramite PC/MAC,Barriere,,,,,,,,,Barriere,,,,,,,,,SERRANDE,,,,,,,,,,,,,,
188-194,Schede elettroniche,BUS 2easy,Barriere,,●,,,●,,,,Barriere,,●,,,,,,●,SERRANDE,,●,,,,,,,,,,,,
188-194,Schede elettroniche,OmniDEC,Barriere,,,,,●,,,,Barriere,,,,,,,,,SERRANDE,,,,,,,,,,,,,,
188-194,Schede elettroniche,FDS,Barriere,,●,,,,,,,Barriere,,●,,,●,,,●,SERRANDE,,●,,,,,,,,,,,,
188-194,Schede elettroniche,Convergenza tecnologica,Barriere,,,,,,,,,Barriere,,,,,,,,,SERRANDE,,,,,,,,,,,,,,
188-194,Schede elettroniche,Ingresso Connettività (Simply Connect),Barriere,,,,,,,,,Barriere,,,,,,,,●,SERRANDE,,,,,,,,,,,,,,
188-194,Schede elettroniche,Ingressi programmabili,Barriere,,,,,,,,,Barriere,,,,,,,,,SERRANDE,,,,,,,,,,,,,,
188-194,Schede elettroniche,Uscite programmabili,Barriere,,●,,,●,,,,Barriere,,●,,,,,,●,SERRANDE,,●,,,,,,,,,,,,
188-194,Schede elettroniche,Funzione automazioni contrapposte,Barriere,,●,,,●,,,,Barriere,,●,,,,,,●,SERRANDE,,●,,,,,,,,,,,,
188-194,Schede elettroniche,Codice,Barriere,,2022715,,,63001034,,,,Barriere,,2022715,,,790281,,,63003452,SERRANDE,,790905,,,,,,,,,,,,
188-194,Schede elettroniche,PREZZO,Barriere,,"543,00 €",,,"421,00 €",,,,Barriere,,"543,00 €",,,"238,00 €",,,"565,00 €",SERRANDE,,"110,00 €",,,,,,,,,,,,
188-194,Schede elettroniche,scheda elettronica,,,740D,,,578D,,,,,,780D,,,,,,E781,,,,,,E850S,,,E844 3PH,,,E4000I,,,E721
188-194,Schede elettroniche,Motore Elettrico,,,230V~,,,,,,,,,,,,,,,230V~,,,,,,230V,,,400V,,,24V,,,24V
188-194,Schede elettroniche,Display di programmazione,,,●,,,,,,,,,,,,,,,●,,,,,,●,,,●,,,●,,,●
188-194,Schede elettroniche,Logiche di funzionamento &quot;automatiche-semiautomatiche&quot;,,,●,,,,,,,,,,,,,,,●,,,,,,●,,,●,,,●,,,●
188-194,Schede elettroniche,Logiche di funzionamento &quot;a uomo presente&quot;,,,●,,,,,,,,,,,,,,,●,,,,,,●,,,●,,,●,,,●
188-194,Schede elettroniche,Logiche di funzionamento &quot;personalizzabili&quot;,,,,,,,,,,,,,,,,,,●,,,,,,●,,,,,,,,,
188-194,Schede elettroniche,Ingresso Sicurezza,,,●,,,,,,,,,,,,,,,●,,,,,,●,,,●,,,●,,,●
188-194,Schede elettroniche,Logiche di funzionamento delle Sicurezze,,,●,,,,,,,,,,,,,,,●,,,,,,●,,,●,,,●,,,●
188-194,Schede elettroniche,Anta svincolata / apertura parziale,,,●,,,,,,,,,,,,,,,●,,,,,,●,,,●,,,●,,,●
188-194,Schede elettroniche,Uscita Elettroserratura,,,●,,,,,,,,,,,,,,,●,,,,,,,,,●,,,,,,
188-194,Schede elettroniche,Uscita stato automazione,,,●,,,,,,,,,,,,,,,●,,,,,,●,,,●,,,●,,,●
188-194,Schede elettroniche,Lampada spia,,,●,,,,,,,,,,,,,,,●,,,,,,,,,●,,,,,,●
188-194,Schede elettroniche,Lampada di cortesia o contatto temporizzato,,,●,,,,,,,,,,,,,,,●,,,,,,,,,●,,,●,,,●
188-194,Schede elettroniche,Finecorsa elettrico/elettronico apertura e chiusura,,,●,,,,,,,,,,,,,,,●,,,,,,●,,,●,,,●,,,●
188-194,Schede elettroniche,Rallentamento,,,●,,,,,,,,,,,,,,,●,,,,,,●,,,●,,,●,,,●
188-194,Schede elettroniche,Rilevamento ostacoli,,,●,,,,,,,,,,,,,,,(Encoder),,,,,,,,,●,,,●,,,●
188-194,Schede elettroniche,Rallentamento con “lettura” posizione cancello,,,●,,,,,,,,,,,,,,,(Encoder),,,,,,,,,●,,,●,,,●
188-194,Schede elettroniche,Possibilità collegamento timer esterno,,,●,,,,,,,,,,,,,,,●,,,,,,●,,,●,,,●,,,●
188-194,Schede elettroniche,Regolazione coppia,,,●,,,,,,,,,,,,,,,●,,,,,,,,,●,,,●,,,●
188-194,Schede elettroniche,Fail Safe (test automatico fotocellule),,,●,,,,,,,,,,,,,,,●,,,,,,●,,,●,,,●,,,●
188-194,Schede elettroniche,Segnalazione stato ingressi,,,●,,,,,,,,,,,,,,,(Led),,,,,,●,,,●,,,●,,,●
188-194,Schede elettroniche,Diagnostica intelligente,,,,,,,,,,,,,,,,,,●,,,,,,●,,,●,,,●,,,●
188-194,Schede elettroniche,Ciclo d’apprendimento delle posizioni  di apertura e chiusura,,,,,,,,,,,,,,,,,,●,,,,,,●,,,●,,,●,,,●
188-194,Schede elettroniche,Test Operatori,,,●,,,,,,,,,,,,,,,●,,,,,,,,,●,,,,,,
188-194,Schede elettroniche,Prelampeggio,,,●,,,,,,,,,,,,,,,●,,,,,,●,,,●,,,●,,,●
188-194,Schede elettroniche,Conteggio numero cicli,,,,,,,,,,,,,,,,,,●,,,,,,,,,,,,●,,,●
188-194,Schede elettroniche,Richiesta manutenzione,,,●,,,,,,,,,,,,,,,●,,,,,,,,,●,,,●,,,●
188-194,Schede elettroniche,Programmazione tramite PC/MAC,,,,,,,,,,,,,,,,,,,,,,,,,,,,,,,,,
188-194,Schede elettroniche,BUS 2easy,,,,,,,,,,,,,,,,,,●,,,,,,,,,,,,●,,,●
188-194,Schede elettroniche,OmniDEC,,,,,,,,,,,,,,,,,,●,,,,,,,,,,,,●,,,●
188-194,Schede elettroniche,FDS,,,●,,,,,,,,,,,,,,,●,,,,,,●,,,●,,,,,,●
188-194,Schede elettroniche,Convergenza tecnologica,,,,,,,,,,,,,,,,,,●,,,,,,,,,,,,,,,
188-194,Schede elettroniche,Ingresso Connettività (Simply Connect),,,,,,,,,,,,,,,,,,●,,,,,,,,,,,,,,,
188-194,Schede elettroniche,Ingressi programmabili,,,,,,,,,,,,,,,,,,●,,,,,,,,,,,,●,,,
188-194,Schede elettroniche,Uscite programmabili,,,●,,,,,,,,,,,,,,,●,,,,,,,,,●,,,●,,,●
188-194,Schede elettroniche,Funzione automazioni contrapposte,,,,,,,,,,,,,,,,,,●,,,,,,,,,,,,●,,,●
188-194,Schede elettroniche,Codice,,,202269,,,,,,790922,,,,,,63000710,,,63003478,,,,,,63003207,,,202073,,,63003390,,,63002485
188-194,Schede elettroniche,PREZZO,,,"211,00 €",,,,,,"368,00 €",,,,,,"352,00 €",,,"487,00 €",,,,,,"665,00 €",,,"620,00 €",,,"389,00 €",,,"310,00 €"
188-194,Schede elettroniche,SCHEDA ELETTRONICA,cancelli a BATTENTE,,E045S,,,E145S,,,E024S,,,E034,,,,,,E124S,"porte SEZIONALI, INDUSTRIALI e basculanti",,540 BPR,,,E600,,,E700HS,,,E1000,,,E550
188-194,Schede elettroniche,Motore Elettrico,cancelli a BATTENTE,,230V~,,,230V~,,,24V,,,24V,,,,,,24V,"porte SEZIONALI, INDUSTRIALI e basculanti",,230V~,,,24V,,,,,,,,,230V~
188-194,Schede elettroniche,Display di programmazione,cancelli a BATTENTE,,●,,,●,,,,,,●,,,,,,●,"porte SEZIONALI, INDUSTRIALI e basculanti",,●,,,,,,,,,,,,●
188-194,Schede elettroniche,Logiche di funzionamento,cancelli a BATTENTE,,●,,,●,,,●,,,●,,,,,,●,"porte SEZIONALI, INDUSTRIALI e basculanti",,●,,,●,,,,,,,,,●
188-194,Schede elettroniche,Logiche di funzionamento &quot;a uomo presente&quot;,cancelli a BATTENTE,,●,,,●,,,●,,,●,,,,,,●,"porte SEZIONALI, INDUSTRIALI e basculanti",,●,,,,,,,,,,,,●
188-194,Schede elettroniche,Logiche di funzionamento &quot;personalizzabili&quot;,cancelli a BATTENTE,,,,,●,,,,,,,,,,,,●,"porte SEZIONALI, INDUSTRIALI e basculanti",,,,,,,,,,,,,,
188-194,Schede elettroniche,Ingresso sicurezza,cancelli a BATTENTE,,●,,,●,,,●,,,●,,,,,,●,"porte SEZIONALI, INDUSTRIALI e basculanti",,●,,,●,,,,,,,,,●
188-194,Schede elettroniche,Logiche di funzionamento delle sicurezze,cancelli a BATTENTE,,●,,,●,,,,,,●,,,,,,●,"porte SEZIONALI, INDUSTRIALI e basculanti",,●,,,,,,,,,,,,
188-194,Schede elettroniche,Anta svincolata / apertura parziale,cancelli a BATTENTE,,●,,,●,,,●,,,●,,,,,,●,"porte SEZIONALI, INDUSTRIALI e basculanti",,●,,,●,,,,,,,,,
188-194,Schede elettroniche,Uscita Elettroserratura,cancelli a BATTENTE,,●,,,●,,,●,,,●,,,,,,●,"porte SEZIONALI, INDUSTRIALI e basculanti",,●,,,,,,,,,,,,
188-194,Schede elettroniche,Uscita stato automazione,cancelli a BATTENTE,,●,,,●,,,●,,,●,,,,,,●,"porte SEZIONALI, INDUSTRIALI e basculanti",,●,,,,,,,,,,,,
188-194,Schede elettroniche,Lampada spia,cancelli a BATTENTE,,●,,,●,,,●,,,●,,,,,,●,"porte SEZIONALI, INDUSTRIALI e basculanti",,●,,,●,,,,,,,,,●
188-194,Schede elettroniche,Lampada di cortesia o contatto temporizzato,cancelli a BATTENTE,,,,,●,,,●,,,●,,,,,,●,"porte SEZIONALI, INDUSTRIALI e basculanti",,●,,,●,,,,,,,,,●
188-194,Schede elettroniche,Finecorsa elettrico/elettronico apertura e chiusura,cancelli a BATTENTE,,,,,●,,,,,,,,,,,,●,"porte SEZIONALI, INDUSTRIALI e basculanti",,●,,,,,,,,,,,,●
188-194,Schede elettroniche,Rallentamento,cancelli a BATTENTE,,●,,,●,,,●,,,●,,,,,,●,"porte SEZIONALI, INDUSTRIALI e basculanti",,●,,,●,,,,,,,,,●
188-194,Schede elettroniche,Rilevamento ostacoli,cancelli a BATTENTE,,●,,,●,,,●,,,●,,,,,,●,"porte SEZIONALI, INDUSTRIALI e basculanti",,●,,,●,,,,,,,,,●
188-194,Schede elettroniche,Rallentamento con “lettura” posizione cancello,cancelli a BATTENTE,,●,,,●,,,●,,,●,,,,,,●,"porte SEZIONALI, INDUSTRIALI e basculanti",,●,,,●,,,,,,,,,●
188-194,Schede elettroniche,Possibilità collegamento timer esterno,cancelli a BATTENTE,,●,,,●,,,●,,,●,,,,,,●,"porte SEZIONALI, INDUSTRIALI e basculanti",,●,,,●,,,,,,,,,●
188-194,Schede elettroniche,Possibilità di ritardo anta in chiusura,cancelli a BATTENTE,,●,,,●,,,●,,,●,,,,,,●,"porte SEZIONALI, INDUSTRIALI e basculanti",,●,,,,,,,,,,,,
188-194,Schede elettroniche,Possibilità di ritardo anta in apertura,cancelli a BATTENTE,,●,,,●,,,●,,,●,,,,,,●,"porte SEZIONALI, INDUSTRIALI e basculanti",,●,,,,,,,,,,,,
188-194,Schede elettroniche,Regolazione coppia,cancelli a BATTENTE,,●,,,●,,,●,,,●,,,,,,●,"porte SEZIONALI, INDUSTRIALI e basculanti",,●,,,●,,,,,,,,,●
188-194,Schede elettroniche,Fail Safe (test automatico fotocellule),cancelli a BATTENTE,,●,,,●,,,●,,,●,,,,,,●,"porte SEZIONALI, INDUSTRIALI e basculanti",,●,,,●,,,,,,,,,●
188-194,Schede elettroniche,Segnalazione stato ingressi,cancelli a BATTENTE,,●,,,●,,,●,,,●,,,,,,●,"porte SEZIONALI, INDUSTRIALI e basculanti",,●,,,●,,,,,,,,,●
188-194,Schede elettroniche,Diagnostica intelligente,cancelli a BATTENTE,,●,,,●,,,,,,●,,,,,,●,"porte SEZIONALI, INDUSTRIALI e basculanti",,●,,,,,,,,,,,,
188-194,Schede elettroniche,Ciclo d&apos;apprendimento delle posizioni  di apertura e chiusura,cancelli a BATTENTE,,●,,,●,,,●,,,●,,,,,,●,"porte SEZIONALI, INDUSTRIALI e basculanti",,●,,,●,,,,,,,,,
188-194,Schede elettroniche,Test Operatori,cancelli a BATTENTE,,●,,,●,,,,,,●,,,,,,●,"porte SEZIONALI, INDUSTRIALI e basculanti",,●,,,,,,,,,,,,●
188-194,Schede elettroniche,Prelampeggio,cancelli a BATTENTE,,●,,,●,,,●,,,●,,,,,,●,"porte SEZIONALI, INDUSTRIALI e basculanti",,●,,,●,,,,,,,,,●
188-194,Schede elettroniche,Conteggio numero cicli,cancelli a BATTENTE,,,,,●,,,,,,●,,,,,,●,"porte SEZIONALI, INDUSTRIALI e basculanti",,,,,,,,,,,,,,
188-194,Schede elettroniche,Richiesta manutenzione,cancelli a BATTENTE,,,,,●,,,,,,,,,,,,●,"porte SEZIONALI, INDUSTRIALI e basculanti",,,,,,,,,,,,,,
188-194,Schede elettroniche,Programmazione tramite PC/MAC,cancelli a BATTENTE,,,,,,,,,,,,,,,,,●,"porte SEZIONALI, INDUSTRIALI e basculanti",,,,,,,,,,,,,,
188-194,Schede elettroniche,BUS 2easy,cancelli a BATTENTE,,●,,,●,,,●,,,●,,,,,,●,"porte SEZIONALI, INDUSTRIALI e basculanti",,●,,,,,,,,,,,,
188-194,Schede elettroniche,OmniDEC,cancelli a BATTENTE,,●,,,●,,,●,,,●,,,,,,●,"porte SEZIONALI, INDUSTRIALI e basculanti",,●,,,●,,,,,,,,,
188-194,Schede elettroniche,FDS,cancelli a BATTENTE,,●,,,●,,,●,,,●,,,,,,●,"porte SEZIONALI, INDUSTRIALI e basculanti",,●,,,,,,,,,,,,●
188-194,Schede elettroniche,Convergenza tecnologica,cancelli a BATTENTE,,●,,,●,,,,,,●,,,,,,●,"porte SEZIONALI, INDUSTRIALI e basculanti",,●,,,,,,,,,,,,
188-194,Schede elettroniche,Ingresso Connettività (Simply Connect),cancelli a BATTENTE,,●,,,●,,,,,,●,,,,,,●,"porte SEZIONALI, INDUSTRIALI e basculanti",,●,,,,,,,,,,,,
188-194,Schede elettroniche,Ingressi programmabili,cancelli a BATTENTE,,●,,,●,,,,,,●,,,,,,●,"porte SEZIONALI, INDUSTRIALI e basculanti",,●,,,,,,,,,,,,
188-194,Schede elettroniche,Uscite programmabili,cancelli a BATTENTE,,●,,,●,,,,,,●,,,,,,●,"porte SEZIONALI, INDUSTRIALI e basculanti",,●,,,,,,,,,,,,
188-194,Schede elettroniche,Funzione automazioni contrapposte,cancelli a BATTENTE,,,,,●,,,,,,,,,,,,,"porte SEZIONALI, INDUSTRIALI e basculanti",,,,,,,,,,,,,,●
188-194,Schede elettroniche,Timer Integrato programmabile,cancelli a BATTENTE,,,,,●,,,,,,●,,,,,,●,"porte SEZIONALI, INDUSTRIALI e basculanti",,,,,,,,,,,,,,
188-194,Schede elettroniche,Codice,cancelli a BATTENTE,,790077,,,790076,,,790286,,,,,,,,,790305,"porte SEZIONALI, INDUSTRIALI e basculanti",,402502,,,2024015,,,63002425,,,2024025,,,2022855
188-194,Schede elettroniche,PREZZO,cancelli a BATTENTE,,"256,00",,,"446,00",,,"366,00",,,"382,00",,,,,,"575,00","porte SEZIONALI, INDUSTRIALI e basculanti",,"493,00 €",,,"159,00 €",,,"175,00 €",,,"188,00 €",,,"264,00 €"
196,Dispositivi Simply Connect,Tensione di alimentazione,XRS485,787349,5VDC,,,,,,,,,,,,,,,,,,,,,,,,,,,,,,
196,Dispositivi Simply Connect,Corrente assorbita,XRS485,787349,50 mA,,,,,,,,,,,,,,,,,,,,,,,,,,,,,,
196,Dispositivi Simply Connect,Connessioni,XRS485,787349,RS485,,,,,,,,,,,,,,,,,,,,,,,,,,,,,,
196,Dispositivi Simply Connect,Tipologia di installazione,XRS485,787349,ad innesto su scheda compatibile,,,,,,,,,,,,,,,,,,,,,,,,,,,,,,
196,Dispositivi Simply Connect,Temperatura di esercizio,XRS485,787349,-20°C ÷ +55°C,,,,,,,,,,,,,,,,,,,,,,,,,,,,,,
196,Dispositivi Simply Connect,Tensione di alimentazione,XWBL,787378,5VDC,,,,,,,,,,,,,,,,,,,,,,,,,,,,,,
196,Dispositivi Simply Connect,Corrente assorbita,XWBL,787378,100mA a 24V,,,,,,,,,,,,,,,,,,,,,,,,,,,,,,
196,Dispositivi Simply Connect,Connessioni,XWBL,787378,WIFI 802.11 b/g/n – 2.4GHz,,,,,,,,,,,,,,,,,,,,,,,,,,,,,,
196,Dispositivi Simply Connect,Tipologia di installazione,XWBL,787378,ad innesto su scheda compatibile,,,,,,,,,,,,,,,,,,,,,,,,,,,,,,
196,Dispositivi Simply Connect,Temperatura di esercizio,XWBL,787378,-20°C ÷ +55°C,,,,,,,,,,,,,,,,,,,,,,,,,,,,,,
196,Dispositivi Simply Connect,Tensione di alimentazione,XMULTICOM,790418,24VAC - 24VDC,,,,,,,,,,,,,,,,,,,,,,,,,,,,,,
196,Dispositivi Simply Connect,Corrente assorbita,XMULTICOM,790418,150 mA,,,,,,,,,,,,,,,,,,,,,,,,,,,,,,
196,Dispositivi Simply Connect,Connessioni,XMULTICOM,790418,nessuna necessità di dispositivo XWBL o XMBX4,,,,,,,,,,,,,,,,,,,,,,,,,,,,,,
196,Dispositivi Simply Connect,Connettore estraibile,XMULTICOM,790418,Alimentazione - RS485 - Ingressi/Uscite,,,,,,,,,,,,,,,,,,,,,,,,,,,,,,
196,Dispositivi Simply Connect,Ingressi in morsettiera,XMULTICOM,790418,2,,,,,,,,,,,,,,,,,,,,,,,,,,,,,,
196,Dispositivi Simply Connect,Uscite in morsettiera,XMULTICOM,790418,2,,,,,,,,,,,,,,,,,,,,,,,,,,,,,,
196,Dispositivi Simply Connect,Connettore rapido,XMULTICOM,790418,innesto rapido per XWBL o XMBX4,,,,,,,,,,,,,,,,,,,,,,,,,,,,,,
196,Dispositivi Simply Connect,Decodifica segnale radio,XMULTICOM,790418,SLH,,,,,,,,,,,,,,,,,,,,,,,,,,,,,,
196,Dispositivi Simply Connect,Tipologia di installazione,XMULTICOM,790418,su barra a DIN,,,,,,,,,,,,,,,,,,,,,,,,,,,,,,
196,Dispositivi Simply Connect,Grado di protezione,XMULTICOM,790418,IP20,,,,,,,,,,,,,,,,,,,,,,,,,,,,,,
196,Dispositivi Simply Connect,Temperatura di esercizio,XMULTICOM,790418,-20°C ÷ +55°C,,,,,,,,,,,,,,,,,,,,,,,,,,,,,,
196,Dispositivi Simply Connect,Tensione di alimentazione,XMBX4,787510,5VDC,,,,,,,,,,,,,,,,,,,,,,,,,,,,,,
196,Dispositivi Simply Connect,Corrente assorbita,XMBX4,787510,100mA a 24V,,,,,,,,,,,,,,,,,,,,,,,,,,,,,,
196,Dispositivi Simply Connect,Connessioni,XMBX4,787510,LTE CAT M1 – CAT NB1 - EGPRS,,,,,,,,,,,,,,,,,,,,,,,,,,,,,,
196,Dispositivi Simply Connect,Tipologia di installazione,XMBX4,787510,ad innesto su scheda compatibile,,,,,,,,,,,,,,,,,,,,,,,,,,,,,,
196,Dispositivi Simply Connect,Temperatura di esercizio,XMBX4,787510,-20°C ÷ +55°C,,,,,,,,,,,,,,,,,,,,,,,,,,,,,,
197-199,Applicazioni Simply Connect,Tensione di alimentazione,XRS485,787349,5VDC,,,,,,,,,,,,,,,,,,,,,,,,,,,,,,
197-199,Applicazioni Simply Connect,Corrente assorbita,XRS485,787349,50 mA,,,,,,,,,,,,,,,,,,,,,,,,,,,,,,
197-199,Applicazioni Simply Connect,Connessioni,XRS485,787349,RS485,,,,,,,,,,,,,,,,,,,,,,,,,,,,,,
197-199,Applicazioni Simply Connect,Tipologia di installazione,XRS485,787349,ad innesto su scheda compatibile,,,,,,,,,,,,,,,,,,,,,,,,,,,,,,
197-199,Applicazioni Simply Connect,Temperatura di esercizio,XRS485,787349,-20°C ÷ +55°C,,,,,,,,,,,,,,,,,,,,,,,,,,,,,,
197-199,Applicazioni Simply Connect,Tensione di alimentazione,XWBL,787378,5VDC,,,,,,,,,,,,,,,,,,,,,,,,,,,,,,
197-199,Applicazioni Simply Connect,Corrente assorbita,XWBL,787378,100mA a 24V,,,,,,,,,,,,,,,,,,,,,,,,,,,,,,
197-199,Applicazioni Simply Connect,Connessioni,XWBL,787378,WIFI 802.11 b/g/n – 2.4GHz,,,,,,,,,,,,,,,,,,,,,,,,,,,,,,
197-199,Applicazioni Simply Connect,Tipologia di installazione,XWBL,787378,ad innesto su scheda compatibile,,,,,,,,,,,,,,,,,,,,,,,,,,,,,,
197-199,Applicazioni Simply Connect,Temperatura di esercizio,XWBL,787378,-20°C ÷ +55°C,,,,,,,,,,,,,,,,,,,,,,,,,,,,,,
197-199,Applicazioni Simply Connect,Tensione di alimentazione,XMULTICOM,790418,24VAC - 24VDC,,,,,,,,,,,,,,,,,,,,,,,,,,,,,,
197-199,Applicazioni Simply Connect,Corrente assorbita,XMULTICOM,790418,150 mA,,,,,,,,,,,,,,,,,,,,,,,,,,,,,,
197-199,Applicazioni Simply Connect,Connessioni,XMULTICOM,790418,nessuna necessità di dispositivo XWBL o XMBX4,,,,,,,,,,,,,,,,,,,,,,,,,,,,,,
197-199,Applicazioni Simply Connect,Connettore estraibile,XMULTICOM,790418,Alimentazione - RS485 - Ingressi/Uscite,,,,,,,,,,,,,,,,,,,,,,,,,,,,,,
197-199,Applicazioni Simply Connect,Ingressi in morsettiera,XMULTICOM,790418,2,,,,,,,,,,,,,,,,,,,,,,,,,,,,,,
197-199,Applicazioni Simply Connect,Uscite in morsettiera,XMULTICOM,790418,2,,,,,,,,,,,,,,,,,,,,,,,,,,,,,,
197-199,Applicazioni Simply Connect,Connettore rapido,XMULTICOM,790418,innesto rapido per XWBL o XMBX4,,,,,,,,,,,,,,,,,,,,,,,,,,,,,,
197-199,Applicazioni Simply Connect,Decodifica segnale radio,XMULTICOM,790418,SLH,,,,,,,,,,,,,,,,,,,,,,,,,,,,,,
197-199,Applicazioni Simply Connect,Tipologia di installazione,XMULTICOM,790418,su barra a DIN,,,,,,,,,,,,,,,,,,,,,,,,,,,,,,
197-199,Applicazioni Simply Connect,Grado di protezione,XMULTICOM,790418,IP20,,,,,,,,,,,,,,,,,,,,,,,,,,,,,,
197-199,Applicazioni Simply Connect,Temperatura di esercizio,XMULTICOM,790418,-20°C ÷ +55°C,,,,,,,,,,,,,,,,,,,,,,,,,,,,,,
197-199,Applicazioni Simply Connect,Tensione di alimentazione,XMBX4,787510,5VDC,,,,,,,,,,,,,,,,,,,,,,,,,,,,,,
197-199,Applicazioni Simply Connect,Corrente assorbita,XMBX4,787510,100mA a 24V,,,,,,,,,,,,,,,,,,,,,,,,,,,,,,
197-199,Applicazioni Simply Connect,Connessioni,XMBX4,787510,LTE CAT M1 – CAT NB1 - EGPRS,,,,,,,,,,,,,,,,,,,,,,,,,,,,,,
197-199,Applicazioni Simply Connect,Tipologia di installazione,XMBX4,787510,ad innesto su scheda compatibile,,,,,,,,,,,,,,,,,,,,,,,,,,,,,,
197-199,Applicazioni Simply Connect,Temperatura di esercizio,XMBX4,787510,-20°C ÷ +55°C,,,,,,,,,,,,,,,,,,,,,,,,,,,,,,
200-201,Sistema 433-868MHz FDS,Tensione di alimentazione,XR2N 433-868,787023,12 ÷ 24 V~ - 12 ÷ 24 V~,XR4N 433-868,787024,12 ÷ 24 V~ - 12 ÷ 24 V~,,,,,,,,,,,,,,,,,,,,,,,,,,,
200-201,Sistema 433-868MHz FDS,Frequenza di ricezione,XR2N 433-868,787023,433.92 Mhz - 868.35 Mhz,XR4N 433-868,787024,433.92 Mhz - 868.35 Mhz,,,,,,,,,,,,,,,,,,,,,,,,,,,
200-201,Sistema 433-868MHz FDS,Corrente assorbita,XR2N 433-868,787023,100 mA,XR4N 433-868,787024,100 mA,,,,,,,,,,,,,,,,,,,,,,,,,,,
200-201,Sistema 433-868MHz FDS,Decodifica segnale radio,XR2N 433-868,787023,FDS-DS-SLH-RC,XR4N 433-868,787024,FDS-DS-SLH-RC,,,,,,,,,,,,,,,,,,,,,,,,,,,
200-201,Sistema 433-868MHz FDS,Memoria codici radio,XR2N 433-868,787023,248,XR4N 433-868,787024,248 CH 1-2 / 248 CH 3-4,,,,,,,,,,,,,,,,,,,,,,,,,,,
200-201,Sistema 433-868MHz FDS,Numero canali,XR2N 433-868,787023,2,XR4N 433-868,787024,4,,,,,,,,,,,,,,,,,,,,,,,,,,,
200-201,Sistema 433-868MHz FDS,Numero uscite a relè (N.A.),XR2N 433-868,787023,1 impulsiva (CH1),XR4N 433-868,787024,1 impulsiva (CH1),,,,,,,,,,,,,,,,,,,,,,,,,,,
200-201,Sistema 433-868MHz FDS,Portata contatti,XR2N 433-868,787023,"0,5 A / 120 VA",XR4N 433-868,787024,"0,5 A / 120 VA",,,,,,,,,,,,,,,,,,,,,,,,,,,
200-201,Sistema 433-868MHz FDS,Grado di protezione,XR2N 433-868,787023,IP 44,XR4N 433-868,787024,IP 44,,,,,,,,,,,,,,,,,,,,,,,,,,,
200-201,Sistema 433-868MHz FDS,Temperatura ambiente di esercizio,XR2N 433-868,787023,-20° C ÷ +55 ° C,XR4N 433-868,787024,-20° C ÷ +55 ° C,,,,,,,,,,,,,,,,,,,,,,,,,,,
200-201,Sistema 433-868MHz FDS,Dimensioni (LxPxH),XR2N 433-868,787023,"90 x 70 x 32,5 mm",XR4N 433-868,787024,"90 x 70 x 32,5 mm",,,,,,,,,,,,,,,,,,,,,,,,,,,
202-203,Sistema 433-868MHz FDS BD,Tensione di alimentazione,XR2N 433-868,787023,12 ÷ 24 V~ - 12 ÷ 24 V~,XR4N 433-868,787024,12 ÷ 24 V~ - 12 ÷ 24 V~,,,,,,,,,,,,,,,,,,,,,,,,,,,
202-203,Sistema 433-868MHz FDS BD,Frequenza di ricezione,XR2N 433-868,787023,433.92 Mhz - 868.35 Mhz,XR4N 433-868,787024,433.92 Mhz - 868.35 Mhz,,,,,,,,,,,,,,,,,,,,,,,,,,,
202-203,Sistema 433-868MHz FDS BD,Corrente assorbita,XR2N 433-868,787023,100 mA,XR4N 433-868,787024,100 mA,,,,,,,,,,,,,,,,,,,,,,,,,,,
202-203,Sistema 433-868MHz FDS BD,Decodifica segnale radio,XR2N 433-868,787023,FDS-DS-SLH-RC,XR4N 433-868,787024,FDS-DS-SLH-RC,,,,,,,,,,,,,,,,,,,,,,,,,,,
202-203,Sistema 433-868MHz FDS BD,Memoria codici radio,XR2N 433-868,787023,248,XR4N 433-868,787024,248 CH 1-2 / 248 CH 3-4,,,,,,,,,,,,,,,,,,,,,,,,,,,
202-203,Sistema 433-868MHz FDS BD,Numero canali,XR2N 433-868,787023,2,XR4N 433-868,787024,4,,,,,,,,,,,,,,,,,,,,,,,,,,,
202-203,Sistema 433-868MHz FDS BD,Numero uscite a relè (N.A.),XR2N 433-868,787023,1 impulsiva (CH1),XR4N 433-868,787024,1 impulsiva (CH1),,,,,,,,,,,,,,,,,,,,,,,,,,,
202-203,Sistema 433-868MHz FDS BD,Portata contatti,XR2N 433-868,787023,"0,5 A / 120 VA",XR4N 433-868,787024,"0,5 A / 120 VA",,,,,,,,,,,,,,,,,,,,,,,,,,,
202-203,Sistema 433-868MHz FDS BD,Grado di protezione,XR2N 433-868,787023,IP 44,XR4N 433-868,787024,IP 44,,,,,,,,,,,,,,,,,,,,,,,,,,,
202-203,Sistema 433-868MHz FDS BD,Temperatura ambiente di esercizio,XR2N 433-868,787023,-20° C ÷ +55 ° C,XR4N 433-868,787024,-20° C ÷ +55 ° C,,,,,,,,,,,,,,,,,,,,,,,,,,,
202-203,Sistema 433-868MHz FDS BD,Dimensioni (LxPxH),XR2N 433-868,787023,"90 x 70 x 32,5 mm",XR4N 433-868,787024,"90 x 70 x 32,5 mm",,,,,,,,,,,,,,,,,,,,,,,,,,,
204-205,XTO - Sistema 868MHz SLH-DS,Tensione di alimentazione,PLUS1 868,787834,20 ÷ 30V,DECODER SLH,785534,20 ÷ 30V~,,,,,,,,,,,,,,,,,,,,,,,,,,,
204-205,XTO - Sistema 868MHz SLH-DS,Corrente assorbita,PLUS1 868,787834,10 mA / V,DECODER SLH,785534,30 mA,,,,,,,,,,,,,,,,,,,,,,,,,,,
204-205,XTO - Sistema 868MHz SLH-DS,Numero max schede di decodifica collegabili,PLUS1 868,787834,50,DECODER SLH,785534,-,,,,,,,,,,,,,,,,,,,,,,,,,,,
204-205,XTO - Sistema 868MHz SLH-DS,Decodifica segnale radio,PLUS1 868,787834,Tramite DECODER,DECODER SLH,785534,SLH,,,,,,,,,,,,,,,,,,,,,,,,,,,
204-205,XTO - Sistema 868MHz SLH-DS,Memoria codici radio,PLUS1 868,787834,-,DECODER SLH,785534,1000 codici,,,,,,,,,,,,,,,,,,,,,,,,,,,
204-205,XTO - Sistema 868MHz SLH-DS,Collegamento,PLUS1 868,787834,-,DECODER SLH,785534,A connettore (schede FAAC) e/o morsetto,,,,,,,,,,,,,,,,,,,,,,,,,,,
204-205,XTO - Sistema 868MHz SLH-DS,Tensione di alimentazione,XR2N,787023,12 ÷ 24 V~ - 12 ÷ 24 V~,XR4N,787024,12 ÷ 24 V~ - 12 ÷ 24 V~,,,,,,,,,,,,,,,,,,,,,,,,,,,
204-205,XTO - Sistema 868MHz SLH-DS,Frequenza di ricezione,XR2N,787023,868.35 ± 0.2 Mhz,XR4N,787024,868.35 ± 0.2 Mhz,,,,,,,,,,,,,,,,,,,,,,,,,,,
204-205,XTO - Sistema 868MHz SLH-DS,Corrente assorbita,XR2N,787023,100 mA,XR4N,787024,100 mA,,,,,,,,,,,,,,,,,,,,,,,,,,,
204-205,XTO - Sistema 868MHz SLH-DS,Decodifica segnale radio,XR2N,787023,DS-SLH-RC,XR4N,787024,DS-SLH-RC,,,,,,,,,,,,,,,,,,,,,,,,,,,
204-205,XTO - Sistema 868MHz SLH-DS,Memoria codici radio,XR2N,787023,250,XR4N,787024,250 CH 1-2 / 250 CH 3-4,,,,,,,,,,,,,,,,,,,,,,,,,,,
204-205,XTO - Sistema 868MHz SLH-DS,Numero canali,XR2N,787023,2,XR4N,787024,4,,,,,,,,,,,,,,,,,,,,,,,,,,,
204-205,XTO - Sistema 868MHz SLH-DS,Numero uscite a relè (N.A.),XR2N,787023,1 impulsiva (CH1),XR4N,787024,2 impulsiva (CH1-3),,,,,,,,,,,,,,,,,,,,,,,,,,,
204-205,XTO - Sistema 868MHz SLH-DS,Portata contatti,XR2N,787023,"0,5 A / 12 ÷ 24V~ - 12 ÷ 24 V~",XR4N,787024,"0,5 A / 12 ÷ 24V~ - 12 ÷ 24 V~",,,,,,,,,,,,,,,,,,,,,,,,,,,
204-205,XTO - Sistema 868MHz SLH-DS,Grado di protezione,XR2N,787023,IP 44,XR4N,787024,IP 44,,,,,,,,,,,,,,,,,,,,,,,,,,,
204-205,XTO - Sistema 868MHz SLH-DS,Temperatura ambiente di esercizio,XR2N,787023,-20° C ÷ +55 ° C,XR4N,787024,-20° C ÷ +55 ° C,,,,,,,,,,,,,,,,,,,,,,,,,,,
204-205,XTO - Sistema 868MHz SLH-DS,Dimensioni (LxPxH),XR2N,787023,"90 x 70 x 32,5 mm",XR4N,787024,"90 x 70 x 32,5 mm",,,,,,,,,,,,,,,,,,,,,,,,,,,
206-207,XTO - Sistema 433 MHz SLH-SL-DS-RC,Tensione di alimentazione,PLUS1 433,787833,20 ÷ 30V,DECODER SLH,785534,20 ÷ 30V~,,,,,,,,,,,,,,,,,,,,,,,,,,,
206-207,XTO - Sistema 433 MHz SLH-SL-DS-RC,Corrente assorbita,PLUS1 433,787833,10 mA / V,DECODER SLH,785534,30 mA,,,,,,,,,,,,,,,,,,,,,,,,,,,
206-207,XTO - Sistema 433 MHz SLH-SL-DS-RC,Numero max schede di decodifica collegabili,PLUS1 433,787833,50,DECODER SLH,785534,-,,,,,,,,,,,,,,,,,,,,,,,,,,,
206-207,XTO - Sistema 433 MHz SLH-SL-DS-RC,Decodifica segnale radio,PLUS1 433,787833,Tramite DECODER,DECODER SLH,785534,SLH,,,,,,,,,,,,,,,,,,,,,,,,,,,
206-207,XTO - Sistema 433 MHz SLH-SL-DS-RC,Memoria codici radio,PLUS1 433,787833,-,DECODER SLH,785534,1000 codici,,,,,,,,,,,,,,,,,,,,,,,,,,,
206-207,XTO - Sistema 433 MHz SLH-SL-DS-RC,Collegamento,PLUS1 433,787833,-,DECODER SLH,785534,A connettore (schede FAAC) e/o morsetto,,,,,,,,,,,,,,,,,,,,,,,,,,,
206-207,XTO - Sistema 433 MHz SLH-SL-DS-RC,Tensione di alimentazione,XR2N,787023,12 ÷ 24 V~ - 12 ÷ 24 V~,XR4N,787024,12 ÷ 24 V~ - 12 ÷ 24 V~,,,,,,,,,,,,,,,,,,,,,,,,,,,
206-207,XTO - Sistema 433 MHz SLH-SL-DS-RC,Frequenza di ricezione,XR2N,787023,868.35 ± 0.2 Mhz,XR4N,787024,868.35 ± 0.2 Mhz,,,,,,,,,,,,,,,,,,,,,,,,,,,
206-207,XTO - Sistema 433 MHz SLH-SL-DS-RC,Corrente assorbita,XR2N,787023,100 mA,XR4N,787024,100 mA,,,,,,,,,,,,,,,,,,,,,,,,,,,
206-207,XTO - Sistema 433 MHz SLH-SL-DS-RC,Decodifica segnale radio,XR2N,787023,DS-SLH-RC,XR4N,787024,DS-SLH-RC,,,,,,,,,,,,,,,,,,,,,,,,,,,
206-207,XTO - Sistema 433 MHz SLH-SL-DS-RC,Memoria codici radio,XR2N,787023,250,XR4N,787024,250 CH 1-2 / 250 CH 3-4,,,,,,,,,,,,,,,,,,,,,,,,,,,
206-207,XTO - Sistema 433 MHz SLH-SL-DS-RC,Numero canali,XR2N,787023,2,XR4N,787024,4,,,,,,,,,,,,,,,,,,,,,,,,,,,
206-207,XTO - Sistema 433 MHz SLH-SL-DS-RC,Numero uscite a relè (N.A.),XR2N,787023,1 impulsiva (CH1),XR4N,787024,2 impulsiva (CH1-3),,,,,,,,,,,,,,,,,,,,,,,,,,,
206-207,XTO - Sistema 433 MHz SLH-SL-DS-RC,Portata contatti,XR2N,787023,"0,5 A / 12 ÷ 24V~ - 12 ÷ 24 V~",XR4N,787024,"0,5 A / 12 ÷ 24V~ - 12 ÷ 24 V~",,,,,,,,,,,,,,,,,,,,,,,,,,,
206-207,XTO - Sistema 433 MHz SLH-SL-DS-RC,Grado di protezione,XR2N,787023,IP 44,XR4N,787024,IP 44,,,,,,,,,,,,,,,,,,,,,,,,,,,
206-207,XTO - Sistema 433 MHz SLH-SL-DS-RC,Temperatura ambiente di esercizio,XR2N,787023,-20° C ÷ +55 ° C,XR4N,787024,-20° C ÷ +55 ° C,,,,,,,,,,,,,,,,,,,,,,,,,,,
206-207,XTO - Sistema 433 MHz SLH-SL-DS-RC,Dimensioni (LxPxH),XR2N,787023,"90 x 70 x 32,5 mm",XR4N,787024,"90 x 70 x 32,5 mm",,,,,,,,,,,,,,,,,,,,,,,,,,,
208-209,Sistema 868MHz SLH LR,Tensione di alimentazione,PLUS1 868,787834,20 ÷ 30V,DECODER SLH,785534,20 ÷ 30V~,,,,,,,,,,,,,,,,,,,,,,,,,,,
208-209,Sistema 868MHz SLH LR,Corrente assorbita,PLUS1 868,787834,10 mA / V,DECODER SLH,785534,30 mA,,,,,,,,,,,,,,,,,,,,,,,,,,,
208-209,Sistema 868MHz SLH LR,Numero max schede di decodifica collegabili,PLUS1 868,787834,50,DECODER SLH,785534,-,,,,,,,,,,,,,,,,,,,,,,,,,,,
208-209,Sistema 868MHz SLH LR,Decodifica segnale radio,PLUS1 868,787834,Tramite DECODER,DECODER SLH,785534,SLH,,,,,,,,,,,,,,,,,,,,,,,,,,,
208-209,Sistema 868MHz SLH LR,Memoria codici radio,PLUS1 868,787834,-,DECODER SLH,785534,1000 codici,,,,,,,,,,,,,,,,,,,,,,,,,,,
208-209,Sistema 868MHz SLH LR,Collegamento,PLUS1 868,787834,-,DECODER SLH,785534,A connettore (schede FAAC) e/o morsetto,,,,,,,,,,,,,,,,,,,,,,,,,,,
208-209,Sistema 868MHz SLH LR,Tensione di alimentazione,XR2N 433-868,787023,12 ÷ 24 V~ - 12 ÷ 24 V~,XR4N 433-868,787024,12 ÷ 24 V~ - 12 ÷ 24 V~,,,,,,,,,,,,,,,,,,,,,,,,,,,
208-209,Sistema 868MHz SLH LR,Frequenza di ricezione,XR2N 433-868,787023,433.92 Mhz - 868.35 Mhz,XR4N 433-868,787024,433.92 Mhz - 868.35 Mhz,,,,,,,,,,,,,,,,,,,,,,,,,,,
208-209,Sistema 868MHz SLH LR,Corrente assorbita,XR2N 433-868,787023,100 mA,XR4N 433-868,787024,100 mA,,,,,,,,,,,,,,,,,,,,,,,,,,,
208-209,Sistema 868MHz SLH LR,Decodifica segnale radio,XR2N 433-868,787023,FDS-DS-SLH-RC,XR4N 433-868,787024,FDS-DS-SLH-RC,,,,,,,,,,,,,,,,,,,,,,,,,,,
208-209,Sistema 868MHz SLH LR,Memoria codici radio,XR2N 433-868,787023,248,XR4N 433-868,787024,248 CH 1-2 / 248 CH 3-4,,,,,,,,,,,,,,,,,,,,,,,,,,,
208-209,Sistema 868MHz SLH LR,Numero canali,XR2N 433-868,787023,2,XR4N 433-868,787024,4,,,,,,,,,,,,,,,,,,,,,,,,,,,
208-209,Sistema 868MHz SLH LR,Numero uscite a relè (N.A.),XR2N 433-868,787023,1 impulsiva (CH1) - 1 impulsiva /fissa (selezionabile) (CH 2),XR4N 433-868,787024,1 impulsiva (CH1) - 1 impulsiva /fissa (selezionabile) (CH 2),,,,,,,,,,,,,,,,,,,,,,,,,,,
208-209,Sistema 868MHz SLH LR,Portata contatti,XR2N 433-868,787023,"0,5 A / 120 VA",XR4N 433-868,787024,"0,5 A / 120 VA",,,,,,,,,,,,,,,,,,,,,,,,,,,
208-209,Sistema 868MHz SLH LR,Grado di protezione,XR2N 433-868,787023,IP 44,XR4N 433-868,787024,IP 44,,,,,,,,,,,,,,,,,,,,,,,,,,,
208-209,Sistema 868MHz SLH LR,Temperatura ambiente di esercizio,XR2N 433-868,787023,-20° C ÷ +55 ° C,XR4N 433-868,787024,-20° C ÷ +55 ° C,,,,,,,,,,,,,,,,,,,,,,,,,,,
208-209,Sistema 868MHz SLH LR,Dimensioni (LxPxH),XR2N 433-868,787023,"90 x 70 x 32,5 mm",XR4N 433-868,787024,"90 x 70 x 32,5 mm",,,,,,,,,,,,,,,,,,,,,,,,,,,
210-211,Sistema 433MHz SLH LR,Tensione di alimentazione,PLUS1 433,787833,20 ÷ 30V~ - 24V~ (± 10%),DECODER SLH,785534,20 ÷ 30V~,,,,,,,,,,,,,,,,,,,,,,,,,,,
210-211,Sistema 433MHz SLH LR,Corrente assorbita,PLUS1 433,787833,10 mA / V~ - 25 mA / V~,DECODER SLH,785534,30 mA,,,,,,,,,,,,,,,,,,,,,,,,,,,
210-211,Sistema 433MHz SLH LR,Numero max schede di decodifica collegabili,PLUS1 433,787833,50,DECODER SLH,785534,-,,,,,,,,,,,,,,,,,,,,,,,,,,,
210-211,Sistema 433MHz SLH LR,Decodifica segnale radio,PLUS1 433,787833,Tramite DECODER,DECODER SLH,785534,SLH,,,,,,,,,,,,,,,,,,,,,,,,,,,
210-211,Sistema 433MHz SLH LR,Memoria codici radio,PLUS1 433,787833,-,DECODER SLH,785534,1000 codici,,,,,,,,,,,,,,,,,,,,,,,,,,,
210-211,Sistema 433MHz SLH LR,Collegamento,PLUS1 433,787833,-,DECODER SLH,785534,A connettore (schede FAAC) e/o morsetto,,,,,,,,,,,,,,,,,,,,,,,,,,,
210-211,Sistema 433MHz SLH LR,Tensione di alimentazione,XR2N 433-868,787023,12 ÷ 24 V~ - 12 ÷ 24 V~,XR4N 433-868,787024,12 ÷ 24 V~ - 12 ÷ 24 V~,,,,,,,,,,,,,,,,,,,,,,,,,,,
210-211,Sistema 433MHz SLH LR,Frequenza di ricezione,XR2N 433-868,787023,433.92 Mhz - 868.35 Mhz,XR4N 433-868,787024,433.92 Mhz - 868.35 Mhz,,,,,,,,,,,,,,,,,,,,,,,,,,,
210-211,Sistema 433MHz SLH LR,Corrente assorbita,XR2N 433-868,787023,100 mA,XR4N 433-868,787024,100 mA,,,,,,,,,,,,,,,,,,,,,,,,,,,
210-211,Sistema 433MHz SLH LR,Decodifica segnale radio,XR2N 433-868,787023,FDS-DS-SLH-RC,XR4N 433-868,787024,FDS-DS-SLH-RC,,,,,,,,,,,,,,,,,,,,,,,,,,,
210-211,Sistema 433MHz SLH LR,Memoria codici radio,XR2N 433-868,787023,248,XR4N 433-868,787024,248 CH 1-2 / 248 CH 3-4,,,,,,,,,,,,,,,,,,,,,,,,,,,
210-211,Sistema 433MHz SLH LR,Numero canali,XR2N 433-868,787023,2,XR4N 433-868,787024,4,,,,,,,,,,,,,,,,,,,,,,,,,,,
210-211,Sistema 433MHz SLH LR,Numero uscite a relè (N.A.),XR2N 433-868,787023,1 impulsiva (CH1) - 1 impulsiva /fissa (selezionabile) (CH 2),XR4N 433-868,787024,1 impulsiva (CH1) - 1 impulsiva /fissa (selezionabile) (CH 2),,,,,,,,,,,,,,,,,,,,,,,,,,,
210-211,Sistema 433MHz SLH LR,Portata contatti,XR2N 433-868,787023,"0,5 A / 120 VA",XR4N 433-868,787024,"0,5 A / 120 VA",,,,,,,,,,,,,,,,,,,,,,,,,,,
210-211,Sistema 433MHz SLH LR,Grado di protezione,XR2N 433-868,787023,IP 44,XR4N 433-868,787024,IP 44,,,,,,,,,,,,,,,,,,,,,,,,,,,
210-211,Sistema 433MHz SLH LR,Temperatura ambiente di esercizio,XR2N 433-868,787023,-20° C ÷ +55 ° C,XR4N 433-868,787024,-20° C ÷ +55 ° C,,,,,,,,,,,,,,,,,,,,,,,,,,,
210-211,Sistema 433MHz SLH LR,Dimensioni (LxPxH),XR2N 433-868,787023,"90 x 70 x 32,5 mm",XR4N 433-868,787024,"90 x 70 x 32,5 mm",,,,,,,,,,,,,,,,,,,,,,,,,,,
212-213,Sistema SLHP LR,Tensione di alimentazione,DECODER SLHP,785535,20 ÷ 30V,,,,,,,,,,,,,,,,,,,,,,,,,,,,,,
212-213,Sistema SLHP LR,Corrente assorbita,DECODER SLHP,785535,30 mA,,,,,,,,,,,,,,,,,,,,,,,,,,,,,,
212-213,Sistema SLHP LR,Decodifica segnale radio,DECODER SLHP,785535,SLH,,,,,,,,,,,,,,,,,,,,,,,,,,,,,,
212-213,Sistema SLHP LR,Memoria codici radio,DECODER SLHP,785535,1000 codici (espandibile a 2000),,,,,,,,,,,,,,,,,,,,,,,,,,,,,,
212-213,Sistema SLHP LR,Collegamento,DECODER SLHP,785535,A connettore (schede FAAC) e/o morsetto,,,,,,,,,,,,,,,,,,,,,,,,,,,,,,
212-213,Sistema SLHP LR,Tensione di alimentazione,PLUS1 868,787834,20 ÷ 30V,PLUS1 433,787833,20 ÷ 30V~ - 24V~ (± 10%),,,,,,,,,,,,,,,,,,,,,,,,,,,
212-213,Sistema SLHP LR,Corrente assorbita,PLUS1 868,787834,10 mA / V,PLUS1 433,787833,10 mA / V~ - 25 mA / V~,,,,,,,,,,,,,,,,,,,,,,,,,,,
212-213,Sistema SLHP LR,Numero max schede di decodifica collegabili,PLUS1 868,787834,50,PLUS1 433,787833,50,,,,,,,,,,,,,,,,,,,,,,,,,,,
212-213,Sistema SLHP LR,Decodifica segnale radio,PLUS1 868,787834,Tramite DECODER,PLUS1 433,787833,Tramite DECODER,,,,,,,,,,,,,,,,,,,,,,,,,,,
212-213,Sistema SLHP LR,Memoria codici radio,PLUS1 868,787834,-,PLUS1 433,787833,-,,,,,,,,,,,,,,,,,,,,,,,,,,,
212-213,Sistema SLHP LR,Collegamento,PLUS1 868,787834,-,PLUS1 433,787833,-,,,,,,,,,,,,,,,,,,,,,,,,,,,
214-215,Sistema 433MHz RC,Tensione di alimentazione,XR2N 433-868,787023,12 ÷ 24 V~ - 12 ÷ 24 V~,XR4N 433-868,787024,12 ÷ 24 V~ - 12 ÷ 24 V~,,,,,,,,,,,,,,,,,,,,,,,,,,,
214-215,Sistema 433MHz RC,Frequenza di ricezione,XR2N 433-868,787023,433.92 Mhz - 868.35 Mhz,XR4N 433-868,787024,433.92 Mhz - 868.35 Mhz,,,,,,,,,,,,,,,,,,,,,,,,,,,
214-215,Sistema 433MHz RC,Corrente assorbita,XR2N 433-868,787023,100 mA,XR4N 433-868,787024,100 mA,,,,,,,,,,,,,,,,,,,,,,,,,,,
214-215,Sistema 433MHz RC,Decodifica segnale radio,XR2N 433-868,787023,FDS-DS-SLH-RC,XR4N 433-868,787024,FDS-DS-SLH-RC,,,,,,,,,,,,,,,,,,,,,,,,,,,
214-215,Sistema 433MHz RC,Memoria codici radio,XR2N 433-868,787023,248,XR4N 433-868,787024,248 CH 1-2 / 248 CH 3-4,,,,,,,,,,,,,,,,,,,,,,,,,,,
214-215,Sistema 433MHz RC,Numero canali,XR2N 433-868,787023,2,XR4N 433-868,787024,4,,,,,,,,,,,,,,,,,,,,,,,,,,,
214-215,Sistema 433MHz RC,Numero uscite a relè (N.A.),XR2N 433-868,787023,1 impulsiva (CH1) - 1 impulsiva /fissa (selezionabile) (CH 2),XR4N 433-868,787024,1 impulsiva (CH1) - 1 impulsiva /fissa (selezionabile) (CH 2),,,,,,,,,,,,,,,,,,,,,,,,,,,
214-215,Sistema 433MHz RC,Portata contatti,XR2N 433-868,787023,"0,5 A / 120 VA",XR4N 433-868,787024,"0,5 A / 120 VA",,,,,,,,,,,,,,,,,,,,,,,,,,,
214-215,Sistema 433MHz RC,Grado di protezione,XR2N 433-868,787023,IP 44,XR4N 433-868,787024,IP 44,,,,,,,,,,,,,,,,,,,,,,,,,,,
214-215,Sistema 433MHz RC,Temperatura ambiente di esercizio,XR2N 433-868,787023,-20° C ÷ +55 ° C,XR4N 433-868,787024,-20° C ÷ +55 ° C,,,,,,,,,,,,,,,,,,,,,,,,,,,
214-215,Sistema 433MHz RC,Dimensioni (LxPxH),XR2N 433-868,787023,"90 x 70 x 32,5 mm",XR4N 433-868,787024,"90 x 70 x 32,5 mm",,,,,,,,,,,,,,,,,,,,,,,,,,,
216-219,Datori d'impulso semplici,Tipologia di installazione,XK30,391456,a parete,,,,,,,,,,,,,,,,,,,,,,,,,,,,,,
216-219,Datori d'impulso semplici,Microinterruttori in scambio,XK30,391456,2,,,,,,,,,,,,,,,,,,,,,,,,,,,,,,
216-219,Datori d'impulso semplici,Portata contatti,XK30,391456,10 A / 250V~,,,,,,,,,,,,,,,,,,,,,,,,,,,,,,
216-219,Datori d'impulso semplici,Grado di protezione,XK30,391456,IP30,,,,,,,,,,,,,,,,,,,,,,,,,,,,,,
216-219,Datori d'impulso semplici,Tipologia di installazione,T20 I,401014,ad incasso,T21 I,401015,ad incasso,T21 IF,401017,ad incasso,,,,,,,,,,,,,,,,,,,,,,,,
216-219,Datori d'impulso semplici,Microinterruttori in scambio,T20 I,401014,1,T21 I,401015,2,T21 IF,401017,2,,,,,,,,,,,,,,,,,,,,,,,,
216-219,Datori d'impulso semplici,Portata contatti,T20 I,401014,10 A / 250V,T21 I,401015,10 A / 250V,T21 IF,401017,10 A / 250V,,,,,,,,,,,,,,,,,,,,,,,,
216-219,Datori d'impulso semplici,Grado di protezione,T20 I,401014,IP54,T21 I,401015,IP54,T21 IF,401017,IP54,,,,,,,,,,,,,,,,,,,,,,,,
216-219,Datori d'impulso semplici,Temperatura ambiente di esercizio,T20 I,401014,-20°C ÷ +55°C,T21 I,401015,-20°C ÷ +55°C,T21 IF,401017,-20°C ÷ +55°C,,,,,,,,,,,,,,,,,,,,,,,,
216-219,Datori d'impulso semplici,Tipologia di installazione,T20 E,401012,a parete,T21 E,401013,a parete,T21 EF,401016,a parete,,,,,,,,,,,,,,,,,,,,,,,,
216-219,Datori d'impulso semplici,Microinterruttori in scambio,T20 E,401012,1,T21 E,401013,2,T21 EF,401016,2,,,,,,,,,,,,,,,,,,,,,,,,
216-219,Datori d'impulso semplici,Portata contatti,T20 E,401012,10 A / 250V,T21 E,401013,10 A / 250V,T21 EF,401016,10 A / 250V,,,,,,,,,,,,,,,,,,,,,,,,
216-219,Datori d'impulso semplici,Grado di protezione,T20 E,401012,IP54,T21 E,401013,IP54,T21 EF,401016,IP54,,,,,,,,,,,,,,,,,,,,,,,,
216-219,Datori d'impulso semplici,Temperatura ambiente di esercizio,T20 E,401012,-20°C ÷ +55°C,T21 E,401013,-20°C ÷ +55°C,T21 EF,401016,-20°C ÷ +55°C,,,,,,,,,,,,,,,,,,,,,,,,
216-219,Datori d'impulso semplici,Tipologia di installazione,XK10 B,401304,a parete o su colonnetta,XK11 B,401305,a parete o su colonnetta,,,,,,,,,,,,,,,,,,,,,,,,,,,
216-219,Datori d'impulso semplici,Microinterruttori in scambio,XK10 B,401304,1,XK11 B,401305,2,,,,,,,,,,,,,,,,,,,,,,,,,,,
216-219,Datori d'impulso semplici,Portata contatti,XK10 B,401304,100 mA,XK11 B,401305,100 mA,,,,,,,,,,,,,,,,,,,,,,,,,,,
216-219,Datori d'impulso semplici,Grado di protezione,XK10 B,401304,IP54,XK11 B,401305,IP54,,,,,,,,,,,,,,,,,,,,,,,,,,,
216-219,Datori d'impulso semplici,Temperatura ambiente di esercizio,XK10 B,401304,-20 °C +55 °C,XK11 B,401305,-20 °C +55 °C,,,,,,,,,,,,,,,,,,,,,,,,,,,
216-219,Datori d'impulso semplici,Dimensioni (LxPxH),XK10 B,401304,72 x 35 x 100 mm,XK11 B,401305,72 x 35 x 100 mm,,,,,,,,,,,,,,,,,,,,,,,,,,,
216-219,Datori d'impulso semplici,Tipologia di installazione,XK10,401302,a parete o su colonnetta,XK11,401303,a parete o su colonnetta,,,,,,,,,,,,,,,,,,,,,,,,,,,
216-219,Datori d'impulso semplici,Microinterruttori in scambio,XK10,401302,1,XK11,401303,2,,,,,,,,,,,,,,,,,,,,,,,,,,,
216-219,Datori d'impulso semplici,Portata contatti,XK10,401302,100 mA,XK11,401303,100 mA,,,,,,,,,,,,,,,,,,,,,,,,,,,
216-219,Datori d'impulso semplici,Grado di protezione,XK10,401302,IP54,XK11,401303,IP54,,,,,,,,,,,,,,,,,,,,,,,,,,,
216-219,Datori d'impulso semplici,Temperatura ambiente di esercizio,XK10,401302,-20 °C +55 °C,XK11,401303,-20 °C +55 °C,,,,,,,,,,,,,,,,,,,,,,,,,,,
216-219,Datori d'impulso semplici,Dimensioni (LxPxH),XK10,401302,72 x 35 x 100 mm,XK11,401303,72 x 35 x 100 mm,,,,,,,,,,,,,,,,,,,,,,,,,,,
220-222,Datori d'impulso elettronici,Numero spire collegabili,FG1,785529,1,FG2,785527,2,,,,,,,,,,,,,,,,,,,,,,,,,,,
220-222,Datori d'impulso elettronici,Tensione di alimentazione,FG1,785529,24V,FG2,785527,24V,,,,,,,,,,,,,,,,,,,,,,,,,,,
220-222,Datori d'impulso elettronici,Portata contatti,FG1,785529,250 mA / 24V,FG2,785527,250 mA / 24V,,,,,,,,,,,,,,,,,,,,,,,,,,,
220-222,Datori d'impulso elettronici,Livelli di sensibilità indipendenti dall&apos;induttanza spira,FG1,785529,4,FG2,785527,4,,,,,,,,,,,,,,,,,,,,,,,,,,,
220-222,Datori d'impulso elettronici,Tipologia di installazione,FG1,785529,su guida DIN,FG2,785527,su guida DIN,,,,,,,,,,,,,,,,,,,,,,,,,,,
220-222,Datori d'impulso elettronici,Temperatura ambiente di esercizio,FG1,785529,-20°C ÷ +55°C,FG2,785527,-20°C ÷ +55°C,,,,,,,,,,,,,,,,,,,,,,,,,,,
220-222,Datori d'impulso elettronici,Tensione di alimentazione,XKP B INOX,404039,230V~ (+5% - 10%) 50(60) Hz,,,,,,,,,,,,,,,,,,,,,,,,,,,,,,
220-222,Datori d'impulso elettronici,Potenza max,XKP B INOX,404039,35 VA W,,,,,,,,,,,,,,,,,,,,,,,,,,,,,,
220-222,Datori d'impulso elettronici,Portata contatti,XKP B INOX,404039,10 A / 24V,,,,,,,,,,,,,,,,,,,,,,,,,,,,,,
220-222,Datori d'impulso elettronici,Tensione di alimentazione elettroserratura,XKP B INOX,404039,12V~,,,,,,,,,,,,,,,,,,,,,,,,,,,,,,
220-222,Datori d'impulso elettronici,Tensione di alimentazione accessori,XKP B INOX,404039,500 mA / 24V,,,,,,,,,,,,,,,,,,,,,,,,,,,,,,
220-222,Datori d'impulso elettronici,Temperatura ambiente di esercizio,XKP B INOX,404039,-20°C ÷ +55°C,,,,,,,,,,,,,,,,,,,,,,,,,,,,,,
220-222,Datori d'impulso elettronici,Tipologia di installazione,XTR B,786041,a parete o su colonnetta,XTR B INOX,786040,a parete o su colonnetta,,,,,,,,,,,,,,,,,,,,,,,,,,,
220-222,Datori d'impulso elettronici,Tensione di alimentazione,XTR B,786041,"Bus 2easy, a 2 fili non polarizzati 24 V",XTR B INOX,786040,"Bus 2easy, a 2 fili non polarizzati 24 V",,,,,,,,,,,,,,,,,,,,,,,,,,,
220-222,Datori d'impulso elettronici,Consumo max,XTR B,786041,50 mA,XTR B INOX,786040,50 mA,,,,,,,,,,,,,,,,,,,,,,,,,,,
220-222,Datori d'impulso elettronici,Numero max LETTORI collegabili su scheda con Bus2Easy,XTR B,786041,14 (monocanale) - 4 (bicanale),XTR B INOX,786040,14 (monocanale) - 4 (bicanale),,,,,,,,,,,,,,,,,,,,,,,,,,,
220-222,Datori d'impulso elettronici,Grado di protezione,XTR B,786041,IP54,XTR B INOX,786040,IP54,,,,,,,,,,,,,,,,,,,,,,,,,,,
220-222,Datori d'impulso elettronici,Dimensioni (LxPxH),XTR B,786041,100 x 21 x 72 mm,XTR B INOX,786040,100 x 21 x 72 mm,,,,,,,,,,,,,,,,,,,,,,,,,,,
220-222,Datori d'impulso elettronici,Formato TAG,XTR B,786041,"Portachiavi a 13,56 MHz",XTR B INOX,786040,"Portachiavi a 13,56 MHz",,,,,,,,,,,,,,,,,,,,,,,,,,,
220-222,Datori d'impulso elettronici,Tipologia di installazione,XKP W 433,404037,a parete o su colonnetta,XKP W 868,404038,a parete o su colonnetta,,,,,,,,,,,,,,,,,,,,,,,,,,,
220-222,Datori d'impulso elettronici,Frequenza di emissione,XKP W 433,404037,433.92 MHz,XKP W 868,404038,868.35 MHz,,,,,,,,,,,,,,,,,,,,,,,,,,,
220-222,Datori d'impulso elettronici,Decodifica segnale radio,XKP W 433,404037,SLH: Rolling code criptato ad autoapprendimento,XKP W 868,404038,SLH: Rolling code criptato ad autoapprendimento,,,,,,,,,,,,,,,,,,,,,,,,,,,
220-222,Datori d'impulso elettronici,Tensione di alimentazione,XKP W 433,404037,Alimentazione a batteria CR2450 3 W qt. 2,XKP W 868,404038,Alimentazione a batteria CR2450 3 W qt. 2,,,,,,,,,,,,,,,,,,,,,,,,,,,
220-222,Datori d'impulso elettronici,Durata media batteria,XKP W 433,404037,2 anni,XKP W 868,404038,2 anni,,,,,,,,,,,,,,,,,,,,,,,,,,,
220-222,Datori d'impulso elettronici,Grado di protezione,XKP W 433,404037,IP54,XKP W 868,404038,IP54,,,,,,,,,,,,,,,,,,,,,,,,,,,
220-222,Datori d'impulso elettronici,Dimensioni (LxPxH),XKP W 433,404037,72 x 21 x 100 mm,XKP W 868,404038,72 x 21 x 100 mm,,,,,,,,,,,,,,,,,,,,,,,,,,,
220-222,Datori d'impulso elettronici,Temperatura ambiente di esercizio,XKP W 433,404037,-20 °C +55 °C,XKP W 868,404038,-20 °C +55 °C,,,,,,,,,,,,,,,,,,,,,,,,,,,
220-222,Datori d'impulso elettronici,Numero max. di codici utente,XKP W 433,404037,255,XKP W 868,404038,255,,,,,,,,,,,,,,,,,,,,,,,,,,,
220-222,Datori d'impulso elettronici,Numero max. di comandi,XKP W 433,404037,4,XKP W 868,404038,4,,,,,,,,,,,,,,,,,,,,,,,,,,,
220-222,Datori d'impulso elettronici,Tipologia di installazione,XKP B INOX,404039,a parete o su colonnetta,,,,,,,,,,,,,,,,,,,,,,,,,,,,,,
220-222,Datori d'impulso elettronici,Tensione di alimentazione,XKP B INOX,404039,"Bus 2easy, a 2 fili non polarizzati 24 V",,,,,,,,,,,,,,,,,,,,,,,,,,,,,,
220-222,Datori d'impulso elettronici,Grado di protezione,XKP B INOX,404039,IP54,,,,,,,,,,,,,,,,,,,,,,,,,,,,,,
220-222,Datori d'impulso elettronici,Dimensioni (LxPxH),XKP B INOX,404039,72 x 21 x 100 mm,,,,,,,,,,,,,,,,,,,,,,,,,,,,,,
220-222,Datori d'impulso elettronici,Temperatura ambiente di esercizio,XKP B INOX,404039,-20 °C +55 °C,,,,,,,,,,,,,,,,,,,,,,,,,,,,,,
220-222,Datori d'impulso elettronici,Numero max. di codici utente,XKP B INOX,404039,255,,,,,,,,,,,,,,,,,,,,,,,,,,,,,,
220-222,Datori d'impulso elettronici,Numero max. di comandi,XKP B INOX,404039,2 (fino a 4 con adattatore XBR4),,,,,,,,,,,,,,,,,,,,,,,,,,,,,,
223,Alimentatore supplementare,Numero spire collegabili,FG1,785529,1,FG2,785527,2,,,,,,,,,,,,,,,,,,,,,,,,,,,
223,Alimentatore supplementare,Tensione di alimentazione,FG1,785529,24V,FG2,785527,24V,,,,,,,,,,,,,,,,,,,,,,,,,,,
223,Alimentatore supplementare,Portata contatti,FG1,785529,250 mA / 24V,FG2,785527,250 mA / 24V,,,,,,,,,,,,,,,,,,,,,,,,,,,
223,Alimentatore supplementare,Livelli di sensibilità indipendenti dall&apos;induttanza spira,FG1,785529,4,FG2,785527,4,,,,,,,,,,,,,,,,,,,,,,,,,,,
223,Alimentatore supplementare,Tipologia di installazione,FG1,785529,su guida DIN,FG2,785527,su guida DIN,,,,,,,,,,,,,,,,,,,,,,,,,,,
223,Alimentatore supplementare,Temperatura ambiente di esercizio,FG1,785529,-20°C ÷ +55°C,FG2,785527,-20°C ÷ +55°C,,,,,,,,,,,,,,,,,,,,,,,,,,,
223,Alimentatore supplementare,Tensione di alimentazione,MINISERVICE,790904,230V~ (+5% - 10%) 50(60) Hz,,,,,,,,,,,,,,,,,,,,,,,,,,,,,,
223,Alimentatore supplementare,Potenza max,MINISERVICE,790904,35 VA W,,,,,,,,,,,,,,,,,,,,,,,,,,,,,,
223,Alimentatore supplementare,Portata contatti,MINISERVICE,790904,10 A / 24V,,,,,,,,,,,,,,,,,,,,,,,,,,,,,,
223,Alimentatore supplementare,Tensione di alimentazione elettroserratura,MINISERVICE,790904,12V~,,,,,,,,,,,,,,,,,,,,,,,,,,,,,,
223,Alimentatore supplementare,Tensione di alimentazione accessori,MINISERVICE,790904,500 mA / 24V,,,,,,,,,,,,,,,,,,,,,,,,,,,,,,
223,Alimentatore supplementare,Temperatura ambiente di esercizio,MINISERVICE,790904,-20°C ÷ +55°C,,,,,,,,,,,,,,,,,,,,,,,,,,,,,,
223,Alimentatore supplementare,Tipologia di installazione,XTR B,786041,a parete o su colonnetta,XTR B INOX,786040,a parete o su colonnetta,,,,,,,,,,,,,,,,,,,,,,,,,,,
223,Alimentatore supplementare,Tensione di alimentazione,XTR B,786041,"Bus 2easy, a 2 fili non polarizzati 24 V",XTR B INOX,786040,"Bus 2easy, a 2 fili non polarizzati 24 V",,,,,,,,,,,,,,,,,,,,,,,,,,,
223,Alimentatore supplementare,Consumo max,XTR B,786041,50 mA,XTR B INOX,786040,50 mA,,,,,,,,,,,,,,,,,,,,,,,,,,,
223,Alimentatore supplementare,Numero max LETTORI collegabili su scheda con Bus2Easy,XTR B,786041,14 (monocanale) - 4 (bicanale),XTR B INOX,786040,14 (monocanale) - 4 (bicanale),,,,,,,,,,,,,,,,,,,,,,,,,,,
223,Alimentatore supplementare,Grado di protezione,XTR B,786041,IP54,XTR B INOX,786040,IP54,,,,,,,,,,,,,,,,,,,,,,,,,,,
223,Alimentatore supplementare,Dimensioni (LxPxH),XTR B,786041,100 x 21 x 72 mm,XTR B INOX,786040,100 x 21 x 72 mm,,,,,,,,,,,,,,,,,,,,,,,,,,,
223,Alimentatore supplementare,Formato TAG,XTR B,786041,"Portachiavi a 13,56 MHz",XTR B INOX,786040,"Portachiavi a 13,56 MHz",,,,,,,,,,,,,,,,,,,,,,,,,,,
224-225,Fotocellule da parete orientabili,Tensione di alimentazione,XP 20W D,785104,Rx:12 ÷ 24V~ - 12 ÷ 24 V,,,,,,,,,,,,,,,,,,,,,,,,,,,,,,
224-225,Fotocellule da parete orientabili,Distanza max fotocellule,XP 20W D,785104,20 m,,,,,,,,,,,,,,,,,,,,,,,,,,,,,,
224-225,Fotocellule da parete orientabili,Tipologia di installazione,XP 20W D,785104,a parete,,,,,,,,,,,,,,,,,,,,,,,,,,,,,,
224-225,Fotocellule da parete orientabili,Grado di protezione,XP 20W D,785104,IP54,,,,,,,,,,,,,,,,,,,,,,,,,,,,,,
224-225,Fotocellule da parete orientabili,Angolo di autoallineamento,XP 20W D,785104,"± 7° (20 m) ± 13,5° (5 m)",,,,,,,,,,,,,,,,,,,,,,,,,,,,,,
224-225,Fotocellule da parete orientabili,Angolo di orientamento orizzontale,XP 20W D,785104,-90° +90°,,,,,,,,,,,,,,,,,,,,,,,,,,,,,,
224-225,Fotocellule da parete orientabili,Dimensioni (LxPxH),XP 20W D,785104,"41,5 x 42,5 x 130 mm",,,,,,,,,,,,,,,,,,,,,,,,,,,,,,
224-225,Fotocellule da parete orientabili,Corrente assorbita,XP 20W D,785104,Rx (30 mA) + Tx (40 mA a batteria o 5 mA a 24V,,,,,,,,,,,,,,,,,,,,,,,,,,,,,,
224-225,Fotocellule da parete orientabili,Temperatura ambiente di esercizio,XP 20W D,785104,-20°C ÷ +55°C,,,,,,,,,,,,,,,,,,,,,,,,,,,,,,
224-225,Fotocellule da parete orientabili,Tensione di alimentazione,XP 20 D,785102,24V,,,,,,,,,,,,,,,,,,,,,,,,,,,,,,
224-225,Fotocellule da parete orientabili,Distanza max fotocellule,XP 20 D,785102,20 m,,,,,,,,,,,,,,,,,,,,,,,,,,,,,,
224-225,Fotocellule da parete orientabili,Tipologia di installazione,XP 20 D,785102,a parete,,,,,,,,,,,,,,,,,,,,,,,,,,,,,,
224-225,Fotocellule da parete orientabili,Grado di protezione,XP 20 D,785102,IP54,,,,,,,,,,,,,,,,,,,,,,,,,,,,,,
224-225,Fotocellule da parete orientabili,Angolo di autoallineamento,XP 20 D,785102,"± 7° (20m) ± 13,5° (5m)",,,,,,,,,,,,,,,,,,,,,,,,,,,,,,
224-225,Fotocellule da parete orientabili,Angolo di orientamento orizzontale,XP 20 D,785102,-90° +90°,,,,,,,,,,,,,,,,,,,,,,,,,,,,,,
224-225,Fotocellule da parete orientabili,Dimensioni (LxPxH),XP 20 D,785102,"41,5 x 42,5 x 130 mm",,,,,,,,,,,,,,,,,,,,,,,,,,,,,,
224-225,Fotocellule da parete orientabili,Corrente assorbita,XP 20 D,785102,Rx (30 mA) + Tx (20 mA),,,,,,,,,,,,,,,,,,,,,,,,,,,,,,
224-225,Fotocellule da parete orientabili,Tipo di contatti,XP 20 D,785102,N.C.,,,,,,,,,,,,,,,,,,,,,,,,,,,,,,
224-225,Fotocellule da parete orientabili,Portata contatti,XP 20 D,785102,60 VA / 24 W,,,,,,,,,,,,,,,,,,,,,,,,,,,,,,
224-225,Fotocellule da parete orientabili,Temperatura ambiente di esercizio,XP 20 D,785102,-20°C ÷ +55°C,,,,,,,,,,,,,,,,,,,,,,,,,,,,,,
224-225,Fotocellule da parete orientabili,Tensione di alimentazione,XP 20B D,785103,"BUS 2easy, a 2 fili non polarizzati 24V",,,,,,,,,,,,,,,,,,,,,,,,,,,,,,
224-225,Fotocellule da parete orientabili,Distanza max fotocellule,XP 20B D,785103,20 m,,,,,,,,,,,,,,,,,,,,,,,,,,,,,,
224-225,Fotocellule da parete orientabili,Tipologia di installazione,XP 20B D,785103,a parete,,,,,,,,,,,,,,,,,,,,,,,,,,,,,,
224-225,Fotocellule da parete orientabili,Grado di protezione,XP 20B D,785103,IP54,,,,,,,,,,,,,,,,,,,,,,,,,,,,,,
224-225,Fotocellule da parete orientabili,Angolo di autoallineamento,XP 20B D,785103,"± 7° (20 m) ± 13,5° (5 m)",,,,,,,,,,,,,,,,,,,,,,,,,,,,,,
224-225,Fotocellule da parete orientabili,Angolo di orientamento orizzontale,XP 20B D,785103,-90° +90°,,,,,,,,,,,,,,,,,,,,,,,,,,,,,,
224-225,Fotocellule da parete orientabili,Dimensioni (LxPxH),XP 20B D,785103,"41,5 x 42,5 x 130 mm",,,,,,,,,,,,,,,,,,,,,,,,,,,,,,
224-225,Fotocellule da parete orientabili,Corrente assorbita,XP 20B D,785103,Rx (10 mA) + Tx (10 mA),,,,,,,,,,,,,,,,,,,,,,,,,,,,,,
224-225,Fotocellule da parete orientabili,Temperatura ambiente di esercizio,XP 20B D,785103,-20°C ÷ +55°C,,,,,,,,,,,,,,,,,,,,,,,,,,,,,,
226,Fotocellule da parete o incasso,Tensione di alimentazione,XP 30,785105,24V,XP 30 INOX,7851051,24V,,,,,,,,,,,,,,,,,,,,,,,,,,,
226,Fotocellule da parete o incasso,Distanza max fotocellule,XP 30,785105,30 m,XP 30 INOX,7851051,30 m,,,,,,,,,,,,,,,,,,,,,,,,,,,
226,Fotocellule da parete o incasso,Tipologia di installazione,XP 30,785105,a parete/colonnetta,XP 30 INOX,7851051,a parete/colonnetta,,,,,,,,,,,,,,,,,,,,,,,,,,,
226,Fotocellule da parete o incasso,Grado di protezione,XP 30,785105,IP54,XP 30 INOX,7851051,IP54,,,,,,,,,,,,,,,,,,,,,,,,,,,
226,Fotocellule da parete o incasso,Tipo di allineamento,XP 30,785105,Automatica,XP 30 INOX,7851051,Automatica,,,,,,,,,,,,,,,,,,,,,,,,,,,
226,Fotocellule da parete o incasso,Angolo di autoallineamento,XP 30,785105,"± 7° (20m) ± 13,5° (5m)",XP 30 INOX,7851051,"± 7° (20m) ± 13,5° (5m)",,,,,,,,,,,,,,,,,,,,,,,,,,,
226,Fotocellule da parete o incasso,Dimensioni (LxPxH),XP 30,785105,"55,4 x 21,5 x 78,4 mm",XP 30 INOX,7851051,"55,4 x 21,5 x 78,4 mm",,,,,,,,,,,,,,,,,,,,,,,,,,,
226,Fotocellule da parete o incasso,Corrente assorbita,XP 30,785105,Rx (30 mA) + Tx (20 mA),XP 30 INOX,7851051,Rx (30 mA) + Tx (20 mA),,,,,,,,,,,,,,,,,,,,,,,,,,,
226,Fotocellule da parete o incasso,Tipo di contatti,XP 30,785105,Relay - N.C./N.O.,XP 30 INOX,7851051,Relay - N.C./N.O.,,,,,,,,,,,,,,,,,,,,,,,,,,,
226,Fotocellule da parete o incasso,Portata contatti,XP 30,785105,60 VA / 24 W,XP 30 INOX,7851051,60 VA / 24 W,,,,,,,,,,,,,,,,,,,,,,,,,,,
226,Fotocellule da parete o incasso,Temperatura ambiente di esercizio,XP 30,785105,-20°C ÷ +55°C,XP 30 INOX,7851051,-20°C ÷ +55°C,,,,,,,,,,,,,,,,,,,,,,,,,,,
226,Fotocellule da parete o incasso,Tensione di alimentazione,XP 30B,785106,"BUS 2easy, a 2 fili non polarizzati 24V",XP 30B INOX,7851061,"BUS 2easy, a 2 fili non polarizzati 24V",,,,,,,,,,,,,,,,,,,,,,,,,,,
226,Fotocellule da parete o incasso,Distanza max fotocellule,XP 30B,785106,30 m,XP 30B INOX,7851061,30 m,,,,,,,,,,,,,,,,,,,,,,,,,,,
226,Fotocellule da parete o incasso,Tipologia di installazione,XP 30B,785106,a parete/colonnetta,XP 30B INOX,7851061,a parete/colonnetta,,,,,,,,,,,,,,,,,,,,,,,,,,,
226,Fotocellule da parete o incasso,Grado di protezione,XP 30B,785106,IP54,XP 30B INOX,7851061,IP54,,,,,,,,,,,,,,,,,,,,,,,,,,,
226,Fotocellule da parete o incasso,Tipo di allineamento,XP 30B,785106,Automatica,XP 30B INOX,7851061,Automatica,,,,,,,,,,,,,,,,,,,,,,,,,,,
226,Fotocellule da parete o incasso,Angolo di autoallineamento,XP 30B,785106,"± 7° (20m) ± 13,5° (5m)",XP 30B INOX,7851061,"± 7° (20m) ± 13,5° (5m)",,,,,,,,,,,,,,,,,,,,,,,,,,,
226,Fotocellule da parete o incasso,Dimensioni (LxPxH),XP 30B,785106,"55,4 x 21,5 x 78,4 mm",XP 30B INOX,7851061,"55,4 x 21,5 x 78,4 mm",,,,,,,,,,,,,,,,,,,,,,,,,,,
226,Fotocellule da parete o incasso,Corrente assorbita,XP 30B,785106,Rx (25 mA) + Tx (15 mA),XP 30B INOX,7851061,Rx (25 mA) + Tx (15 mA),,,,,,,,,,,,,,,,,,,,,,,,,,,
226,Fotocellule da parete o incasso,Temperatura ambiente di esercizio,XP 30B,785106,-20°C ÷ +55°C,XP 30B INOX,7851061,-20°C ÷ +55°C,,,,,,,,,,,,,,,,,,,,,,,,,,,
227-228,XS Costa di sicurezza,Gestione,CN 60 E,785200,fino a due serie composte da 4 coste di sicurezza resistive 8K2 in parallelo,,,,,,,,,,,,,,,,,,,,,,,,,,,,,,
227-228,XS Costa di sicurezza,Caratteristiche,CN 60 E,785200,Ingresso test,,,,,,,,,,,,,,,,,,,,,,,,,,,,,,
227-228,XS Costa di sicurezza,Grado di protezione,CN 60 E,785200,IP20,,,,,,,,,,,,,,,,,,,,,,,,,,,,,,
227-228,XS Costa di sicurezza,Temperatura ambiente di esercizio,CN 60 E,785200,-20°C ÷ + 55°C,,,,,,,,,,,,,,,,,,,,,,,,,,,,,,
227-228,XS Costa di sicurezza,Tensione di alimentazione,XP 30,785105,24V,XP 30 INOX,7851051,24V,,,,,,,,,,,,,,,,,,,,,,,,,,,
227-228,XS Costa di sicurezza,Distanza max fotocellule,XP 30,785105,30 m,XP 30 INOX,7851051,30 m,,,,,,,,,,,,,,,,,,,,,,,,,,,
227-228,XS Costa di sicurezza,Tipologia di installazione,XP 30,785105,a parete/colonnetta,XP 30 INOX,7851051,a parete/colonnetta,,,,,,,,,,,,,,,,,,,,,,,,,,,
227-228,XS Costa di sicurezza,Grado di protezione,XP 30,785105,IP54,XP 30 INOX,7851051,IP54,,,,,,,,,,,,,,,,,,,,,,,,,,,
227-228,XS Costa di sicurezza,Tipo di allineamento,XP 30,785105,Automatica,XP 30 INOX,7851051,Automatica,,,,,,,,,,,,,,,,,,,,,,,,,,,
227-228,XS Costa di sicurezza,Angolo di autoallineamento,XP 30,785105,"± 7° (20m) ± 13,5° (5m)",XP 30 INOX,7851051,"± 7° (20m) ± 13,5° (5m)",,,,,,,,,,,,,,,,,,,,,,,,,,,
227-228,XS Costa di sicurezza,Dimensioni (LxPxH),XP 30,785105,"55,4 x 21,5 x 78,4 mm",XP 30 INOX,7851051,"55,4 x 21,5 x 78,4 mm",,,,,,,,,,,,,,,,,,,,,,,,,,,
227-228,XS Costa di sicurezza,Corrente assorbita,XP 30,785105,Rx (30 mA) + Tx (20 mA),XP 30 INOX,7851051,Rx (30 mA) + Tx (20 mA),,,,,,,,,,,,,,,,,,,,,,,,,,,
227-228,XS Costa di sicurezza,Tipo di contatti,XP 30,785105,Relay - N.C./N.O.,XP 30 INOX,7851051,Relay - N.C./N.O.,,,,,,,,,,,,,,,,,,,,,,,,,,,
227-228,XS Costa di sicurezza,Portata contatti,XP 30,785105,60 VA / 24 W,XP 30 INOX,7851051,60 VA / 24 W,,,,,,,,,,,,,,,,,,,,,,,,,,,
227-228,XS Costa di sicurezza,Temperatura ambiente di esercizio,XP 30,785105,-20°C ÷ +55°C,XP 30 INOX,7851051,-20°C ÷ +55°C,,,,,,,,,,,,,,,,,,,,,,,,,,,
227-228,XS Costa di sicurezza,Tensione di alimentazione,XP 30B,785106,"BUS 2easy, a 2 fili non polarizzati 24V",XP 30B INOX,7851061,"BUS 2easy, a 2 fili non polarizzati 24V",,,,,,,,,,,,,,,,,,,,,,,,,,,
227-228,XS Costa di sicurezza,Distanza max fotocellule,XP 30B,785106,30 m,XP 30B INOX,7851061,30 m,,,,,,,,,,,,,,,,,,,,,,,,,,,
227-228,XS Costa di sicurezza,Tipologia di installazione,XP 30B,785106,a parete/colonnetta,XP 30B INOX,7851061,a parete/colonnetta,,,,,,,,,,,,,,,,,,,,,,,,,,,
227-228,XS Costa di sicurezza,Grado di protezione,XP 30B,785106,IP54,XP 30B INOX,7851061,IP54,,,,,,,,,,,,,,,,,,,,,,,,,,,
227-228,XS Costa di sicurezza,Tipo di allineamento,XP 30B,785106,Automatica,XP 30B INOX,7851061,Automatica,,,,,,,,,,,,,,,,,,,,,,,,,,,
227-228,XS Costa di sicurezza,Angolo di autoallineamento,XP 30B,785106,"± 7° (20m) ± 13,5° (5m)",XP 30B INOX,7851061,"± 7° (20m) ± 13,5° (5m)",,,,,,,,,,,,,,,,,,,,,,,,,,,
227-228,XS Costa di sicurezza,Dimensioni (LxPxH),XP 30B,785106,"55,4 x 21,5 x 78,4 mm",XP 30B INOX,7851061,"55,4 x 21,5 x 78,4 mm",,,,,,,,,,,,,,,,,,,,,,,,,,,
227-228,XS Costa di sicurezza,Corrente assorbita,XP 30B,785106,Rx (25 mA) + Tx (15 mA),XP 30B INOX,7851061,Rx (25 mA) + Tx (15 mA),,,,,,,,,,,,,,,,,,,,,,,,,,,
227-228,XS Costa di sicurezza,Temperatura ambiente di esercizio,XP 30B,785106,-20°C ÷ +55°C,XP 30B INOX,7851061,-20°C ÷ +55°C,,,,,,,,,,,,,,,,,,,,,,,,,,,
234,Sensori Laser,Altezza profilo in gomma,M60,736425,60 mm,,,,,,,,,,,,,,,,,,,,,,,,,,,,,,
234,Sensori Laser,Grado di protezione,M60,736425,IP 55,,,,,,,,,,,,,,,,,,,,,,,,,,,,,,
234,Sensori Laser,Temperatura ambiente di esercizio,M60,736425,-20°C ÷ +55°C,,,,,,,,,,,,,,,,,,,,,,,,,,,,,,
235,M60 Costa elettromeccanica,Altezza profilo in gomma,M60,736425,60 mm,,,,,,,,,,,,,,,,,,,,,,,,,,,,,,
235,M60 Costa elettromeccanica,Grado di protezione,M60,736425,IP 55,,,,,,,,,,,,,,,,,,,,,,,,,,,,,,
235,M60 Costa elettromeccanica,Temperatura ambiente di esercizio,M60,736425,-20°C ÷ +55°C,,,,,,,,,,,,,,,,,,,,,,,,,,,,,,
240-241,RL200,Tensione di alimentazione di rete,RL200 REVERSIBILE,109950,220-240V ~ 50/60Hz,RL200 EF,109951,220-240V ~ 50/60Hz,,,,,,,,,,,,,,,,,,,,,,,,,,,
240-241,RL200,Coppia max,RL200 REVERSIBILE,109950,170 Nm (*),RL200 EF,109951,170 Nm (*),,,,,,,,,,,,,,,,,,,,,,,,,,,
240-241,RL200,Temperatura ambiente di esercizio,RL200 REVERSIBILE,109950,-20°C ÷ + 55°C,RL200 EF,109951,-20°C ÷ + 55°C,,,,,,,,,,,,,,,,,,,,,,,,,,,
240-241,RL200,Capacità di sollevamento,RL200 REVERSIBILE,109950,170 Kg (*),RL200 EF,109951,170 Kg (*),,,,,,,,,,,,,,,,,,,,,,,,,,,
240-241,RL200,Velocità max,RL200 REVERSIBILE,109950,10 rpm (*),RL200 EF,109951,10 rpm (*),,,,,,,,,,,,,,,,,,,,,,,,,,,
240-241,RL200,Diametro albero serranda,RL200 REVERSIBILE,109950,60 mm e 48/42 mm (con accessorio cod. 391452),RL200 EF,109951,60 mm e 48/42 mm (con accessorio cod. 391452),,,,,,,,,,,,,,,,,,,,,,,,,,,
240-241,RL200,Diametro scatole portamolle,RL200 REVERSIBILE,109950,200/220 mm,RL200 EF,109951,200/220 mm,,,,,,,,,,,,,,,,,,,,,,,,,,,
240-241,RL200,Altezza max serranda,RL200 REVERSIBILE,109950,6 m,RL200 EF,109951,6 m,,,,,,,,,,,,,,,,,,,,,,,,,,,
240-241,RL200,Larghezza max serranda,RL200 REVERSIBILE,109950,"4,5 m",RL200 EF,109951,"4,5 m",,,,,,,,,,,,,,,,,,,,,,,,,,,
240-241,RL200,Peso operatore,RL200 REVERSIBILE,109950,8 Kg,RL200 EF,109951,8 Kg,,,,,,,,,,,,,,,,,,,,,,,,,,,
240-241,RL200,Apparecchiatura elettronica,RL200 REVERSIBILE,109950,Non compresa,RL200 EF,109951,Non compresa,,,,,,,,,,,,,,,,,,,,,,,,,,,
242-243,RH200B,Tensione di alimentazione di rete,RH200B / RH200B EF,109961,220-240V ~ 50/60Hz,,,,,,,,,,,,,,,,,,,,,,,,,,,,,,
242-243,RH200B,Coppia max,RH200B / RH200B EF,109961,280 Nm (*),,,,,,,,,,,,,,,,,,,,,,,,,,,,,,
242-243,RH200B,Temperatura ambiente di esercizio,RH200B / RH200B EF,109961,-20°C ÷ + 55°C,,,,,,,,,,,,,,,,,,,,,,,,,,,,,,
242-243,RH200B,Capacità di sollevamento,RH200B / RH200B EF,109961,280 Kg (*),,,,,,,,,,,,,,,,,,,,,,,,,,,,,,
242-243,RH200B,Velocità max,RH200B / RH200B EF,109961,9 rpm (*),,,,,,,,,,,,,,,,,,,,,,,,,,,,,,
242-243,RH200B,Diametro albero serranda,RH200B / RH200B EF,109961,60 mm e 48/42 mm (aggiungere accessorio 391452),,,,,,,,,,,,,,,,,,,,,,,,,,,,,,
242-243,RH200B,Diametro scatole portamolle,RH200B / RH200B EF,109961,200/220 mm,,,,,,,,,,,,,,,,,,,,,,,,,,,,,,
242-243,RH200B,Altezza max serranda,RH200B / RH200B EF,109961,6 m,,,,,,,,,,,,,,,,,,,,,,,,,,,,,,
242-243,RH200B,Larghezza max serranda,RH200B / RH200B EF,109961,"4,5 m",,,,,,,,,,,,,,,,,,,,,,,,,,,,,,
242-243,RH200B,Peso operatore,RH200B / RH200B EF,109961,"12,5 Kg",,,,,,,,,,,,,,,,,,,,,,,,,,,,,,
242-243,RH200B,Apparecchiatura elettronica,RH200B / RH200B EF,109961,Non compresa,,,,,,,,,,,,,,,,,,,,,,,,,,,,,,
244-245,RH240,Tensione di alimentazione di rete,RH240 EF,109971,220-240V ~ 50/60Hz,,,,,,,,,,,,,,,,,,,,,,,,,,,,,,
244-245,RH240,Coppia max,RH240 EF,109971,210 Nm (*),,,,,,,,,,,,,,,,,,,,,,,,,,,,,,
244-245,RH240,Temperatura ambiente di esercizio,RH240 EF,109971,-20°C ÷ + 55°C,,,,,,,,,,,,,,,,,,,,,,,,,,,,,,
244-245,RH240,Capacità di sollevamento,RH240 EF,109971,180 Kg (*),,,,,,,,,,,,,,,,,,,,,,,,,,,,,,
244-245,RH240,Velocità max,RH240 EF,109971,9 rpm (*),,,,,,,,,,,,,,,,,,,,,,,,,,,,,,
244-245,RH240,Diametro albero serranda,RH240 EF,109971,76 mm,,,,,,,,,,,,,,,,,,,,,,,,,,,,,,
244-245,RH240,Diametro scatole portamolle,RH240 EF,109971,240 mm,,,,,,,,,,,,,,,,,,,,,,,,,,,,,,
244-245,RH240,Altezza max serranda,RH240 EF,109971,6 m,,,,,,,,,,,,,,,,,,,,,,,,,,,,,,
244-245,RH240,Larghezza max serranda,RH240 EF,109971,"4,5 m",,,,,,,,,,,,,,,,,,,,,,,,,,,,,,
244-245,RH240,Peso operatore,RH240 EF,109971,10 Kg,,,,,,,,,,,,,,,,,,,,,,,,,,,,,,
244-245,RH240,Apparecchiatura elettronica,RH240 EF,109971,Non compresa,,,,,,,,,,,,,,,,,,,,,,,,,,,,,,
062-063,TM2K KIT MINI,Coppia max,TM2K 25/17,143201,25 Nm,TM2K 30/17,143202,30 Nm,TM2K 50/12,143203,50 Nm,,,,,,,,,,,,,,,,,,,,,,,,
062-063,TM2K KIT MINI,Capacità di sollevamento,TM2K 25/17,143201,45 Kg,TM2K 30/17,143202,55 Kg,TM2K 50/12,143203,90 Kg,,,,,,,,,,,,,,,,,,,,,,,,
062-063,TM2K KIT MINI,Velocità max,TM2K 25/17,143201,17 giri/min,TM2K 30/17,143202,17 giri/min,TM2K 50/12,143203,12 giri/min,,,,,,,,,,,,,,,,,,,,,,,,
062-063,TM2K KIT MINI,Frequenza di utilizzo,TM2K 25/17,143201,20%,TM2K 30/17,143202,20%,TM2K 50/12,143203,20%,,,,,,,,,,,,,,,,,,,,,,,,
062-063,TM2K KIT MINI,Tempo di utilizzo continuo (ROT),TM2K 25/17,143201,240 s,TM2K 30/17,143202,240 s,TM2K 50/12,143203,240 s,,,,,,,,,,,,,,,,,,,,,,,,
062-063,TM2K KIT MINI,Tensione di alimentazione di rete,TM2K 25/17,143201,230V~ 50Hz,TM2K 30/17,143202,230V~ 50Hz,TM2K 50/12,143203,230V~ 50Hz,,,,,,,,,,,,,,,,,,,,,,,,
062-063,TM2K KIT MINI,Potenza max,TM2K 25/17,143201,225 W,TM2K 30/17,143202,250 W,TM2K 50/12,143203,275 W,,,,,,,,,,,,,,,,,,,,,,,,
062-063,TM2K KIT MINI,Corsa max,TM2K 25/17,143201,25,TM2K 30/17,143202,25,TM2K 50/12,143203,25,,,,,,,,,,,,,,,,,,,,,,,,
062-063,TM2K KIT MINI,Diametro motore,TM2K 25/17,143201,45 mm,TM2K 30/17,143202,45 mm,TM2K 50/12,143203,45 mm,,,,,,,,,,,,,,,,,,,,,,,,
062-063,TM2K KIT MINI,Lunghezza con adattatore (L),TM2K 25/17,143201,546 mm,TM2K 30/17,143202,546 mm,TM2K 50/12,143203,546 mm,,,,,,,,,,,,,,,,,,,,,,,,
062-063,TM2K KIT MINI,Grado di protezione,TM2K 25/17,143201,IP 44,TM2K 30/17,143202,IP 44,TM2K 50/12,143203,IP 44,,,,,,,,,,,,,,,,,,,,,,,,
