Product,Page,DIMENSIONI E CARATTERISTICHE TECNICHE,nome_modello1,codici_modelli1,value-codici_modelli1,nome_modello2,codici_modelli2,value-codici_modelli2,nome_modello3,codici_modelli3,value-codici_modelli3,nome_modello4,codici_modelli4,value-codici_modelli4,nome_modello5,codici_modelli5,value-codici_modelli5,nome_modello6,codici_modelli6,value-codici_modelli6,nome_modello7,codici_modelli7,value-codici_modelli7,nome_modello8,codici_modelli8,value-codici_modelli8,nome_modello9,codici_modelli9,value-codici_modelli9,nome_modello10,codici_modelli10,value-codici_modelli10,nome_modello11,codici_modelli11,value-codici_modelli11,nome_modello12,codici_modelli12,value-codici_modelli12,nome_modello13,codici_modelli13,value-codici_modelli13,nome_modello14,codici_modelli14,value-codici_modelli14,nome_modello15,codici_modelli15,value-codici_modelli15,nome_modello16,codici_modelli16,value-codici_modelli16,nome_modello17,codici_modelli17,value-codici_modelli17,nome_modello18,codici_modelli18,value-codici_modelli18,nome_modello19,codici_modelli19,value-codici_modelli19,nome_modello20,codici_modelli20,value-codici_modelli20,nome_modello21,codici_modelli21,value-codici_modelli21,nome_modello22,codici_modelli22,value-codici_modelli22,nome_modello23,codici_modelli23,value-codici_modelli23,nome_modello24,codici_modelli24,value-codici_modelli24,nome_modello25,codici_modelli25,value-codici_modelli25,nome_modello26,codici_modelli26,value-codici_modelli26,nome_modello27,codici_modelli27,value-codici_modelli27,nome_modello28,codici_modelli28,value-codici_modelli28,nome_modello29,codici_modelli29,value-codici_modelli29,nome_modello30,codici_modelli30,value-codici_modelli30,nome_modello31,codici_modelli31,value-codici_modelli31,nome_modello32,codici_modelli32,value-codici_modelli32,nome_modello33,codici_modelli33,value-codici_modelli33,nome_modello34,codici_modelli34,value-codici_modelli34,nome_modello35,codici_modelli35,value-codici_modelli35,nome_modello36,codici_modelli36,value-codici_modelli36,nome_modello37,codici_modelli37,value-codici_modelli37,nome_modello38,codici_modelli38,value-codici_modelli38,nome_modello39,codici_modelli39,value-codici_modelli39,nome_modello40,codici_modelli40,value-codici_modelli40,nome_modello41,codici_modelli41,value-codici_modelli41,nome_modello42,codici_modelli42,value-codici_modelli42,nome_modello43,codici_modelli43,value-codici_modelli43,nome_modello44,codici_modelli44,value-codici_modelli44,nome_modello45,codici_modelli45,value-codici_modelli45,nome_modello46,codici_modelli46,value-codici_modelli46,nome_modello47,codici_modelli47,value-codici_modelli47,nome_modello48,codici_modelli48,value-codici_modelli48,nome_modello49,codici_modelli49,value-codici_modelli49,nome_modello50,codici_modelli50,value-codici_modelli50,nome_modello51,codici_modelli51,value-codici_modelli51,nome_modello52,codici_modelli52,value-codici_modelli52,nome_modello53,codici_modelli53,value-codici_modelli53,nome_modello54,codici_modelli54,value-codici_modelli54,nome_modello55,codici_modelli55,value-codici_modelli55,nome_modello56,codici_modelli56,value-codici_modelli56,nome_modello57,codici_modelli57,value-codici_modelli57,nome_modello58,codici_modelli58,value-codici_modelli58,nome_modello59,codici_modelli59,value-codici_modelli59,nome_modello60,codici_modelli60,value-codici_modelli60,nome_modello61,codici_modelli61,value-codici_modelli61,nome_modello62,codici_modelli62,value-codici_modelli62,nome_modello63,codici_modelli63,value-codici_modelli63,nome_modello64,codici_modelli64,value-codici_modelli64,nome_modello65,codici_modelli65,value-codici_modelli65,nome_modello66,codici_modelli66,value-codici_modelli66,nome_modello67,codici_modelli67,value-codici_modelli67,nome_modello68,codici_modelli68,value-codici_modelli68,nome_modello69,codici_modelli69,value-codici_modelli69,nome_modello70,codici_modelli70,value-codici_modelli70,nome_modello71,codici_modelli71,value-codici_modelli71,nome_modello72,codici_modelli72,value-codici_modelli72,nome_modello73,codici_modelli73,value-codici_modelli73,nome_modello74,codici_modelli74,value-codici_modelli74,nome_modello75,codici_modelli75,value-codici_modelli75,nome_modello76,codici_modelli76,value-codici_modelli76,nome_modello77,codici_modelli77,value-codici_modelli77,nome_modello78,codici_modelli78,value-codici_modelli78,nome_modello79,codici_modelli79,value-codici_modelli79,nome_modello80,codici_modelli80,value-codici_modelli80,nome_modello81,codici_modelli81,value-codici_modelli81,nome_modello82,codici_modelli82,value-codici_modelli82,nome_modello83,codici_modelli83,value-codici_modelli83,nome_modello84,codici_modelli84,value-codici_modelli84,nome_modello85,codici_modelli85,value-codici_modelli85,nome_modello86,codici_modelli86,value-codici_modelli86,nome_modello87,codici_modelli87,value-codici_modelli87,nome_modello88,codici_modelli88,value-codici_modelli88,nome_modello89,codici_modelli89,value-codici_modelli89,nome_modello90,codici_modelli90,value-codici_modelli90,nome_modello91,codici_modelli91,value-codici_modelli91,nome_modello92,codici_modelli92,value-codici_modelli92,nome_modello93,codici_modelli93,value-codici_modelli93,nome_modello94,codici_modelli94,value-codici_modelli94,nome_modello95,codici_modelli95,value-codici_modelli95,nome_modello96,codici_modelli96,value-codici_modelli96,nome_modello97,codici_modelli97,value-codici_modelli97,nome_modello98,codici_modelli98,value-codici_modelli98,nome_modello99,codici_modelli99,value-codici_modelli99,nome_modello100,codici_modelli100,value-codici_modelli100,nome_modello101,codici_modelli101,value-codici_modelli101,nome_modello102,codici_modelli102,value-codici_modelli102,nome_modello103,codici_modelli103,value-codici_modelli103,nome_modello104,codici_modelli104,value-codici_modelli104,nome_modello105,codici_modelli105,value-codici_modelli105,nome_modello106,codici_modelli106,value-codici_modelli106,nome_modello107,codici_modelli107,value-codici_modelli107,nome_modello108,codici_modelli108,value-codici_modelli108,nome_modello109,codici_modelli109,value-codici_modelli109,nome_modello110,codici_modelli110,value-codici_modelli110,nome_modello111,codici_modelli111,value-codici_modelli111,nome_modello112,codici_modelli112,value-codici_modelli112
S418,72-73,Tensione di alimentazione di rete,S418 24V,104301,220-240V~ 50/60 Hz,,,,,,,,,,,,,,,,,,,,,,,,,,,,,,,,,,,,,,,,,,,,,,,,,,,,,,,,,,,,,,,,,,,,,,,,,,,,,,,,,,,,,,,,,,,,,,,,,,,,,,,,,,,,,,,,,,,,,,,,,,,,,,,,,,,,,,,,,,,,,,,,,,,,,,,,,,,,,,,,,,,,,,,,,,,,,,,,,,,,,,,,,,,,,,,,,,,,,,,,,,,,,,,,,,,,,,,,,,,,,,,,,,,,,,,,,,,,,,,,,,,,,,,,,,,,,,,,,,,,,,,,,,,,,,,,,,,,,,,,,,,,,,,,,,,,,,,,,,,,,,,,,,,,,,,,,,,,,,,,,,,,,,,,,,,,,
S418,72-73,Motore elettrico,S418 24V,104301,Con spazzole 24V,,,,,,,,,,,,,,,,,,,,,,,,,,,,,,,,,,,,,,,,,,,,,,,,,,,,,,,,,,,,,,,,,,,,,,,,,,,,,,,,,,,,,,,,,,,,,,,,,,,,,,,,,,,,,,,,,,,,,,,,,,,,,,,,,,,,,,,,,,,,,,,,,,,,,,,,,,,,,,,,,,,,,,,,,,,,,,,,,,,,,,,,,,,,,,,,,,,,,,,,,,,,,,,,,,,,,,,,,,,,,,,,,,,,,,,,,,,,,,,,,,,,,,,,,,,,,,,,,,,,,,,,,,,,,,,,,,,,,,,,,,,,,,,,,,,,,,,,,,,,,,,,,,,,,,,,,,,,,,,,,,,,,,,,,,,,,
S418,72-73,Potenza max,S418 24V,104301,35 W,,,,,,,,,,,,,,,,,,,,,,,,,,,,,,,,,,,,,,,,,,,,,,,,,,,,,,,,,,,,,,,,,,,,,,,,,,,,,,,,,,,,,,,,,,,,,,,,,,,,,,,,,,,,,,,,,,,,,,,,,,,,,,,,,,,,,,,,,,,,,,,,,,,,,,,,,,,,,,,,,,,,,,,,,,,,,,,,,,,,,,,,,,,,,,,,,,,,,,,,,,,,,,,,,,,,,,,,,,,,,,,,,,,,,,,,,,,,,,,,,,,,,,,,,,,,,,,,,,,,,,,,,,,,,,,,,,,,,,,,,,,,,,,,,,,,,,,,,,,,,,,,,,,,,,,,,,,,,,,,,,,,,,,,,,,,,
S418,72-73,Forza max di spinta,S418 24V,104301,1800 N,,,,,,,,,,,,,,,,,,,,,,,,,,,,,,,,,,,,,,,,,,,,,,,,,,,,,,,,,,,,,,,,,,,,,,,,,,,,,,,,,,,,,,,,,,,,,,,,,,,,,,,,,,,,,,,,,,,,,,,,,,,,,,,,,,,,,,,,,,,,,,,,,,,,,,,,,,,,,,,,,,,,,,,,,,,,,,,,,,,,,,,,,,,,,,,,,,,,,,,,,,,,,,,,,,,,,,,,,,,,,,,,,,,,,,,,,,,,,,,,,,,,,,,,,,,,,,,,,,,,,,,,,,,,,,,,,,,,,,,,,,,,,,,,,,,,,,,,,,,,,,,,,,,,,,,,,,,,,,,,,,,,,,,,,,,,,
S418,72-73,Velocità max stelo,S418 24V,104301,37 mm/s (con E124),,,,,,,,,,,,,,,,,,,,,,,,,,,,,,,,,,,,,,,,,,,,,,,,,,,,,,,,,,,,,,,,,,,,,,,,,,,,,,,,,,,,,,,,,,,,,,,,,,,,,,,,,,,,,,,,,,,,,,,,,,,,,,,,,,,,,,,,,,,,,,,,,,,,,,,,,,,,,,,,,,,,,,,,,,,,,,,,,,,,,,,,,,,,,,,,,,,,,,,,,,,,,,,,,,,,,,,,,,,,,,,,,,,,,,,,,,,,,,,,,,,,,,,,,,,,,,,,,,,,,,,,,,,,,,,,,,,,,,,,,,,,,,,,,,,,,,,,,,,,,,,,,,,,,,,,,,,,,,,,,,,,,,,,,,,,,
S418,72-73,Corsa dello stelo,S418 24V,104301,350 mm (390 mm senza arresti),,,,,,,,,,,,,,,,,,,,,,,,,,,,,,,,,,,,,,,,,,,,,,,,,,,,,,,,,,,,,,,,,,,,,,,,,,,,,,,,,,,,,,,,,,,,,,,,,,,,,,,,,,,,,,,,,,,,,,,,,,,,,,,,,,,,,,,,,,,,,,,,,,,,,,,,,,,,,,,,,,,,,,,,,,,,,,,,,,,,,,,,,,,,,,,,,,,,,,,,,,,,,,,,,,,,,,,,,,,,,,,,,,,,,,,,,,,,,,,,,,,,,,,,,,,,,,,,,,,,,,,,,,,,,,,,,,,,,,,,,,,,,,,,,,,,,,,,,,,,,,,,,,,,,,,,,,,,,,,,,,,,,,,,,,,,,
S418,72-73,Angolo max apertura anta,S418 24V,104301,110°,,,,,,,,,,,,,,,,,,,,,,,,,,,,,,,,,,,,,,,,,,,,,,,,,,,,,,,,,,,,,,,,,,,,,,,,,,,,,,,,,,,,,,,,,,,,,,,,,,,,,,,,,,,,,,,,,,,,,,,,,,,,,,,,,,,,,,,,,,,,,,,,,,,,,,,,,,,,,,,,,,,,,,,,,,,,,,,,,,,,,,,,,,,,,,,,,,,,,,,,,,,,,,,,,,,,,,,,,,,,,,,,,,,,,,,,,,,,,,,,,,,,,,,,,,,,,,,,,,,,,,,,,,,,,,,,,,,,,,,,,,,,,,,,,,,,,,,,,,,,,,,,,,,,,,,,,,,,,,,,,,,,,,,,,,,,,
S418,72-73,Temperatura ambiente di esercizio,S418 24V,104301,-20°C ÷ + 55°C,,,,,,,,,,,,,,,,,,,,,,,,,,,,,,,,,,,,,,,,,,,,,,,,,,,,,,,,,,,,,,,,,,,,,,,,,,,,,,,,,,,,,,,,,,,,,,,,,,,,,,,,,,,,,,,,,,,,,,,,,,,,,,,,,,,,,,,,,,,,,,,,,,,,,,,,,,,,,,,,,,,,,,,,,,,,,,,,,,,,,,,,,,,,,,,,,,,,,,,,,,,,,,,,,,,,,,,,,,,,,,,,,,,,,,,,,,,,,,,,,,,,,,,,,,,,,,,,,,,,,,,,,,,,,,,,,,,,,,,,,,,,,,,,,,,,,,,,,,,,,,,,,,,,,,,,,,,,,,,,,,,,,,,,,,,,,
S418,72-73,Grado di protezione,S418 24V,104301,IP54,,,,,,,,,,,,,,,,,,,,,,,,,,,,,,,,,,,,,,,,,,,,,,,,,,,,,,,,,,,,,,,,,,,,,,,,,,,,,,,,,,,,,,,,,,,,,,,,,,,,,,,,,,,,,,,,,,,,,,,,,,,,,,,,,,,,,,,,,,,,,,,,,,,,,,,,,,,,,,,,,,,,,,,,,,,,,,,,,,,,,,,,,,,,,,,,,,,,,,,,,,,,,,,,,,,,,,,,,,,,,,,,,,,,,,,,,,,,,,,,,,,,,,,,,,,,,,,,,,,,,,,,,,,,,,,,,,,,,,,,,,,,,,,,,,,,,,,,,,,,,,,,,,,,,,,,,,,,,,,,,,,,,,,,,,,,,
S418,72-73,Peso,S418 24V,104301,6 Kg,,,,,,,,,,,,,,,,,,,,,,,,,,,,,,,,,,,,,,,,,,,,,,,,,,,,,,,,,,,,,,,,,,,,,,,,,,,,,,,,,,,,,,,,,,,,,,,,,,,,,,,,,,,,,,,,,,,,,,,,,,,,,,,,,,,,,,,,,,,,,,,,,,,,,,,,,,,,,,,,,,,,,,,,,,,,,,,,,,,,,,,,,,,,,,,,,,,,,,,,,,,,,,,,,,,,,,,,,,,,,,,,,,,,,,,,,,,,,,,,,,,,,,,,,,,,,,,,,,,,,,,,,,,,,,,,,,,,,,,,,,,,,,,,,,,,,,,,,,,,,,,,,,,,,,,,,,,,,,,,,,,,,,,,,,,,,
S418,72-73,Frequenza di utilizzo,S418 24V,104301,Uso continuo,,,,,,,,,,,,,,,,,,,,,,,,,,,,,,,,,,,,,,,,,,,,,,,,,,,,,,,,,,,,,,,,,,,,,,,,,,,,,,,,,,,,,,,,,,,,,,,,,,,,,,,,,,,,,,,,,,,,,,,,,,,,,,,,,,,,,,,,,,,,,,,,,,,,,,,,,,,,,,,,,,,,,,,,,,,,,,,,,,,,,,,,,,,,,,,,,,,,,,,,,,,,,,,,,,,,,,,,,,,,,,,,,,,,,,,,,,,,,,,,,,,,,,,,,,,,,,,,,,,,,,,,,,,,,,,,,,,,,,,,,,,,,,,,,,,,,,,,,,,,,,,,,,,,,,,,,,,,,,,,,,,,,,,,,,,,,
S418,72-73,Larghezza max anta,S418 24V,104301,"2,3 m (2,7 m con elettroserratura)",,,,,,,,,,,,,,,,,,,,,,,,,,,,,,,,,,,,,,,,,,,,,,,,,,,,,,,,,,,,,,,,,,,,,,,,,,,,,,,,,,,,,,,,,,,,,,,,,,,,,,,,,,,,,,,,,,,,,,,,,,,,,,,,,,,,,,,,,,,,,,,,,,,,,,,,,,,,,,,,,,,,,,,,,,,,,,,,,,,,,,,,,,,,,,,,,,,,,,,,,,,,,,,,,,,,,,,,,,,,,,,,,,,,,,,,,,,,,,,,,,,,,,,,,,,,,,,,,,,,,,,,,,,,,,,,,,,,,,,,,,,,,,,,,,,,,,,,,,,,,,,,,,,,,,,,,,,,,,,,,,,,,,,,,,,,,
S418,72-73,Staffe di fissaggio,S418 24V,104301,Attacco posteriore ad avvitare e regolabile - attacco anteriore ad avvitare e regolabile,,,,,,,,,,,,,,,,,,,,,,,,,,,,,,,,,,,,,,,,,,,,,,,,,,,,,,,,,,,,,,,,,,,,,,,,,,,,,,,,,,,,,,,,,,,,,,,,,,,,,,,,,,,,,,,,,,,,,,,,,,,,,,,,,,,,,,,,,,,,,,,,,,,,,,,,,,,,,,,,,,,,,,,,,,,,,,,,,,,,,,,,,,,,,,,,,,,,,,,,,,,,,,,,,,,,,,,,,,,,,,,,,,,,,,,,,,,,,,,,,,,,,,,,,,,,,,,,,,,,,,,,,,,,,,,,,,,,,,,,,,,,,,,,,,,,,,,,,,,,,,,,,,,,,,,,,,,,,,,,,,,,,,,,,,,,,
S418,72-73,Dimensioni (LxPxH),S418 24V,104301,823 x 104 x 137 mm,,,,,,,,,,,,,,,,,,,,,,,,,,,,,,,,,,,,,,,,,,,,,,,,,,,,,,,,,,,,,,,,,,,,,,,,,,,,,,,,,,,,,,,,,,,,,,,,,,,,,,,,,,,,,,,,,,,,,,,,,,,,,,,,,,,,,,,,,,,,,,,,,,,,,,,,,,,,,,,,,,,,,,,,,,,,,,,,,,,,,,,,,,,,,,,,,,,,,,,,,,,,,,,,,,,,,,,,,,,,,,,,,,,,,,,,,,,,,,,,,,,,,,,,,,,,,,,,,,,,,,,,,,,,,,,,,,,,,,,,,,,,,,,,,,,,,,,,,,,,,,,,,,,,,,,,,,,,,,,,,,,,,,,,,,,,,
S418,72-73,Apparecchiatura elettronica,S418 24V,104301,Non compresa,,,,,,,,,,,,,,,,,,,,,,,,,,,,,,,,,,,,,,,,,,,,,,,,,,,,,,,,,,,,,,,,,,,,,,,,,,,,,,,,,,,,,,,,,,,,,,,,,,,,,,,,,,,,,,,,,,,,,,,,,,,,,,,,,,,,,,,,,,,,,,,,,,,,,,,,,,,,,,,,,,,,,,,,,,,,,,,,,,,,,,,,,,,,,,,,,,,,,,,,,,,,,,,,,,,,,,,,,,,,,,,,,,,,,,,,,,,,,,,,,,,,,,,,,,,,,,,,,,,,,,,,,,,,,,,,,,,,,,,,,,,,,,,,,,,,,,,,,,,,,,,,,,,,,,,,,,,,,,,,,,,,,,,,,,,,,
412,74-75,Tensione di alimentazione di rete,412 dx,104470,220-240V~ 50/60 Hz,412 sx,104471,220-240V~ 50/60 Hz,,,,,,,,,,,,,,,,,,,,,,,,,,,,,,,,,,,,,,,,,,,,,,,,,,,,,,,,,,,,,,,,,,,,,,,,,,,,,,,,,,,,,,,,,,,,,,,,,,,,,,,,,,,,,,,,,,,,,,,,,,,,,,,,,,,,,,,,,,,,,,,,,,,,,,,,,,,,,,,,,,,,,,,,,,,,,,,,,,,,,,,,,,,,,,,,,,,,,,,,,,,,,,,,,,,,,,,,,,,,,,,,,,,,,,,,,,,,,,,,,,,,,,,,,,,,,,,,,,,,,,,,,,,,,,,,,,,,,,,,,,,,,,,,,,,,,,,,,,,,,,,,,,,,,,,,,,,,,,,,,,,,,,,,,,
412,74-75,Motore elettrico,412 dx,104470,Asincrono monofase,412 sx,104471,Asincrono monofase,,,,,,,,,,,,,,,,,,,,,,,,,,,,,,,,,,,,,,,,,,,,,,,,,,,,,,,,,,,,,,,,,,,,,,,,,,,,,,,,,,,,,,,,,,,,,,,,,,,,,,,,,,,,,,,,,,,,,,,,,,,,,,,,,,,,,,,,,,,,,,,,,,,,,,,,,,,,,,,,,,,,,,,,,,,,,,,,,,,,,,,,,,,,,,,,,,,,,,,,,,,,,,,,,,,,,,,,,,,,,,,,,,,,,,,,,,,,,,,,,,,,,,,,,,,,,,,,,,,,,,,,,,,,,,,,,,,,,,,,,,,,,,,,,,,,,,,,,,,,,,,,,,,,,,,,,,,,,,,,,,,,,,,,,,
412,74-75,Potenza max,412 dx,104470,280 W,412 sx,104471,280 W,,,,,,,,,,,,,,,,,,,,,,,,,,,,,,,,,,,,,,,,,,,,,,,,,,,,,,,,,,,,,,,,,,,,,,,,,,,,,,,,,,,,,,,,,,,,,,,,,,,,,,,,,,,,,,,,,,,,,,,,,,,,,,,,,,,,,,,,,,,,,,,,,,,,,,,,,,,,,,,,,,,,,,,,,,,,,,,,,,,,,,,,,,,,,,,,,,,,,,,,,,,,,,,,,,,,,,,,,,,,,,,,,,,,,,,,,,,,,,,,,,,,,,,,,,,,,,,,,,,,,,,,,,,,,,,,,,,,,,,,,,,,,,,,,,,,,,,,,,,,,,,,,,,,,,,,,,,,,,,,,,,,,,,,,,
412,74-75,Forza max di spinta,412 dx,104470,3500 N (*),412 sx,104471,3500 N (*),,,,,,,,,,,,,,,,,,,,,,,,,,,,,,,,,,,,,,,,,,,,,,,,,,,,,,,,,,,,,,,,,,,,,,,,,,,,,,,,,,,,,,,,,,,,,,,,,,,,,,,,,,,,,,,,,,,,,,,,,,,,,,,,,,,,,,,,,,,,,,,,,,,,,,,,,,,,,,,,,,,,,,,,,,,,,,,,,,,,,,,,,,,,,,,,,,,,,,,,,,,,,,,,,,,,,,,,,,,,,,,,,,,,,,,,,,,,,,,,,,,,,,,,,,,,,,,,,,,,,,,,,,,,,,,,,,,,,,,,,,,,,,,,,,,,,,,,,,,,,,,,,,,,,,,,,,,,,,,,,,,,,,,,,,
412,74-75,Velocità max stelo,412 dx,104470,16 mm/s (*),412 sx,104471,16 mm/s (*),,,,,,,,,,,,,,,,,,,,,,,,,,,,,,,,,,,,,,,,,,,,,,,,,,,,,,,,,,,,,,,,,,,,,,,,,,,,,,,,,,,,,,,,,,,,,,,,,,,,,,,,,,,,,,,,,,,,,,,,,,,,,,,,,,,,,,,,,,,,,,,,,,,,,,,,,,,,,,,,,,,,,,,,,,,,,,,,,,,,,,,,,,,,,,,,,,,,,,,,,,,,,,,,,,,,,,,,,,,,,,,,,,,,,,,,,,,,,,,,,,,,,,,,,,,,,,,,,,,,,,,,,,,,,,,,,,,,,,,,,,,,,,,,,,,,,,,,,,,,,,,,,,,,,,,,,,,,,,,,,,,,,,,,,,
412,74-75,Corsa dello stelo,412 dx,104470,290 mm,412 sx,104471,290 mm,,,,,,,,,,,,,,,,,,,,,,,,,,,,,,,,,,,,,,,,,,,,,,,,,,,,,,,,,,,,,,,,,,,,,,,,,,,,,,,,,,,,,,,,,,,,,,,,,,,,,,,,,,,,,,,,,,,,,,,,,,,,,,,,,,,,,,,,,,,,,,,,,,,,,,,,,,,,,,,,,,,,,,,,,,,,,,,,,,,,,,,,,,,,,,,,,,,,,,,,,,,,,,,,,,,,,,,,,,,,,,,,,,,,,,,,,,,,,,,,,,,,,,,,,,,,,,,,,,,,,,,,,,,,,,,,,,,,,,,,,,,,,,,,,,,,,,,,,,,,,,,,,,,,,,,,,,,,,,,,,,,,,,,,,,
412,74-75,Angolo max apertura anta,412 dx,104470,110°,412 sx,104471,110°,,,,,,,,,,,,,,,,,,,,,,,,,,,,,,,,,,,,,,,,,,,,,,,,,,,,,,,,,,,,,,,,,,,,,,,,,,,,,,,,,,,,,,,,,,,,,,,,,,,,,,,,,,,,,,,,,,,,,,,,,,,,,,,,,,,,,,,,,,,,,,,,,,,,,,,,,,,,,,,,,,,,,,,,,,,,,,,,,,,,,,,,,,,,,,,,,,,,,,,,,,,,,,,,,,,,,,,,,,,,,,,,,,,,,,,,,,,,,,,,,,,,,,,,,,,,,,,,,,,,,,,,,,,,,,,,,,,,,,,,,,,,,,,,,,,,,,,,,,,,,,,,,,,,,,,,,,,,,,,,,,,,,,,,,,
412,74-75,Temperatura ambiente di esercizio,412 dx,104470,-20°C ÷ + 55°C,412 sx,104471,-20°C ÷ + 55°C,,,,,,,,,,,,,,,,,,,,,,,,,,,,,,,,,,,,,,,,,,,,,,,,,,,,,,,,,,,,,,,,,,,,,,,,,,,,,,,,,,,,,,,,,,,,,,,,,,,,,,,,,,,,,,,,,,,,,,,,,,,,,,,,,,,,,,,,,,,,,,,,,,,,,,,,,,,,,,,,,,,,,,,,,,,,,,,,,,,,,,,,,,,,,,,,,,,,,,,,,,,,,,,,,,,,,,,,,,,,,,,,,,,,,,,,,,,,,,,,,,,,,,,,,,,,,,,,,,,,,,,,,,,,,,,,,,,,,,,,,,,,,,,,,,,,,,,,,,,,,,,,,,,,,,,,,,,,,,,,,,,,,,,,,,
412,74-75,Termoprotezione,412 dx,104470,140°C,412 sx,104471,140°C,,,,,,,,,,,,,,,,,,,,,,,,,,,,,,,,,,,,,,,,,,,,,,,,,,,,,,,,,,,,,,,,,,,,,,,,,,,,,,,,,,,,,,,,,,,,,,,,,,,,,,,,,,,,,,,,,,,,,,,,,,,,,,,,,,,,,,,,,,,,,,,,,,,,,,,,,,,,,,,,,,,,,,,,,,,,,,,,,,,,,,,,,,,,,,,,,,,,,,,,,,,,,,,,,,,,,,,,,,,,,,,,,,,,,,,,,,,,,,,,,,,,,,,,,,,,,,,,,,,,,,,,,,,,,,,,,,,,,,,,,,,,,,,,,,,,,,,,,,,,,,,,,,,,,,,,,,,,,,,,,,,,,,,,,,
412,74-75,Grado di protezione,412 dx,104470,IP44,412 sx,104471,IP44,,,,,,,,,,,,,,,,,,,,,,,,,,,,,,,,,,,,,,,,,,,,,,,,,,,,,,,,,,,,,,,,,,,,,,,,,,,,,,,,,,,,,,,,,,,,,,,,,,,,,,,,,,,,,,,,,,,,,,,,,,,,,,,,,,,,,,,,,,,,,,,,,,,,,,,,,,,,,,,,,,,,,,,,,,,,,,,,,,,,,,,,,,,,,,,,,,,,,,,,,,,,,,,,,,,,,,,,,,,,,,,,,,,,,,,,,,,,,,,,,,,,,,,,,,,,,,,,,,,,,,,,,,,,,,,,,,,,,,,,,,,,,,,,,,,,,,,,,,,,,,,,,,,,,,,,,,,,,,,,,,,,,,,,,,
412,74-75,Peso,412 dx,104470,"6,5 Kg",412 sx,104471,"6,5 Kg",,,,,,,,,,,,,,,,,,,,,,,,,,,,,,,,,,,,,,,,,,,,,,,,,,,,,,,,,,,,,,,,,,,,,,,,,,,,,,,,,,,,,,,,,,,,,,,,,,,,,,,,,,,,,,,,,,,,,,,,,,,,,,,,,,,,,,,,,,,,,,,,,,,,,,,,,,,,,,,,,,,,,,,,,,,,,,,,,,,,,,,,,,,,,,,,,,,,,,,,,,,,,,,,,,,,,,,,,,,,,,,,,,,,,,,,,,,,,,,,,,,,,,,,,,,,,,,,,,,,,,,,,,,,,,,,,,,,,,,,,,,,,,,,,,,,,,,,,,,,,,,,,,,,,,,,,,,,,,,,,,,,,,,,,,
412,74-75,Frequenza di utilizzo,412 dx,104470,18 cicli/ora,412 sx,104471,18 cicli/ora,,,,,,,,,,,,,,,,,,,,,,,,,,,,,,,,,,,,,,,,,,,,,,,,,,,,,,,,,,,,,,,,,,,,,,,,,,,,,,,,,,,,,,,,,,,,,,,,,,,,,,,,,,,,,,,,,,,,,,,,,,,,,,,,,,,,,,,,,,,,,,,,,,,,,,,,,,,,,,,,,,,,,,,,,,,,,,,,,,,,,,,,,,,,,,,,,,,,,,,,,,,,,,,,,,,,,,,,,,,,,,,,,,,,,,,,,,,,,,,,,,,,,,,,,,,,,,,,,,,,,,,,,,,,,,,,,,,,,,,,,,,,,,,,,,,,,,,,,,,,,,,,,,,,,,,,,,,,,,,,,,,,,,,,,,
412,74-75,Larghezza max anta,412 dx,104470,"1,8 m",412 sx,104471,"1,8 m",,,,,,,,,,,,,,,,,,,,,,,,,,,,,,,,,,,,,,,,,,,,,,,,,,,,,,,,,,,,,,,,,,,,,,,,,,,,,,,,,,,,,,,,,,,,,,,,,,,,,,,,,,,,,,,,,,,,,,,,,,,,,,,,,,,,,,,,,,,,,,,,,,,,,,,,,,,,,,,,,,,,,,,,,,,,,,,,,,,,,,,,,,,,,,,,,,,,,,,,,,,,,,,,,,,,,,,,,,,,,,,,,,,,,,,,,,,,,,,,,,,,,,,,,,,,,,,,,,,,,,,,,,,,,,,,,,,,,,,,,,,,,,,,,,,,,,,,,,,,,,,,,,,,,,,,,,,,,,,,,,,,,,,,,,
412,74-75,Staffe di fissaggio,412 dx,104470,Attacco posteriore a saldare/avvitare - attacco anteriore a saldare/avvitare,412 sx,104471,Attacco posteriore a saldare/avvitare - attacco anteriore a saldare/avvitare,,,,,,,,,,,,,,,,,,,,,,,,,,,,,,,,,,,,,,,,,,,,,,,,,,,,,,,,,,,,,,,,,,,,,,,,,,,,,,,,,,,,,,,,,,,,,,,,,,,,,,,,,,,,,,,,,,,,,,,,,,,,,,,,,,,,,,,,,,,,,,,,,,,,,,,,,,,,,,,,,,,,,,,,,,,,,,,,,,,,,,,,,,,,,,,,,,,,,,,,,,,,,,,,,,,,,,,,,,,,,,,,,,,,,,,,,,,,,,,,,,,,,,,,,,,,,,,,,,,,,,,,,,,,,,,,,,,,,,,,,,,,,,,,,,,,,,,,,,,,,,,,,,,,,,,,,,,,,,,,,,,,,,,,,,
412,74-75,Dimensioni (LxPxH),412 dx,104470,991 x 101 x 172 mm,412 sx,104471,991 x 101 x 172 mm,,,,,,,,,,,,,,,,,,,,,,,,,,,,,,,,,,,,,,,,,,,,,,,,,,,,,,,,,,,,,,,,,,,,,,,,,,,,,,,,,,,,,,,,,,,,,,,,,,,,,,,,,,,,,,,,,,,,,,,,,,,,,,,,,,,,,,,,,,,,,,,,,,,,,,,,,,,,,,,,,,,,,,,,,,,,,,,,,,,,,,,,,,,,,,,,,,,,,,,,,,,,,,,,,,,,,,,,,,,,,,,,,,,,,,,,,,,,,,,,,,,,,,,,,,,,,,,,,,,,,,,,,,,,,,,,,,,,,,,,,,,,,,,,,,,,,,,,,,,,,,,,,,,,,,,,,,,,,,,,,,,,,,,,,,
412,74-75,Apparecchiatura elettronica,412 dx,104470,Non compresa,412 sx,104471,La versione per ante destra (DX e SX) si determina con vista dall'interno della proprietà.,,,,,,,,,,,,,,,,,,,,,,,,,,,,,,,,,,,,,,,,,,,,,,,,,,,,,,,,,,,,,,,,,,,,,,,,,,,,,,,,,,,,,,,,,,,,,,,,,,,,,,,,,,,,,,,,,,,,,,,,,,,,,,,,,,,,,,,,,,,,,,,,,,,,,,,,,,,,,,,,,,,,,,,,,,,,,,,,,,,,,,,,,,,,,,,,,,,,,,,,,,,,,,,,,,,,,,,,,,,,,,,,,,,,,,,,,,,,,,,,,,,,,,,,,,,,,,,,,,,,,,,,,,,,,,,,,,,,,,,,,,,,,,,,,,,,,,,,,,,,,,,,,,,,,,,,,,,,,,,,,,,,,,,,,,
413 230V,76-77,Tensione di alimentazione di rete,413 230V,104413,220-240V~ 50/60 Hz,,,,,,,,,,,,,,,,,,,,,,,,,,,,,,,,,,,,,,,,,,,,,,,,,,,,,,,,,,,,,,,,,,,,,,,,,,,,,,,,,,,,,,,,,,,,,,,,,,,,,,,,,,,,,,,,,,,,,,,,,,,,,,,,,,,,,,,,,,,,,,,,,,,,,,,,,,,,,,,,,,,,,,,,,,,,,,,,,,,,,,,,,,,,,,,,,,,,,,,,,,,,,,,,,,,,,,,,,,,,,,,,,,,,,,,,,,,,,,,,,,,,,,,,,,,,,,,,,,,,,,,,,,,,,,,,,,,,,,,,,,,,,,,,,,,,,,,,,,,,,,,,,,,,,,,,,,,,,,,,,,,,,,,,,,,,,
413 230V,76-77,Motore elettrico,413 230V,104413,Asincrono monofase,,,,,,,,,,,,,,,,,,,,,,,,,,,,,,,,,,,,,,,,,,,,,,,,,,,,,,,,,,,,,,,,,,,,,,,,,,,,,,,,,,,,,,,,,,,,,,,,,,,,,,,,,,,,,,,,,,,,,,,,,,,,,,,,,,,,,,,,,,,,,,,,,,,,,,,,,,,,,,,,,,,,,,,,,,,,,,,,,,,,,,,,,,,,,,,,,,,,,,,,,,,,,,,,,,,,,,,,,,,,,,,,,,,,,,,,,,,,,,,,,,,,,,,,,,,,,,,,,,,,,,,,,,,,,,,,,,,,,,,,,,,,,,,,,,,,,,,,,,,,,,,,,,,,,,,,,,,,,,,,,,,,,,,,,,,,,
413 230V,76-77,Potenza max,413 230V,104413,250 W,,,,,,,,,,,,,,,,,,,,,,,,,,,,,,,,,,,,,,,,,,,,,,,,,,,,,,,,,,,,,,,,,,,,,,,,,,,,,,,,,,,,,,,,,,,,,,,,,,,,,,,,,,,,,,,,,,,,,,,,,,,,,,,,,,,,,,,,,,,,,,,,,,,,,,,,,,,,,,,,,,,,,,,,,,,,,,,,,,,,,,,,,,,,,,,,,,,,,,,,,,,,,,,,,,,,,,,,,,,,,,,,,,,,,,,,,,,,,,,,,,,,,,,,,,,,,,,,,,,,,,,,,,,,,,,,,,,,,,,,,,,,,,,,,,,,,,,,,,,,,,,,,,,,,,,,,,,,,,,,,,,,,,,,,,,,,
413 230V,76-77,Forza max di spinta,413 230V,104413,2000 N (*),,,,,,,,,,,,,,,,,,,,,,,,,,,,,,,,,,,,,,,,,,,,,,,,,,,,,,,,,,,,,,,,,,,,,,,,,,,,,,,,,,,,,,,,,,,,,,,,,,,,,,,,,,,,,,,,,,,,,,,,,,,,,,,,,,,,,,,,,,,,,,,,,,,,,,,,,,,,,,,,,,,,,,,,,,,,,,,,,,,,,,,,,,,,,,,,,,,,,,,,,,,,,,,,,,,,,,,,,,,,,,,,,,,,,,,,,,,,,,,,,,,,,,,,,,,,,,,,,,,,,,,,,,,,,,,,,,,,,,,,,,,,,,,,,,,,,,,,,,,,,,,,,,,,,,,,,,,,,,,,,,,,,,,,,,,,,
413 230V,76-77,Velocità max stelo,413 230V,104413,16 mm/s (*),,,,,,,,,,,,,,,,,,,,,,,,,,,,,,,,,,,,,,,,,,,,,,,,,,,,,,,,,,,,,,,,,,,,,,,,,,,,,,,,,,,,,,,,,,,,,,,,,,,,,,,,,,,,,,,,,,,,,,,,,,,,,,,,,,,,,,,,,,,,,,,,,,,,,,,,,,,,,,,,,,,,,,,,,,,,,,,,,,,,,,,,,,,,,,,,,,,,,,,,,,,,,,,,,,,,,,,,,,,,,,,,,,,,,,,,,,,,,,,,,,,,,,,,,,,,,,,,,,,,,,,,,,,,,,,,,,,,,,,,,,,,,,,,,,,,,,,,,,,,,,,,,,,,,,,,,,,,,,,,,,,,,,,,,,,,,
413 230V,76-77,Angolo max apertura anta,413 230V,104413,110°,,,,,,,,,,,,,,,,,,,,,,,,,,,,,,,,,,,,,,,,,,,,,,,,,,,,,,,,,,,,,,,,,,,,,,,,,,,,,,,,,,,,,,,,,,,,,,,,,,,,,,,,,,,,,,,,,,,,,,,,,,,,,,,,,,,,,,,,,,,,,,,,,,,,,,,,,,,,,,,,,,,,,,,,,,,,,,,,,,,,,,,,,,,,,,,,,,,,,,,,,,,,,,,,,,,,,,,,,,,,,,,,,,,,,,,,,,,,,,,,,,,,,,,,,,,,,,,,,,,,,,,,,,,,,,,,,,,,,,,,,,,,,,,,,,,,,,,,,,,,,,,,,,,,,,,,,,,,,,,,,,,,,,,,,,,,,
413 230V,76-77,Temperatura ambiente di esercizio,413 230V,104413,-20°C ÷ + 55°C,,,,,,,,,,,,,,,,,,,,,,,,,,,,,,,,,,,,,,,,,,,,,,,,,,,,,,,,,,,,,,,,,,,,,,,,,,,,,,,,,,,,,,,,,,,,,,,,,,,,,,,,,,,,,,,,,,,,,,,,,,,,,,,,,,,,,,,,,,,,,,,,,,,,,,,,,,,,,,,,,,,,,,,,,,,,,,,,,,,,,,,,,,,,,,,,,,,,,,,,,,,,,,,,,,,,,,,,,,,,,,,,,,,,,,,,,,,,,,,,,,,,,,,,,,,,,,,,,,,,,,,,,,,,,,,,,,,,,,,,,,,,,,,,,,,,,,,,,,,,,,,,,,,,,,,,,,,,,,,,,,,,,,,,,,,,,
413 230V,76-77,Termoprotezione,413 230V,104413,140°C,,,,,,,,,,,,,,,,,,,,,,,,,,,,,,,,,,,,,,,,,,,,,,,,,,,,,,,,,,,,,,,,,,,,,,,,,,,,,,,,,,,,,,,,,,,,,,,,,,,,,,,,,,,,,,,,,,,,,,,,,,,,,,,,,,,,,,,,,,,,,,,,,,,,,,,,,,,,,,,,,,,,,,,,,,,,,,,,,,,,,,,,,,,,,,,,,,,,,,,,,,,,,,,,,,,,,,,,,,,,,,,,,,,,,,,,,,,,,,,,,,,,,,,,,,,,,,,,,,,,,,,,,,,,,,,,,,,,,,,,,,,,,,,,,,,,,,,,,,,,,,,,,,,,,,,,,,,,,,,,,,,,,,,,,,,,,
413 230V,76-77,Grado di protezione,413 230V,104413,IP54,,,,,,,,,,,,,,,,,,,,,,,,,,,,,,,,,,,,,,,,,,,,,,,,,,,,,,,,,,,,,,,,,,,,,,,,,,,,,,,,,,,,,,,,,,,,,,,,,,,,,,,,,,,,,,,,,,,,,,,,,,,,,,,,,,,,,,,,,,,,,,,,,,,,,,,,,,,,,,,,,,,,,,,,,,,,,,,,,,,,,,,,,,,,,,,,,,,,,,,,,,,,,,,,,,,,,,,,,,,,,,,,,,,,,,,,,,,,,,,,,,,,,,,,,,,,,,,,,,,,,,,,,,,,,,,,,,,,,,,,,,,,,,,,,,,,,,,,,,,,,,,,,,,,,,,,,,,,,,,,,,,,,,,,,,,,,
413 230V,76-77,Peso,413 230V,104413,"7,8 Kg",,,,,,,,,,,,,,,,,,,,,,,,,,,,,,,,,,,,,,,,,,,,,,,,,,,,,,,,,,,,,,,,,,,,,,,,,,,,,,,,,,,,,,,,,,,,,,,,,,,,,,,,,,,,,,,,,,,,,,,,,,,,,,,,,,,,,,,,,,,,,,,,,,,,,,,,,,,,,,,,,,,,,,,,,,,,,,,,,,,,,,,,,,,,,,,,,,,,,,,,,,,,,,,,,,,,,,,,,,,,,,,,,,,,,,,,,,,,,,,,,,,,,,,,,,,,,,,,,,,,,,,,,,,,,,,,,,,,,,,,,,,,,,,,,,,,,,,,,,,,,,,,,,,,,,,,,,,,,,,,,,,,,,,,,,,,,
413 230V,76-77,Frequenza di utilizzo,413 230V,104413,S3 - 30%,,,,,,,,,,,,,,,,,,,,,,,,,,,,,,,,,,,,,,,,,,,,,,,,,,,,,,,,,,,,,,,,,,,,,,,,,,,,,,,,,,,,,,,,,,,,,,,,,,,,,,,,,,,,,,,,,,,,,,,,,,,,,,,,,,,,,,,,,,,,,,,,,,,,,,,,,,,,,,,,,,,,,,,,,,,,,,,,,,,,,,,,,,,,,,,,,,,,,,,,,,,,,,,,,,,,,,,,,,,,,,,,,,,,,,,,,,,,,,,,,,,,,,,,,,,,,,,,,,,,,,,,,,,,,,,,,,,,,,,,,,,,,,,,,,,,,,,,,,,,,,,,,,,,,,,,,,,,,,,,,,,,,,,,,,,,,
413 230V,76-77,Larghezza max anta,413 230V,104413,"1,8 m (2,5 con elettroserratura)",,,,,,,,,,,,,,,,,,,,,,,,,,,,,,,,,,,,,,,,,,,,,,,,,,,,,,,,,,,,,,,,,,,,,,,,,,,,,,,,,,,,,,,,,,,,,,,,,,,,,,,,,,,,,,,,,,,,,,,,,,,,,,,,,,,,,,,,,,,,,,,,,,,,,,,,,,,,,,,,,,,,,,,,,,,,,,,,,,,,,,,,,,,,,,,,,,,,,,,,,,,,,,,,,,,,,,,,,,,,,,,,,,,,,,,,,,,,,,,,,,,,,,,,,,,,,,,,,,,,,,,,,,,,,,,,,,,,,,,,,,,,,,,,,,,,,,,,,,,,,,,,,,,,,,,,,,,,,,,,,,,,,,,,,,,,,
413 230V,76-77,Staffe di fissaggio,413 230V,104413,Attacco posteriore a saldare/avvitare - attacco anteriore a saldare/avvitare,,,,,,,,,,,,,,,,,,,,,,,,,,,,,,,,,,,,,,,,,,,,,,,,,,,,,,,,,,,,,,,,,,,,,,,,,,,,,,,,,,,,,,,,,,,,,,,,,,,,,,,,,,,,,,,,,,,,,,,,,,,,,,,,,,,,,,,,,,,,,,,,,,,,,,,,,,,,,,,,,,,,,,,,,,,,,,,,,,,,,,,,,,,,,,,,,,,,,,,,,,,,,,,,,,,,,,,,,,,,,,,,,,,,,,,,,,,,,,,,,,,,,,,,,,,,,,,,,,,,,,,,,,,,,,,,,,,,,,,,,,,,,,,,,,,,,,,,,,,,,,,,,,,,,,,,,,,,,,,,,,,,,,,,,,,,,
413 230V,76-77,Dimensioni (LxPxH),413 230V,104413,777 x 101 x 152 mm,,,,,,,,,,,,,,,,,,,,,,,,,,,,,,,,,,,,,,,,,,,,,,,,,,,,,,,,,,,,,,,,,,,,,,,,,,,,,,,,,,,,,,,,,,,,,,,,,,,,,,,,,,,,,,,,,,,,,,,,,,,,,,,,,,,,,,,,,,,,,,,,,,,,,,,,,,,,,,,,,,,,,,,,,,,,,,,,,,,,,,,,,,,,,,,,,,,,,,,,,,,,,,,,,,,,,,,,,,,,,,,,,,,,,,,,,,,,,,,,,,,,,,,,,,,,,,,,,,,,,,,,,,,,,,,,,,,,,,,,,,,,,,,,,,,,,,,,,,,,,,,,,,,,,,,,,,,,,,,,,,,,,,,,,,,,,
413 230V,76-77,Apparecchiatura elettronica,413 230V,104413,Non compresa,,,,,,,,,,,,,,,,,,,,,,,,,,,,,,,,,,,,,,,,,,,,,,,,,,,,,,,,,,,,,,,,,,,,,,,,,,,,,,,,,,,,,,,,,,,,,,,,,,,,,,,,,,,,,,,,,,,,,,,,,,,,,,,,,,,,,,,,,,,,,,,,,,,,,,,,,,,,,,,,,,,,,,,,,,,,,,,,,,,,,,,,,,,,,,,,,,,,,,,,,,,,,,,,,,,,,,,,,,,,,,,,,,,,,,,,,,,,,,,,,,,,,,,,,,,,,,,,,,,,,,,,,,,,,,,,,,,,,,,,,,,,,,,,,,,,,,,,,,,,,,,,,,,,,,,,,,,,,,,,,,,,,,,,,,,,,
415 230V,78-79,Tensione di alimentazione di rete,415,104415,220-240V~ 50/60 Hz,415 L,104417,220-240V~ 50/60 Hz,,,,,,,,,,,,,,,,,,,,,,,,,,,,,,,,,,,,,,,,,,,,,,,,,,,,,,,,,,,,,,,,,,,,,,,,,,,,,,,,,,,,,,,,,,,,,,,,,,,,,,,,,,,,,,,,,,,,,,,,,,,,,,,,,,,,,,,,,,,,,,,,,,,,,,,,,,,,,,,,,,,,,,,,,,,,,,,,,,,,,,,,,,,,,,,,,,,,,,,,,,,,,,,,,,,,,,,,,,,,,,,,,,,,,,,,,,,,,,,,,,,,,,,,,,,,,,,,,,,,,,,,,,,,,,,,,,,,,,,,,,,,,,,,,,,,,,,,,,,,,,,,,,,,,,,,,,,,,,,,,,,,,,,,,,
415 230V,78-79,Motore elettrico,415,104415,Asincrono monofase,415 L,104417,Asincrono monofase,,,,,,,,,,,,,,,,,,,,,,,,,,,,,,,,,,,,,,,,,,,,,,,,,,,,,,,,,,,,,,,,,,,,,,,,,,,,,,,,,,,,,,,,,,,,,,,,,,,,,,,,,,,,,,,,,,,,,,,,,,,,,,,,,,,,,,,,,,,,,,,,,,,,,,,,,,,,,,,,,,,,,,,,,,,,,,,,,,,,,,,,,,,,,,,,,,,,,,,,,,,,,,,,,,,,,,,,,,,,,,,,,,,,,,,,,,,,,,,,,,,,,,,,,,,,,,,,,,,,,,,,,,,,,,,,,,,,,,,,,,,,,,,,,,,,,,,,,,,,,,,,,,,,,,,,,,,,,,,,,,,,,,,,,,
415 230V,78-79,Potenza max,415,104415,300 W,415 L,104417,300 W,,,,,,,,,,,,,,,,,,,,,,,,,,,,,,,,,,,,,,,,,,,,,,,,,,,,,,,,,,,,,,,,,,,,,,,,,,,,,,,,,,,,,,,,,,,,,,,,,,,,,,,,,,,,,,,,,,,,,,,,,,,,,,,,,,,,,,,,,,,,,,,,,,,,,,,,,,,,,,,,,,,,,,,,,,,,,,,,,,,,,,,,,,,,,,,,,,,,,,,,,,,,,,,,,,,,,,,,,,,,,,,,,,,,,,,,,,,,,,,,,,,,,,,,,,,,,,,,,,,,,,,,,,,,,,,,,,,,,,,,,,,,,,,,,,,,,,,,,,,,,,,,,,,,,,,,,,,,,,,,,,,,,,,,,,
415 230V,78-79,Forza max di spinta,415,104415,3000 N (*),415 L,104417,3000 N (*),,,,,,,,,,,,,,,,,,,,,,,,,,,,,,,,,,,,,,,,,,,,,,,,,,,,,,,,,,,,,,,,,,,,,,,,,,,,,,,,,,,,,,,,,,,,,,,,,,,,,,,,,,,,,,,,,,,,,,,,,,,,,,,,,,,,,,,,,,,,,,,,,,,,,,,,,,,,,,,,,,,,,,,,,,,,,,,,,,,,,,,,,,,,,,,,,,,,,,,,,,,,,,,,,,,,,,,,,,,,,,,,,,,,,,,,,,,,,,,,,,,,,,,,,,,,,,,,,,,,,,,,,,,,,,,,,,,,,,,,,,,,,,,,,,,,,,,,,,,,,,,,,,,,,,,,,,,,,,,,,,,,,,,,,,
415 230V,78-79,Velocità max stelo,415,104415,16 mm/s (*),415 L,104417,16 mm/s (*),,,,,,,,,,,,,,,,,,,,,,,,,,,,,,,,,,,,,,,,,,,,,,,,,,,,,,,,,,,,,,,,,,,,,,,,,,,,,,,,,,,,,,,,,,,,,,,,,,,,,,,,,,,,,,,,,,,,,,,,,,,,,,,,,,,,,,,,,,,,,,,,,,,,,,,,,,,,,,,,,,,,,,,,,,,,,,,,,,,,,,,,,,,,,,,,,,,,,,,,,,,,,,,,,,,,,,,,,,,,,,,,,,,,,,,,,,,,,,,,,,,,,,,,,,,,,,,,,,,,,,,,,,,,,,,,,,,,,,,,,,,,,,,,,,,,,,,,,,,,,,,,,,,,,,,,,,,,,,,,,,,,,,,,,,
415 230V,78-79,Corsa dello stelo,415,104415,300 mm,415 L,104417,400 mm,,,,,,,,,,,,,,,,,,,,,,,,,,,,,,,,,,,,,,,,,,,,,,,,,,,,,,,,,,,,,,,,,,,,,,,,,,,,,,,,,,,,,,,,,,,,,,,,,,,,,,,,,,,,,,,,,,,,,,,,,,,,,,,,,,,,,,,,,,,,,,,,,,,,,,,,,,,,,,,,,,,,,,,,,,,,,,,,,,,,,,,,,,,,,,,,,,,,,,,,,,,,,,,,,,,,,,,,,,,,,,,,,,,,,,,,,,,,,,,,,,,,,,,,,,,,,,,,,,,,,,,,,,,,,,,,,,,,,,,,,,,,,,,,,,,,,,,,,,,,,,,,,,,,,,,,,,,,,,,,,,,,,,,,,,
415 230V,78-79,Angolo max apertura anta,415,104415,110°,415 L,104417,110°,,,,,,,,,,,,,,,,,,,,,,,,,,,,,,,,,,,,,,,,,,,,,,,,,,,,,,,,,,,,,,,,,,,,,,,,,,,,,,,,,,,,,,,,,,,,,,,,,,,,,,,,,,,,,,,,,,,,,,,,,,,,,,,,,,,,,,,,,,,,,,,,,,,,,,,,,,,,,,,,,,,,,,,,,,,,,,,,,,,,,,,,,,,,,,,,,,,,,,,,,,,,,,,,,,,,,,,,,,,,,,,,,,,,,,,,,,,,,,,,,,,,,,,,,,,,,,,,,,,,,,,,,,,,,,,,,,,,,,,,,,,,,,,,,,,,,,,,,,,,,,,,,,,,,,,,,,,,,,,,,,,,,,,,,,
415 230V,78-79,Temperatura ambiente di esercizio,415,104415,-20°C ÷ +55°C,415 L,104417,-20°C ÷ +55°C,,,,,,,,,,,,,,,,,,,,,,,,,,,,,,,,,,,,,,,,,,,,,,,,,,,,,,,,,,,,,,,,,,,,,,,,,,,,,,,,,,,,,,,,,,,,,,,,,,,,,,,,,,,,,,,,,,,,,,,,,,,,,,,,,,,,,,,,,,,,,,,,,,,,,,,,,,,,,,,,,,,,,,,,,,,,,,,,,,,,,,,,,,,,,,,,,,,,,,,,,,,,,,,,,,,,,,,,,,,,,,,,,,,,,,,,,,,,,,,,,,,,,,,,,,,,,,,,,,,,,,,,,,,,,,,,,,,,,,,,,,,,,,,,,,,,,,,,,,,,,,,,,,,,,,,,,,,,,,,,,,,,,,,,,,
415 230V,78-79,Termoprotezione,415,104415,140°C,415 L,104417,140°C,,,,,,,,,,,,,,,,,,,,,,,,,,,,,,,,,,,,,,,,,,,,,,,,,,,,,,,,,,,,,,,,,,,,,,,,,,,,,,,,,,,,,,,,,,,,,,,,,,,,,,,,,,,,,,,,,,,,,,,,,,,,,,,,,,,,,,,,,,,,,,,,,,,,,,,,,,,,,,,,,,,,,,,,,,,,,,,,,,,,,,,,,,,,,,,,,,,,,,,,,,,,,,,,,,,,,,,,,,,,,,,,,,,,,,,,,,,,,,,,,,,,,,,,,,,,,,,,,,,,,,,,,,,,,,,,,,,,,,,,,,,,,,,,,,,,,,,,,,,,,,,,,,,,,,,,,,,,,,,,,,,,,,,,,,
415 230V,78-79,Grado di protezione,415,104415,IP54,415 L,104417,IP54,,,,,,,,,,,,,,,,,,,,,,,,,,,,,,,,,,,,,,,,,,,,,,,,,,,,,,,,,,,,,,,,,,,,,,,,,,,,,,,,,,,,,,,,,,,,,,,,,,,,,,,,,,,,,,,,,,,,,,,,,,,,,,,,,,,,,,,,,,,,,,,,,,,,,,,,,,,,,,,,,,,,,,,,,,,,,,,,,,,,,,,,,,,,,,,,,,,,,,,,,,,,,,,,,,,,,,,,,,,,,,,,,,,,,,,,,,,,,,,,,,,,,,,,,,,,,,,,,,,,,,,,,,,,,,,,,,,,,,,,,,,,,,,,,,,,,,,,,,,,,,,,,,,,,,,,,,,,,,,,,,,,,,,,,,
415 230V,78-79,Peso,415,104415,"7,8 Kg",415 L,104417,8 Kg,,,,,,,,,,,,,,,,,,,,,,,,,,,,,,,,,,,,,,,,,,,,,,,,,,,,,,,,,,,,,,,,,,,,,,,,,,,,,,,,,,,,,,,,,,,,,,,,,,,,,,,,,,,,,,,,,,,,,,,,,,,,,,,,,,,,,,,,,,,,,,,,,,,,,,,,,,,,,,,,,,,,,,,,,,,,,,,,,,,,,,,,,,,,,,,,,,,,,,,,,,,,,,,,,,,,,,,,,,,,,,,,,,,,,,,,,,,,,,,,,,,,,,,,,,,,,,,,,,,,,,,,,,,,,,,,,,,,,,,,,,,,,,,,,,,,,,,,,,,,,,,,,,,,,,,,,,,,,,,,,,,,,,,,,,
415 230V,78-79,Frequenza di utilizzo,415,104415,S3 - 30%,415 L,104417,S3 - 30%,,,,,,,,,,,,,,,,,,,,,,,,,,,,,,,,,,,,,,,,,,,,,,,,,,,,,,,,,,,,,,,,,,,,,,,,,,,,,,,,,,,,,,,,,,,,,,,,,,,,,,,,,,,,,,,,,,,,,,,,,,,,,,,,,,,,,,,,,,,,,,,,,,,,,,,,,,,,,,,,,,,,,,,,,,,,,,,,,,,,,,,,,,,,,,,,,,,,,,,,,,,,,,,,,,,,,,,,,,,,,,,,,,,,,,,,,,,,,,,,,,,,,,,,,,,,,,,,,,,,,,,,,,,,,,,,,,,,,,,,,,,,,,,,,,,,,,,,,,,,,,,,,,,,,,,,,,,,,,,,,,,,,,,,,,
415 230V,78-79,Larghezza max anta,415,104415,"2,5 m (3 m con elettroserratura)",415 L,104417,3 m (4 m con elettroserratura),,,,,,,,,,,,,,,,,,,,,,,,,,,,,,,,,,,,,,,,,,,,,,,,,,,,,,,,,,,,,,,,,,,,,,,,,,,,,,,,,,,,,,,,,,,,,,,,,,,,,,,,,,,,,,,,,,,,,,,,,,,,,,,,,,,,,,,,,,,,,,,,,,,,,,,,,,,,,,,,,,,,,,,,,,,,,,,,,,,,,,,,,,,,,,,,,,,,,,,,,,,,,,,,,,,,,,,,,,,,,,,,,,,,,,,,,,,,,,,,,,,,,,,,,,,,,,,,,,,,,,,,,,,,,,,,,,,,,,,,,,,,,,,,,,,,,,,,,,,,,,,,,,,,,,,,,,,,,,,,,,,,,,,,,,
415 230V,78-79,Staffe di fissaggio,415,104415,Attacco posteriore a saldare/avvitare - attacco anteriore a saldare/avvitare,415 L,104417,Attacco posteriore a saldare/avvitare - attacco anteriore a saldare/avvitare,,,,,,,,,,,,,,,,,,,,,,,,,,,,,,,,,,,,,,,,,,,,,,,,,,,,,,,,,,,,,,,,,,,,,,,,,,,,,,,,,,,,,,,,,,,,,,,,,,,,,,,,,,,,,,,,,,,,,,,,,,,,,,,,,,,,,,,,,,,,,,,,,,,,,,,,,,,,,,,,,,,,,,,,,,,,,,,,,,,,,,,,,,,,,,,,,,,,,,,,,,,,,,,,,,,,,,,,,,,,,,,,,,,,,,,,,,,,,,,,,,,,,,,,,,,,,,,,,,,,,,,,,,,,,,,,,,,,,,,,,,,,,,,,,,,,,,,,,,,,,,,,,,,,,,,,,,,,,,,,,,,,,,,,,,
415 230V,78-79,Dimensioni (LxPxH),415,104415,836 x 101 x 147 mm,415 L,104417,942 x 101 x 148 mm,,,,,,,,,,,,,,,,,,,,,,,,,,,,,,,,,,,,,,,,,,,,,,,,,,,,,,,,,,,,,,,,,,,,,,,,,,,,,,,,,,,,,,,,,,,,,,,,,,,,,,,,,,,,,,,,,,,,,,,,,,,,,,,,,,,,,,,,,,,,,,,,,,,,,,,,,,,,,,,,,,,,,,,,,,,,,,,,,,,,,,,,,,,,,,,,,,,,,,,,,,,,,,,,,,,,,,,,,,,,,,,,,,,,,,,,,,,,,,,,,,,,,,,,,,,,,,,,,,,,,,,,,,,,,,,,,,,,,,,,,,,,,,,,,,,,,,,,,,,,,,,,,,,,,,,,,,,,,,,,,,,,,,,,,,
415 230V,78-79,Apparecchiatura elettronica,415,104415,Non compresa,415 L,104417,Non compresa,,,,,,,,,,,,,,,,,,,,,,,,,,,,,,,,,,,,,,,,,,,,,,,,,,,,,,,,,,,,,,,,,,,,,,,,,,,,,,,,,,,,,,,,,,,,,,,,,,,,,,,,,,,,,,,,,,,,,,,,,,,,,,,,,,,,,,,,,,,,,,,,,,,,,,,,,,,,,,,,,,,,,,,,,,,,,,,,,,,,,,,,,,,,,,,,,,,,,,,,,,,,,,,,,,,,,,,,,,,,,,,,,,,,,,,,,,,,,,,,,,,,,,,,,,,,,,,,,,,,,,,,,,,,,,,,,,,,,,,,,,,,,,,,,,,,,,,,,,,,,,,,,,,,,,,,,,,,,,,,,,,,,,,,,,
415 24V,80-81,Tensione di alimentazione di rete,415 24V,1044151,220-240V~ 50/60 Hz,415 L 24V,1044171,220-240V~ 50/60 Hz,,,,,,,,,,,,,,,,,,,,,,,,,,,,,,,,,,,,,,,,,,,,,,,,,,,,,,,,,,,,,,,,,,,,,,,,,,,,,,,,,,,,,,,,,,,,,,,,,,,,,,,,,,,,,,,,,,,,,,,,,,,,,,,,,,,,,,,,,,,,,,,,,,,,,,,,,,,,,,,,,,,,,,,,,,,,,,,,,,,,,,,,,,,,,,,,,,,,,,,,,,,,,,,,,,,,,,,,,,,,,,,,,,,,,,,,,,,,,,,,,,,,,,,,,,,,,,,,,,,,,,,,,,,,,,,,,,,,,,,,,,,,,,,,,,,,,,,,,,,,,,,,,,,,,,,,,,,,,,,,,,,,,,,,,,
415 24V,80-81,Motore elettrico,415 24V,1044151,Con spazzole 24V,415 L 24V,1044171,Con spazzole 24V,,,,,,,,,,,,,,,,,,,,,,,,,,,,,,,,,,,,,,,,,,,,,,,,,,,,,,,,,,,,,,,,,,,,,,,,,,,,,,,,,,,,,,,,,,,,,,,,,,,,,,,,,,,,,,,,,,,,,,,,,,,,,,,,,,,,,,,,,,,,,,,,,,,,,,,,,,,,,,,,,,,,,,,,,,,,,,,,,,,,,,,,,,,,,,,,,,,,,,,,,,,,,,,,,,,,,,,,,,,,,,,,,,,,,,,,,,,,,,,,,,,,,,,,,,,,,,,,,,,,,,,,,,,,,,,,,,,,,,,,,,,,,,,,,,,,,,,,,,,,,,,,,,,,,,,,,,,,,,,,,,,,,,,,,,
415 24V,80-81,Potenza max,415 24V,1044151,70 W,415 L 24V,1044171,70 W,,,,,,,,,,,,,,,,,,,,,,,,,,,,,,,,,,,,,,,,,,,,,,,,,,,,,,,,,,,,,,,,,,,,,,,,,,,,,,,,,,,,,,,,,,,,,,,,,,,,,,,,,,,,,,,,,,,,,,,,,,,,,,,,,,,,,,,,,,,,,,,,,,,,,,,,,,,,,,,,,,,,,,,,,,,,,,,,,,,,,,,,,,,,,,,,,,,,,,,,,,,,,,,,,,,,,,,,,,,,,,,,,,,,,,,,,,,,,,,,,,,,,,,,,,,,,,,,,,,,,,,,,,,,,,,,,,,,,,,,,,,,,,,,,,,,,,,,,,,,,,,,,,,,,,,,,,,,,,,,,,,,,,,,,,
415 24V,80-81,Forza max di spinta,415 24V,1044151,2800 N,415 L 24V,1044171,2800 N,,,,,,,,,,,,,,,,,,,,,,,,,,,,,,,,,,,,,,,,,,,,,,,,,,,,,,,,,,,,,,,,,,,,,,,,,,,,,,,,,,,,,,,,,,,,,,,,,,,,,,,,,,,,,,,,,,,,,,,,,,,,,,,,,,,,,,,,,,,,,,,,,,,,,,,,,,,,,,,,,,,,,,,,,,,,,,,,,,,,,,,,,,,,,,,,,,,,,,,,,,,,,,,,,,,,,,,,,,,,,,,,,,,,,,,,,,,,,,,,,,,,,,,,,,,,,,,,,,,,,,,,,,,,,,,,,,,,,,,,,,,,,,,,,,,,,,,,,,,,,,,,,,,,,,,,,,,,,,,,,,,,,,,,,,
415 24V,80-81,Velocità max stelo,415 24V,1044151,16 mm/s,415 L 24V,1044171,16 mm/s,,,,,,,,,,,,,,,,,,,,,,,,,,,,,,,,,,,,,,,,,,,,,,,,,,,,,,,,,,,,,,,,,,,,,,,,,,,,,,,,,,,,,,,,,,,,,,,,,,,,,,,,,,,,,,,,,,,,,,,,,,,,,,,,,,,,,,,,,,,,,,,,,,,,,,,,,,,,,,,,,,,,,,,,,,,,,,,,,,,,,,,,,,,,,,,,,,,,,,,,,,,,,,,,,,,,,,,,,,,,,,,,,,,,,,,,,,,,,,,,,,,,,,,,,,,,,,,,,,,,,,,,,,,,,,,,,,,,,,,,,,,,,,,,,,,,,,,,,,,,,,,,,,,,,,,,,,,,,,,,,,,,,,,,,,
415 24V,80-81,Corsa dello stelo,415 24V,1044151,300 mm,415 L 24V,1044171,400 mm,,,,,,,,,,,,,,,,,,,,,,,,,,,,,,,,,,,,,,,,,,,,,,,,,,,,,,,,,,,,,,,,,,,,,,,,,,,,,,,,,,,,,,,,,,,,,,,,,,,,,,,,,,,,,,,,,,,,,,,,,,,,,,,,,,,,,,,,,,,,,,,,,,,,,,,,,,,,,,,,,,,,,,,,,,,,,,,,,,,,,,,,,,,,,,,,,,,,,,,,,,,,,,,,,,,,,,,,,,,,,,,,,,,,,,,,,,,,,,,,,,,,,,,,,,,,,,,,,,,,,,,,,,,,,,,,,,,,,,,,,,,,,,,,,,,,,,,,,,,,,,,,,,,,,,,,,,,,,,,,,,,,,,,,,,
415 24V,80-81,Angolo max apertura anta,415 24V,1044151,110°,415 L 24V,1044171,110°,,,,,,,,,,,,,,,,,,,,,,,,,,,,,,,,,,,,,,,,,,,,,,,,,,,,,,,,,,,,,,,,,,,,,,,,,,,,,,,,,,,,,,,,,,,,,,,,,,,,,,,,,,,,,,,,,,,,,,,,,,,,,,,,,,,,,,,,,,,,,,,,,,,,,,,,,,,,,,,,,,,,,,,,,,,,,,,,,,,,,,,,,,,,,,,,,,,,,,,,,,,,,,,,,,,,,,,,,,,,,,,,,,,,,,,,,,,,,,,,,,,,,,,,,,,,,,,,,,,,,,,,,,,,,,,,,,,,,,,,,,,,,,,,,,,,,,,,,,,,,,,,,,,,,,,,,,,,,,,,,,,,,,,,,,
415 24V,80-81,Temperatura ambiente di esercizio,415 24V,1044151,-20°C ÷ +55°C,415 L 24V,1044171,-20°C ÷ +55°C,,,,,,,,,,,,,,,,,,,,,,,,,,,,,,,,,,,,,,,,,,,,,,,,,,,,,,,,,,,,,,,,,,,,,,,,,,,,,,,,,,,,,,,,,,,,,,,,,,,,,,,,,,,,,,,,,,,,,,,,,,,,,,,,,,,,,,,,,,,,,,,,,,,,,,,,,,,,,,,,,,,,,,,,,,,,,,,,,,,,,,,,,,,,,,,,,,,,,,,,,,,,,,,,,,,,,,,,,,,,,,,,,,,,,,,,,,,,,,,,,,,,,,,,,,,,,,,,,,,,,,,,,,,,,,,,,,,,,,,,,,,,,,,,,,,,,,,,,,,,,,,,,,,,,,,,,,,,,,,,,,,,,,,,,,
415 24V,80-81,Grado di protezione,415 24V,1044151,IP54,415 L 24V,1044171,IP54,,,,,,,,,,,,,,,,,,,,,,,,,,,,,,,,,,,,,,,,,,,,,,,,,,,,,,,,,,,,,,,,,,,,,,,,,,,,,,,,,,,,,,,,,,,,,,,,,,,,,,,,,,,,,,,,,,,,,,,,,,,,,,,,,,,,,,,,,,,,,,,,,,,,,,,,,,,,,,,,,,,,,,,,,,,,,,,,,,,,,,,,,,,,,,,,,,,,,,,,,,,,,,,,,,,,,,,,,,,,,,,,,,,,,,,,,,,,,,,,,,,,,,,,,,,,,,,,,,,,,,,,,,,,,,,,,,,,,,,,,,,,,,,,,,,,,,,,,,,,,,,,,,,,,,,,,,,,,,,,,,,,,,,,,,
415 24V,80-81,Peso,415 24V,1044151,"7,8 Kg",415 L 24V,1044171,8 Kg,,,,,,,,,,,,,,,,,,,,,,,,,,,,,,,,,,,,,,,,,,,,,,,,,,,,,,,,,,,,,,,,,,,,,,,,,,,,,,,,,,,,,,,,,,,,,,,,,,,,,,,,,,,,,,,,,,,,,,,,,,,,,,,,,,,,,,,,,,,,,,,,,,,,,,,,,,,,,,,,,,,,,,,,,,,,,,,,,,,,,,,,,,,,,,,,,,,,,,,,,,,,,,,,,,,,,,,,,,,,,,,,,,,,,,,,,,,,,,,,,,,,,,,,,,,,,,,,,,,,,,,,,,,,,,,,,,,,,,,,,,,,,,,,,,,,,,,,,,,,,,,,,,,,,,,,,,,,,,,,,,,,,,,,,,
415 24V,80-81,Frequenza di utilizzo,415 24V,1044151,Uso continuo,415 L 24V,1044171,Uso continuo,,,,,,,,,,,,,,,,,,,,,,,,,,,,,,,,,,,,,,,,,,,,,,,,,,,,,,,,,,,,,,,,,,,,,,,,,,,,,,,,,,,,,,,,,,,,,,,,,,,,,,,,,,,,,,,,,,,,,,,,,,,,,,,,,,,,,,,,,,,,,,,,,,,,,,,,,,,,,,,,,,,,,,,,,,,,,,,,,,,,,,,,,,,,,,,,,,,,,,,,,,,,,,,,,,,,,,,,,,,,,,,,,,,,,,,,,,,,,,,,,,,,,,,,,,,,,,,,,,,,,,,,,,,,,,,,,,,,,,,,,,,,,,,,,,,,,,,,,,,,,,,,,,,,,,,,,,,,,,,,,,,,,,,,,,
415 24V,80-81,Larghezza max anta,415 24V,1044151,"2,5 m (3 con elettroserratura)",415 L 24V,1044171,3 m (4 con elettroserratura),,,,,,,,,,,,,,,,,,,,,,,,,,,,,,,,,,,,,,,,,,,,,,,,,,,,,,,,,,,,,,,,,,,,,,,,,,,,,,,,,,,,,,,,,,,,,,,,,,,,,,,,,,,,,,,,,,,,,,,,,,,,,,,,,,,,,,,,,,,,,,,,,,,,,,,,,,,,,,,,,,,,,,,,,,,,,,,,,,,,,,,,,,,,,,,,,,,,,,,,,,,,,,,,,,,,,,,,,,,,,,,,,,,,,,,,,,,,,,,,,,,,,,,,,,,,,,,,,,,,,,,,,,,,,,,,,,,,,,,,,,,,,,,,,,,,,,,,,,,,,,,,,,,,,,,,,,,,,,,,,,,,,,,,,,
415 24V,80-81,Staffe di fissaggio,415 24V,1044151,Attacco posteriore a saldare/avvitare - attacco anteriore a saldare/avvitare,415 L 24V,1044171,Attacco posteriore a saldare/avvitare - attacco anteriore a saldare/avvitare,,,,,,,,,,,,,,,,,,,,,,,,,,,,,,,,,,,,,,,,,,,,,,,,,,,,,,,,,,,,,,,,,,,,,,,,,,,,,,,,,,,,,,,,,,,,,,,,,,,,,,,,,,,,,,,,,,,,,,,,,,,,,,,,,,,,,,,,,,,,,,,,,,,,,,,,,,,,,,,,,,,,,,,,,,,,,,,,,,,,,,,,,,,,,,,,,,,,,,,,,,,,,,,,,,,,,,,,,,,,,,,,,,,,,,,,,,,,,,,,,,,,,,,,,,,,,,,,,,,,,,,,,,,,,,,,,,,,,,,,,,,,,,,,,,,,,,,,,,,,,,,,,,,,,,,,,,,,,,,,,,,,,,,,,,
415 24V,80-81,Dimensioni (LxPxH),415 24V,1044151,836 x 101 x 147 mm,415 L 24V,1044171,942 x 101 x 148 mm,,,,,,,,,,,,,,,,,,,,,,,,,,,,,,,,,,,,,,,,,,,,,,,,,,,,,,,,,,,,,,,,,,,,,,,,,,,,,,,,,,,,,,,,,,,,,,,,,,,,,,,,,,,,,,,,,,,,,,,,,,,,,,,,,,,,,,,,,,,,,,,,,,,,,,,,,,,,,,,,,,,,,,,,,,,,,,,,,,,,,,,,,,,,,,,,,,,,,,,,,,,,,,,,,,,,,,,,,,,,,,,,,,,,,,,,,,,,,,,,,,,,,,,,,,,,,,,,,,,,,,,,,,,,,,,,,,,,,,,,,,,,,,,,,,,,,,,,,,,,,,,,,,,,,,,,,,,,,,,,,,,,,,,,,,
415 24V,80-81,Apparecchiatura elettronica,415 24V,1044151,Non compresa,415 L 24V,1044171,Non è compatibile con la scheda E124S.,,,,,,,,,,,,,,,,,,,,,,,,,,,,,,,,,,,,,,,,,,,,,,,,,,,,,,,,,,,,,,,,,,,,,,,,,,,,,,,,,,,,,,,,,,,,,,,,,,,,,,,,,,,,,,,,,,,,,,,,,,,,,,,,,,,,,,,,,,,,,,,,,,,,,,,,,,,,,,,,,,,,,,,,,,,,,,,,,,,,,,,,,,,,,,,,,,,,,,,,,,,,,,,,,,,,,,,,,,,,,,,,,,,,,,,,,,,,,,,,,,,,,,,,,,,,,,,,,,,,,,,,,,,,,,,,,,,,,,,,,,,,,,,,,,,,,,,,,,,,,,,,,,,,,,,,,,,,,,,,,,,,,,,,,,
390 230V,82-83,Tensione di alimentazione di rete,390 230V,104570,220-240V~ 50/60 Hz,,,,,,,,,,,,,,,,,,,,,,,,,,,,,,,,,,,,,,,,,,,,,,,,,,,,,,,,,,,,,,,,,,,,,,,,,,,,,,,,,,,,,,,,,,,,,,,,,,,,,,,,,,,,,,,,,,,,,,,,,,,,,,,,,,,,,,,,,,,,,,,,,,,,,,,,,,,,,,,,,,,,,,,,,,,,,,,,,,,,,,,,,,,,,,,,,,,,,,,,,,,,,,,,,,,,,,,,,,,,,,,,,,,,,,,,,,,,,,,,,,,,,,,,,,,,,,,,,,,,,,,,,,,,,,,,,,,,,,,,,,,,,,,,,,,,,,,,,,,,,,,,,,,,,,,,,,,,,,,,,,,,,,,,,,,,,
390 230V,82-83,Motore elettrico,390 230V,104570,Asincrono monofase,,,,,,,,,,,,,,,,,,,,,,,,,,,,,,,,,,,,,,,,,,,,,,,,,,,,,,,,,,,,,,,,,,,,,,,,,,,,,,,,,,,,,,,,,,,,,,,,,,,,,,,,,,,,,,,,,,,,,,,,,,,,,,,,,,,,,,,,,,,,,,,,,,,,,,,,,,,,,,,,,,,,,,,,,,,,,,,,,,,,,,,,,,,,,,,,,,,,,,,,,,,,,,,,,,,,,,,,,,,,,,,,,,,,,,,,,,,,,,,,,,,,,,,,,,,,,,,,,,,,,,,,,,,,,,,,,,,,,,,,,,,,,,,,,,,,,,,,,,,,,,,,,,,,,,,,,,,,,,,,,,,,,,,,,,,,,
390 230V,82-83,Potenza max,390 230V,104570,280 W,,,,,,,,,,,,,,,,,,,,,,,,,,,,,,,,,,,,,,,,,,,,,,,,,,,,,,,,,,,,,,,,,,,,,,,,,,,,,,,,,,,,,,,,,,,,,,,,,,,,,,,,,,,,,,,,,,,,,,,,,,,,,,,,,,,,,,,,,,,,,,,,,,,,,,,,,,,,,,,,,,,,,,,,,,,,,,,,,,,,,,,,,,,,,,,,,,,,,,,,,,,,,,,,,,,,,,,,,,,,,,,,,,,,,,,,,,,,,,,,,,,,,,,,,,,,,,,,,,,,,,,,,,,,,,,,,,,,,,,,,,,,,,,,,,,,,,,,,,,,,,,,,,,,,,,,,,,,,,,,,,,,,,,,,,,,,
390 230V,82-83,Coppia max,390 230V,104570,250 Nm (*),,,,,,,,,,,,,,,,,,,,,,,,,,,,,,,,,,,,,,,,,,,,,,,,,,,,,,,,,,,,,,,,,,,,,,,,,,,,,,,,,,,,,,,,,,,,,,,,,,,,,,,,,,,,,,,,,,,,,,,,,,,,,,,,,,,,,,,,,,,,,,,,,,,,,,,,,,,,,,,,,,,,,,,,,,,,,,,,,,,,,,,,,,,,,,,,,,,,,,,,,,,,,,,,,,,,,,,,,,,,,,,,,,,,,,,,,,,,,,,,,,,,,,,,,,,,,,,,,,,,,,,,,,,,,,,,,,,,,,,,,,,,,,,,,,,,,,,,,,,,,,,,,,,,,,,,,,,,,,,,,,,,,,,,,,,,,
390 230V,82-83,Velocità angolare max,390 230V,104570,8 °/s (*),,,,,,,,,,,,,,,,,,,,,,,,,,,,,,,,,,,,,,,,,,,,,,,,,,,,,,,,,,,,,,,,,,,,,,,,,,,,,,,,,,,,,,,,,,,,,,,,,,,,,,,,,,,,,,,,,,,,,,,,,,,,,,,,,,,,,,,,,,,,,,,,,,,,,,,,,,,,,,,,,,,,,,,,,,,,,,,,,,,,,,,,,,,,,,,,,,,,,,,,,,,,,,,,,,,,,,,,,,,,,,,,,,,,,,,,,,,,,,,,,,,,,,,,,,,,,,,,,,,,,,,,,,,,,,,,,,,,,,,,,,,,,,,,,,,,,,,,,,,,,,,,,,,,,,,,,,,,,,,,,,,,,,,,,,,,,
390 230V,82-83,Angolo max apertura anta,390 230V,104570,120°,,,,,,,,,,,,,,,,,,,,,,,,,,,,,,,,,,,,,,,,,,,,,,,,,,,,,,,,,,,,,,,,,,,,,,,,,,,,,,,,,,,,,,,,,,,,,,,,,,,,,,,,,,,,,,,,,,,,,,,,,,,,,,,,,,,,,,,,,,,,,,,,,,,,,,,,,,,,,,,,,,,,,,,,,,,,,,,,,,,,,,,,,,,,,,,,,,,,,,,,,,,,,,,,,,,,,,,,,,,,,,,,,,,,,,,,,,,,,,,,,,,,,,,,,,,,,,,,,,,,,,,,,,,,,,,,,,,,,,,,,,,,,,,,,,,,,,,,,,,,,,,,,,,,,,,,,,,,,,,,,,,,,,,,,,,,,
390 230V,82-83,Temperatura ambiente di esercizio,390 230V,104570,-20°C ÷ +55°C,,,,,,,,,,,,,,,,,,,,,,,,,,,,,,,,,,,,,,,,,,,,,,,,,,,,,,,,,,,,,,,,,,,,,,,,,,,,,,,,,,,,,,,,,,,,,,,,,,,,,,,,,,,,,,,,,,,,,,,,,,,,,,,,,,,,,,,,,,,,,,,,,,,,,,,,,,,,,,,,,,,,,,,,,,,,,,,,,,,,,,,,,,,,,,,,,,,,,,,,,,,,,,,,,,,,,,,,,,,,,,,,,,,,,,,,,,,,,,,,,,,,,,,,,,,,,,,,,,,,,,,,,,,,,,,,,,,,,,,,,,,,,,,,,,,,,,,,,,,,,,,,,,,,,,,,,,,,,,,,,,,,,,,,,,,,,
390 230V,82-83,Termoprotezione,390 230V,104570,140°C,,,,,,,,,,,,,,,,,,,,,,,,,,,,,,,,,,,,,,,,,,,,,,,,,,,,,,,,,,,,,,,,,,,,,,,,,,,,,,,,,,,,,,,,,,,,,,,,,,,,,,,,,,,,,,,,,,,,,,,,,,,,,,,,,,,,,,,,,,,,,,,,,,,,,,,,,,,,,,,,,,,,,,,,,,,,,,,,,,,,,,,,,,,,,,,,,,,,,,,,,,,,,,,,,,,,,,,,,,,,,,,,,,,,,,,,,,,,,,,,,,,,,,,,,,,,,,,,,,,,,,,,,,,,,,,,,,,,,,,,,,,,,,,,,,,,,,,,,,,,,,,,,,,,,,,,,,,,,,,,,,,,,,,,,,,,,
390 230V,82-83,Grado di protezione,390 230V,104570,IP44,,,,,,,,,,,,,,,,,,,,,,,,,,,,,,,,,,,,,,,,,,,,,,,,,,,,,,,,,,,,,,,,,,,,,,,,,,,,,,,,,,,,,,,,,,,,,,,,,,,,,,,,,,,,,,,,,,,,,,,,,,,,,,,,,,,,,,,,,,,,,,,,,,,,,,,,,,,,,,,,,,,,,,,,,,,,,,,,,,,,,,,,,,,,,,,,,,,,,,,,,,,,,,,,,,,,,,,,,,,,,,,,,,,,,,,,,,,,,,,,,,,,,,,,,,,,,,,,,,,,,,,,,,,,,,,,,,,,,,,,,,,,,,,,,,,,,,,,,,,,,,,,,,,,,,,,,,,,,,,,,,,,,,,,,,,,,
390 230V,82-83,Peso,390 230V,104570,"11,5 Kg",,,,,,,,,,,,,,,,,,,,,,,,,,,,,,,,,,,,,,,,,,,,,,,,,,,,,,,,,,,,,,,,,,,,,,,,,,,,,,,,,,,,,,,,,,,,,,,,,,,,,,,,,,,,,,,,,,,,,,,,,,,,,,,,,,,,,,,,,,,,,,,,,,,,,,,,,,,,,,,,,,,,,,,,,,,,,,,,,,,,,,,,,,,,,,,,,,,,,,,,,,,,,,,,,,,,,,,,,,,,,,,,,,,,,,,,,,,,,,,,,,,,,,,,,,,,,,,,,,,,,,,,,,,,,,,,,,,,,,,,,,,,,,,,,,,,,,,,,,,,,,,,,,,,,,,,,,,,,,,,,,,,,,,,,,,,,
390 230V,82-83,Frequenza di utilizzo,390 230V,104570,S3 - 30%,,,,,,,,,,,,,,,,,,,,,,,,,,,,,,,,,,,,,,,,,,,,,,,,,,,,,,,,,,,,,,,,,,,,,,,,,,,,,,,,,,,,,,,,,,,,,,,,,,,,,,,,,,,,,,,,,,,,,,,,,,,,,,,,,,,,,,,,,,,,,,,,,,,,,,,,,,,,,,,,,,,,,,,,,,,,,,,,,,,,,,,,,,,,,,,,,,,,,,,,,,,,,,,,,,,,,,,,,,,,,,,,,,,,,,,,,,,,,,,,,,,,,,,,,,,,,,,,,,,,,,,,,,,,,,,,,,,,,,,,,,,,,,,,,,,,,,,,,,,,,,,,,,,,,,,,,,,,,,,,,,,,,,,,,,,,,
390 230V,82-83,Larghezza max anta,390 230V,104570,"1,8 m (3 m con elettroserratura)",,,,,,,,,,,,,,,,,,,,,,,,,,,,,,,,,,,,,,,,,,,,,,,,,,,,,,,,,,,,,,,,,,,,,,,,,,,,,,,,,,,,,,,,,,,,,,,,,,,,,,,,,,,,,,,,,,,,,,,,,,,,,,,,,,,,,,,,,,,,,,,,,,,,,,,,,,,,,,,,,,,,,,,,,,,,,,,,,,,,,,,,,,,,,,,,,,,,,,,,,,,,,,,,,,,,,,,,,,,,,,,,,,,,,,,,,,,,,,,,,,,,,,,,,,,,,,,,,,,,,,,,,,,,,,,,,,,,,,,,,,,,,,,,,,,,,,,,,,,,,,,,,,,,,,,,,,,,,,,,,,,,,,,,,,,,,
390 230V,82-83,Dimensioni (LxPxH),390 230V,104570,412 x 133 x 134 mm,,,,,,,,,,,,,,,,,,,,,,,,,,,,,,,,,,,,,,,,,,,,,,,,,,,,,,,,,,,,,,,,,,,,,,,,,,,,,,,,,,,,,,,,,,,,,,,,,,,,,,,,,,,,,,,,,,,,,,,,,,,,,,,,,,,,,,,,,,,,,,,,,,,,,,,,,,,,,,,,,,,,,,,,,,,,,,,,,,,,,,,,,,,,,,,,,,,,,,,,,,,,,,,,,,,,,,,,,,,,,,,,,,,,,,,,,,,,,,,,,,,,,,,,,,,,,,,,,,,,,,,,,,,,,,,,,,,,,,,,,,,,,,,,,,,,,,,,,,,,,,,,,,,,,,,,,,,,,,,,,,,,,,,,,,,,,
390 230V,82-83,Apparecchiatura elettronica,390 230V,104570,Non compresa,,,,,,,,,,,,,,,,,,,,,,,,,,,,,,,,,,,,,,,,,,,,,,,,,,,,,,,,,,,,,,,,,,,,,,,,,,,,,,,,,,,,,,,,,,,,,,,,,,,,,,,,,,,,,,,,,,,,,,,,,,,,,,,,,,,,,,,,,,,,,,,,,,,,,,,,,,,,,,,,,,,,,,,,,,,,,,,,,,,,,,,,,,,,,,,,,,,,,,,,,,,,,,,,,,,,,,,,,,,,,,,,,,,,,,,,,,,,,,,,,,,,,,,,,,,,,,,,,,,,,,,,,,,,,,,,,,,,,,,,,,,,,,,,,,,,,,,,,,,,,,,,,,,,,,,,,,,,,,,,,,,,,,,,,,,,,
392 C,84-85,Tensione di alimentazione di rete,392 C,104583,220-240V~ 50/60 Hz,392,104584,-,,,,,,,,,,,,,,,,,,,,,,,,,,,,,,,,,,,,,,,,,,,,,,,,,,,,,,,,,,,,,,,,,,,,,,,,,,,,,,,,,,,,,,,,,,,,,,,,,,,,,,,,,,,,,,,,,,,,,,,,,,,,,,,,,,,,,,,,,,,,,,,,,,,,,,,,,,,,,,,,,,,,,,,,,,,,,,,,,,,,,,,,,,,,,,,,,,,,,,,,,,,,,,,,,,,,,,,,,,,,,,,,,,,,,,,,,,,,,,,,,,,,,,,,,,,,,,,,,,,,,,,,,,,,,,,,,,,,,,,,,,,,,,,,,,,,,,,,,,,,,,,,,,,,,,,,,,,,,,,,,,,,,,,,,,
392 C,84-85,Motore elettrico,392 C,104583,Con spazzole 24V,392,104584,Con spazzole 24V,,,,,,,,,,,,,,,,,,,,,,,,,,,,,,,,,,,,,,,,,,,,,,,,,,,,,,,,,,,,,,,,,,,,,,,,,,,,,,,,,,,,,,,,,,,,,,,,,,,,,,,,,,,,,,,,,,,,,,,,,,,,,,,,,,,,,,,,,,,,,,,,,,,,,,,,,,,,,,,,,,,,,,,,,,,,,,,,,,,,,,,,,,,,,,,,,,,,,,,,,,,,,,,,,,,,,,,,,,,,,,,,,,,,,,,,,,,,,,,,,,,,,,,,,,,,,,,,,,,,,,,,,,,,,,,,,,,,,,,,,,,,,,,,,,,,,,,,,,,,,,,,,,,,,,,,,,,,,,,,,,,,,,,,,,
392 C,84-85,Coppia max,392 C,104583,300 Nm (*),392,104584,300 Nm (*),,,,,,,,,,,,,,,,,,,,,,,,,,,,,,,,,,,,,,,,,,,,,,,,,,,,,,,,,,,,,,,,,,,,,,,,,,,,,,,,,,,,,,,,,,,,,,,,,,,,,,,,,,,,,,,,,,,,,,,,,,,,,,,,,,,,,,,,,,,,,,,,,,,,,,,,,,,,,,,,,,,,,,,,,,,,,,,,,,,,,,,,,,,,,,,,,,,,,,,,,,,,,,,,,,,,,,,,,,,,,,,,,,,,,,,,,,,,,,,,,,,,,,,,,,,,,,,,,,,,,,,,,,,,,,,,,,,,,,,,,,,,,,,,,,,,,,,,,,,,,,,,,,,,,,,,,,,,,,,,,,,,,,,,,,
392 C,84-85,Velocità angolare max,392 C,104583,"8,5 °/s (*)",392,104584,"8,5 °/s (*)",,,,,,,,,,,,,,,,,,,,,,,,,,,,,,,,,,,,,,,,,,,,,,,,,,,,,,,,,,,,,,,,,,,,,,,,,,,,,,,,,,,,,,,,,,,,,,,,,,,,,,,,,,,,,,,,,,,,,,,,,,,,,,,,,,,,,,,,,,,,,,,,,,,,,,,,,,,,,,,,,,,,,,,,,,,,,,,,,,,,,,,,,,,,,,,,,,,,,,,,,,,,,,,,,,,,,,,,,,,,,,,,,,,,,,,,,,,,,,,,,,,,,,,,,,,,,,,,,,,,,,,,,,,,,,,,,,,,,,,,,,,,,,,,,,,,,,,,,,,,,,,,,,,,,,,,,,,,,,,,,,,,,,,,,,
392 C,84-85,Peso max anta,392 C,104583,Vedere grafico A,392,104584,Vedere grafico A,,,,,,,,,,,,,,,,,,,,,,,,,,,,,,,,,,,,,,,,,,,,,,,,,,,,,,,,,,,,,,,,,,,,,,,,,,,,,,,,,,,,,,,,,,,,,,,,,,,,,,,,,,,,,,,,,,,,,,,,,,,,,,,,,,,,,,,,,,,,,,,,,,,,,,,,,,,,,,,,,,,,,,,,,,,,,,,,,,,,,,,,,,,,,,,,,,,,,,,,,,,,,,,,,,,,,,,,,,,,,,,,,,,,,,,,,,,,,,,,,,,,,,,,,,,,,,,,,,,,,,,,,,,,,,,,,,,,,,,,,,,,,,,,,,,,,,,,,,,,,,,,,,,,,,,,,,,,,,,,,,,,,,,,,,
392 C,84-85,Angolo max apertura anta,392 C,104583,120°,392,104584,120°,,,,,,,,,,,,,,,,,,,,,,,,,,,,,,,,,,,,,,,,,,,,,,,,,,,,,,,,,,,,,,,,,,,,,,,,,,,,,,,,,,,,,,,,,,,,,,,,,,,,,,,,,,,,,,,,,,,,,,,,,,,,,,,,,,,,,,,,,,,,,,,,,,,,,,,,,,,,,,,,,,,,,,,,,,,,,,,,,,,,,,,,,,,,,,,,,,,,,,,,,,,,,,,,,,,,,,,,,,,,,,,,,,,,,,,,,,,,,,,,,,,,,,,,,,,,,,,,,,,,,,,,,,,,,,,,,,,,,,,,,,,,,,,,,,,,,,,,,,,,,,,,,,,,,,,,,,,,,,,,,,,,,,,,,,
392 C,84-85,Temperatura ambiente di esercizio,392 C,104583,-20 °C ÷ +65 °C,392,104584,-20 °C ÷ +65 °C,,,,,,,,,,,,,,,,,,,,,,,,,,,,,,,,,,,,,,,,,,,,,,,,,,,,,,,,,,,,,,,,,,,,,,,,,,,,,,,,,,,,,,,,,,,,,,,,,,,,,,,,,,,,,,,,,,,,,,,,,,,,,,,,,,,,,,,,,,,,,,,,,,,,,,,,,,,,,,,,,,,,,,,,,,,,,,,,,,,,,,,,,,,,,,,,,,,,,,,,,,,,,,,,,,,,,,,,,,,,,,,,,,,,,,,,,,,,,,,,,,,,,,,,,,,,,,,,,,,,,,,,,,,,,,,,,,,,,,,,,,,,,,,,,,,,,,,,,,,,,,,,,,,,,,,,,,,,,,,,,,,,,,,,,,
392 C,84-85,Grado di protezione,392 C,104583,IP44,392,104584,IP44,,,,,,,,,,,,,,,,,,,,,,,,,,,,,,,,,,,,,,,,,,,,,,,,,,,,,,,,,,,,,,,,,,,,,,,,,,,,,,,,,,,,,,,,,,,,,,,,,,,,,,,,,,,,,,,,,,,,,,,,,,,,,,,,,,,,,,,,,,,,,,,,,,,,,,,,,,,,,,,,,,,,,,,,,,,,,,,,,,,,,,,,,,,,,,,,,,,,,,,,,,,,,,,,,,,,,,,,,,,,,,,,,,,,,,,,,,,,,,,,,,,,,,,,,,,,,,,,,,,,,,,,,,,,,,,,,,,,,,,,,,,,,,,,,,,,,,,,,,,,,,,,,,,,,,,,,,,,,,,,,,,,,,,,,,
392 C,84-85,Peso,392 C,104583,"11,7 Kg",392,104584,9 Kg,,,,,,,,,,,,,,,,,,,,,,,,,,,,,,,,,,,,,,,,,,,,,,,,,,,,,,,,,,,,,,,,,,,,,,,,,,,,,,,,,,,,,,,,,,,,,,,,,,,,,,,,,,,,,,,,,,,,,,,,,,,,,,,,,,,,,,,,,,,,,,,,,,,,,,,,,,,,,,,,,,,,,,,,,,,,,,,,,,,,,,,,,,,,,,,,,,,,,,,,,,,,,,,,,,,,,,,,,,,,,,,,,,,,,,,,,,,,,,,,,,,,,,,,,,,,,,,,,,,,,,,,,,,,,,,,,,,,,,,,,,,,,,,,,,,,,,,,,,,,,,,,,,,,,,,,,,,,,,,,,,,,,,,,,,
392 C,84-85,Frequenza di utilizzo,392 C,104583,Utilizzo continuo,392,104584,Utilizzo continuo,,,,,,,,,,,,,,,,,,,,,,,,,,,,,,,,,,,,,,,,,,,,,,,,,,,,,,,,,,,,,,,,,,,,,,,,,,,,,,,,,,,,,,,,,,,,,,,,,,,,,,,,,,,,,,,,,,,,,,,,,,,,,,,,,,,,,,,,,,,,,,,,,,,,,,,,,,,,,,,,,,,,,,,,,,,,,,,,,,,,,,,,,,,,,,,,,,,,,,,,,,,,,,,,,,,,,,,,,,,,,,,,,,,,,,,,,,,,,,,,,,,,,,,,,,,,,,,,,,,,,,,,,,,,,,,,,,,,,,,,,,,,,,,,,,,,,,,,,,,,,,,,,,,,,,,,,,,,,,,,,,,,,,,,,,
392 C,84-85,Larghezza max anta,392 C,104583,"2,5 m con elettroserratura",392,104584,"2,5 m con elettroserratura",,,,,,,,,,,,,,,,,,,,,,,,,,,,,,,,,,,,,,,,,,,,,,,,,,,,,,,,,,,,,,,,,,,,,,,,,,,,,,,,,,,,,,,,,,,,,,,,,,,,,,,,,,,,,,,,,,,,,,,,,,,,,,,,,,,,,,,,,,,,,,,,,,,,,,,,,,,,,,,,,,,,,,,,,,,,,,,,,,,,,,,,,,,,,,,,,,,,,,,,,,,,,,,,,,,,,,,,,,,,,,,,,,,,,,,,,,,,,,,,,,,,,,,,,,,,,,,,,,,,,,,,,,,,,,,,,,,,,,,,,,,,,,,,,,,,,,,,,,,,,,,,,,,,,,,,,,,,,,,,,,,,,,,,,,
392 C,84-85,Dimensioni (LxPxH),392 C,104583,183 x 256 x 304 mm,392,104584,183 x 256 x 304 mm,,,,,,,,,,,,,,,,,,,,,,,,,,,,,,,,,,,,,,,,,,,,,,,,,,,,,,,,,,,,,,,,,,,,,,,,,,,,,,,,,,,,,,,,,,,,,,,,,,,,,,,,,,,,,,,,,,,,,,,,,,,,,,,,,,,,,,,,,,,,,,,,,,,,,,,,,,,,,,,,,,,,,,,,,,,,,,,,,,,,,,,,,,,,,,,,,,,,,,,,,,,,,,,,,,,,,,,,,,,,,,,,,,,,,,,,,,,,,,,,,,,,,,,,,,,,,,,,,,,,,,,,,,,,,,,,,,,,,,,,,,,,,,,,,,,,,,,,,,,,,,,,,,,,,,,,,,,,,,,,,,,,,,,,,,
392 C,84-85,Apparecchiatura elettronica,392 C,104583,E034 incorporata,392,104584,-,,,,,,,,,,,,,,,,,,,,,,,,,,,,,,,,,,,,,,,,,,,,,,,,,,,,,,,,,,,,,,,,,,,,,,,,,,,,,,,,,,,,,,,,,,,,,,,,,,,,,,,,,,,,,,,,,,,,,,,,,,,,,,,,,,,,,,,,,,,,,,,,,,,,,,,,,,,,,,,,,,,,,,,,,,,,,,,,,,,,,,,,,,,,,,,,,,,,,,,,,,,,,,,,,,,,,,,,,,,,,,,,,,,,,,,,,,,,,,,,,,,,,,,,,,,,,,,,,,,,,,,,,,,,,,,,,,,,,,,,,,,,,,,,,,,,,,,,,,,,,,,,,,,,,,,,,,,,,,,,,,,,,,,,,,
402,86-87,Tensione di alimentazione di rete,402 CBC,104468,220-240V~ 50/60 Hz,402 SBS,104474,220-240V~ 50/60 Hz,,,,,,,,,,,,,,,,,,,,,,,,,,,,,,,,,,,,,,,,,,,,,,,,,,,,,,,,,,,,,,,,,,,,,,,,,,,,,,,,,,,,,,,,,,,,,,,,,,,,,,,,,,,,,,,,,,,,,,,,,,,,,,,,,,,,,,,,,,,,,,,,,,,,,,,,,,,,,,,,,,,,,,,,,,,,,,,,,,,,,,,,,,,,,,,,,,,,,,,,,,,,,,,,,,,,,,,,,,,,,,,,,,,,,,,,,,,,,,,,,,,,,,,,,,,,,,,,,,,,,,,,,,,,,,,,,,,,,,,,,,,,,,,,,,,,,,,,,,,,,,,,,,,,,,,,,,,,,,,,,,,,,,,,,,
402,86-87,Motore elettrico,402 CBC,104468,Asincrono monofase,402 SBS,104474,Asincrono monofase,,,,,,,,,,,,,,,,,,,,,,,,,,,,,,,,,,,,,,,,,,,,,,,,,,,,,,,,,,,,,,,,,,,,,,,,,,,,,,,,,,,,,,,,,,,,,,,,,,,,,,,,,,,,,,,,,,,,,,,,,,,,,,,,,,,,,,,,,,,,,,,,,,,,,,,,,,,,,,,,,,,,,,,,,,,,,,,,,,,,,,,,,,,,,,,,,,,,,,,,,,,,,,,,,,,,,,,,,,,,,,,,,,,,,,,,,,,,,,,,,,,,,,,,,,,,,,,,,,,,,,,,,,,,,,,,,,,,,,,,,,,,,,,,,,,,,,,,,,,,,,,,,,,,,,,,,,,,,,,,,,,,,,,,,,
402,86-87,Potenza max,402 CBC,104468,220 W,402 SBS,104474,220 W,,,,,,,,,,,,,,,,,,,,,,,,,,,,,,,,,,,,,,,,,,,,,,,,,,,,,,,,,,,,,,,,,,,,,,,,,,,,,,,,,,,,,,,,,,,,,,,,,,,,,,,,,,,,,,,,,,,,,,,,,,,,,,,,,,,,,,,,,,,,,,,,,,,,,,,,,,,,,,,,,,,,,,,,,,,,,,,,,,,,,,,,,,,,,,,,,,,,,,,,,,,,,,,,,,,,,,,,,,,,,,,,,,,,,,,,,,,,,,,,,,,,,,,,,,,,,,,,,,,,,,,,,,,,,,,,,,,,,,,,,,,,,,,,,,,,,,,,,,,,,,,,,,,,,,,,,,,,,,,,,,,,,,,,,,
402,86-87,Forza max di spinta,402 CBC,104468,5000 N (*),402 SBS,104474,6900 N (*),,,,,,,,,,,,,,,,,,,,,,,,,,,,,,,,,,,,,,,,,,,,,,,,,,,,,,,,,,,,,,,,,,,,,,,,,,,,,,,,,,,,,,,,,,,,,,,,,,,,,,,,,,,,,,,,,,,,,,,,,,,,,,,,,,,,,,,,,,,,,,,,,,,,,,,,,,,,,,,,,,,,,,,,,,,,,,,,,,,,,,,,,,,,,,,,,,,,,,,,,,,,,,,,,,,,,,,,,,,,,,,,,,,,,,,,,,,,,,,,,,,,,,,,,,,,,,,,,,,,,,,,,,,,,,,,,,,,,,,,,,,,,,,,,,,,,,,,,,,,,,,,,,,,,,,,,,,,,,,,,,,,,,,,,,
402,86-87,Velocità max stelo,402 CBC,104468,13 mm/s (*),402 SBS,104474,10 mm/s (*),,,,,,,,,,,,,,,,,,,,,,,,,,,,,,,,,,,,,,,,,,,,,,,,,,,,,,,,,,,,,,,,,,,,,,,,,,,,,,,,,,,,,,,,,,,,,,,,,,,,,,,,,,,,,,,,,,,,,,,,,,,,,,,,,,,,,,,,,,,,,,,,,,,,,,,,,,,,,,,,,,,,,,,,,,,,,,,,,,,,,,,,,,,,,,,,,,,,,,,,,,,,,,,,,,,,,,,,,,,,,,,,,,,,,,,,,,,,,,,,,,,,,,,,,,,,,,,,,,,,,,,,,,,,,,,,,,,,,,,,,,,,,,,,,,,,,,,,,,,,,,,,,,,,,,,,,,,,,,,,,,,,,,,,,,
402,86-87,Portata gruppo motore-pompa,402 CBC,104468,1 lpm (*),402 SBS,104474,"0,75 lpm (*)",,,,,,,,,,,,,,,,,,,,,,,,,,,,,,,,,,,,,,,,,,,,,,,,,,,,,,,,,,,,,,,,,,,,,,,,,,,,,,,,,,,,,,,,,,,,,,,,,,,,,,,,,,,,,,,,,,,,,,,,,,,,,,,,,,,,,,,,,,,,,,,,,,,,,,,,,,,,,,,,,,,,,,,,,,,,,,,,,,,,,,,,,,,,,,,,,,,,,,,,,,,,,,,,,,,,,,,,,,,,,,,,,,,,,,,,,,,,,,,,,,,,,,,,,,,,,,,,,,,,,,,,,,,,,,,,,,,,,,,,,,,,,,,,,,,,,,,,,,,,,,,,,,,,,,,,,,,,,,,,,,,,,,,,,,
402,86-87,Corsa dello stelo,402 CBC,104468,250 mm,402 SBS,104474,250 mm,,,,,,,,,,,,,,,,,,,,,,,,,,,,,,,,,,,,,,,,,,,,,,,,,,,,,,,,,,,,,,,,,,,,,,,,,,,,,,,,,,,,,,,,,,,,,,,,,,,,,,,,,,,,,,,,,,,,,,,,,,,,,,,,,,,,,,,,,,,,,,,,,,,,,,,,,,,,,,,,,,,,,,,,,,,,,,,,,,,,,,,,,,,,,,,,,,,,,,,,,,,,,,,,,,,,,,,,,,,,,,,,,,,,,,,,,,,,,,,,,,,,,,,,,,,,,,,,,,,,,,,,,,,,,,,,,,,,,,,,,,,,,,,,,,,,,,,,,,,,,,,,,,,,,,,,,,,,,,,,,,,,,,,,,,
402,86-87,Angolo max apertura anta,402 CBC,104468,110°,402 SBS,104474,110°,,,,,,,,,,,,,,,,,,,,,,,,,,,,,,,,,,,,,,,,,,,,,,,,,,,,,,,,,,,,,,,,,,,,,,,,,,,,,,,,,,,,,,,,,,,,,,,,,,,,,,,,,,,,,,,,,,,,,,,,,,,,,,,,,,,,,,,,,,,,,,,,,,,,,,,,,,,,,,,,,,,,,,,,,,,,,,,,,,,,,,,,,,,,,,,,,,,,,,,,,,,,,,,,,,,,,,,,,,,,,,,,,,,,,,,,,,,,,,,,,,,,,,,,,,,,,,,,,,,,,,,,,,,,,,,,,,,,,,,,,,,,,,,,,,,,,,,,,,,,,,,,,,,,,,,,,,,,,,,,,,,,,,,,,,
402,86-87,Temperatura ambiente di esercizio,402 CBC,104468,-20°C ÷ + 55°C,402 SBS,104474,-20°C ÷ + 55°C,,,,,,,,,,,,,,,,,,,,,,,,,,,,,,,,,,,,,,,,,,,,,,,,,,,,,,,,,,,,,,,,,,,,,,,,,,,,,,,,,,,,,,,,,,,,,,,,,,,,,,,,,,,,,,,,,,,,,,,,,,,,,,,,,,,,,,,,,,,,,,,,,,,,,,,,,,,,,,,,,,,,,,,,,,,,,,,,,,,,,,,,,,,,,,,,,,,,,,,,,,,,,,,,,,,,,,,,,,,,,,,,,,,,,,,,,,,,,,,,,,,,,,,,,,,,,,,,,,,,,,,,,,,,,,,,,,,,,,,,,,,,,,,,,,,,,,,,,,,,,,,,,,,,,,,,,,,,,,,,,,,,,,,,,,
402,86-87,Termoprotezione,402 CBC,104468,120°C,402 SBS,104474,120°C,,,,,,,,,,,,,,,,,,,,,,,,,,,,,,,,,,,,,,,,,,,,,,,,,,,,,,,,,,,,,,,,,,,,,,,,,,,,,,,,,,,,,,,,,,,,,,,,,,,,,,,,,,,,,,,,,,,,,,,,,,,,,,,,,,,,,,,,,,,,,,,,,,,,,,,,,,,,,,,,,,,,,,,,,,,,,,,,,,,,,,,,,,,,,,,,,,,,,,,,,,,,,,,,,,,,,,,,,,,,,,,,,,,,,,,,,,,,,,,,,,,,,,,,,,,,,,,,,,,,,,,,,,,,,,,,,,,,,,,,,,,,,,,,,,,,,,,,,,,,,,,,,,,,,,,,,,,,,,,,,,,,,,,,,,
402,86-87,Grado di protezione,402 CBC,104468,IP55,402 SBS,104474,IP55,,,,,,,,,,,,,,,,,,,,,,,,,,,,,,,,,,,,,,,,,,,,,,,,,,,,,,,,,,,,,,,,,,,,,,,,,,,,,,,,,,,,,,,,,,,,,,,,,,,,,,,,,,,,,,,,,,,,,,,,,,,,,,,,,,,,,,,,,,,,,,,,,,,,,,,,,,,,,,,,,,,,,,,,,,,,,,,,,,,,,,,,,,,,,,,,,,,,,,,,,,,,,,,,,,,,,,,,,,,,,,,,,,,,,,,,,,,,,,,,,,,,,,,,,,,,,,,,,,,,,,,,,,,,,,,,,,,,,,,,,,,,,,,,,,,,,,,,,,,,,,,,,,,,,,,,,,,,,,,,,,,,,,,,,,
402,86-87,Peso,402 CBC,104468,"6,5 Kg",402 SBS,104474,"6,5 Kg",,,,,,,,,,,,,,,,,,,,,,,,,,,,,,,,,,,,,,,,,,,,,,,,,,,,,,,,,,,,,,,,,,,,,,,,,,,,,,,,,,,,,,,,,,,,,,,,,,,,,,,,,,,,,,,,,,,,,,,,,,,,,,,,,,,,,,,,,,,,,,,,,,,,,,,,,,,,,,,,,,,,,,,,,,,,,,,,,,,,,,,,,,,,,,,,,,,,,,,,,,,,,,,,,,,,,,,,,,,,,,,,,,,,,,,,,,,,,,,,,,,,,,,,,,,,,,,,,,,,,,,,,,,,,,,,,,,,,,,,,,,,,,,,,,,,,,,,,,,,,,,,,,,,,,,,,,,,,,,,,,,,,,,,,,
402,86-87,Frequenza di utilizzo,402 CBC,104468,55 cicli/ora,402 SBS,104474,55 cicli/ora,,,,,,,,,,,,,,,,,,,,,,,,,,,,,,,,,,,,,,,,,,,,,,,,,,,,,,,,,,,,,,,,,,,,,,,,,,,,,,,,,,,,,,,,,,,,,,,,,,,,,,,,,,,,,,,,,,,,,,,,,,,,,,,,,,,,,,,,,,,,,,,,,,,,,,,,,,,,,,,,,,,,,,,,,,,,,,,,,,,,,,,,,,,,,,,,,,,,,,,,,,,,,,,,,,,,,,,,,,,,,,,,,,,,,,,,,,,,,,,,,,,,,,,,,,,,,,,,,,,,,,,,,,,,,,,,,,,,,,,,,,,,,,,,,,,,,,,,,,,,,,,,,,,,,,,,,,,,,,,,,,,,,,,,,,
402,86-87,Larghezza max anta,402 CBC,104468,"1,80 m",402 SBS,104474,3 m (con elettroserratura),,,,,,,,,,,,,,,,,,,,,,,,,,,,,,,,,,,,,,,,,,,,,,,,,,,,,,,,,,,,,,,,,,,,,,,,,,,,,,,,,,,,,,,,,,,,,,,,,,,,,,,,,,,,,,,,,,,,,,,,,,,,,,,,,,,,,,,,,,,,,,,,,,,,,,,,,,,,,,,,,,,,,,,,,,,,,,,,,,,,,,,,,,,,,,,,,,,,,,,,,,,,,,,,,,,,,,,,,,,,,,,,,,,,,,,,,,,,,,,,,,,,,,,,,,,,,,,,,,,,,,,,,,,,,,,,,,,,,,,,,,,,,,,,,,,,,,,,,,,,,,,,,,,,,,,,,,,,,,,,,,,,,,,,,,
402,86-87,Tipo di olio,402 CBC,104468,FAAC HP OIL,402 SBS,104474,FAAC HP OIL,,,,,,,,,,,,,,,,,,,,,,,,,,,,,,,,,,,,,,,,,,,,,,,,,,,,,,,,,,,,,,,,,,,,,,,,,,,,,,,,,,,,,,,,,,,,,,,,,,,,,,,,,,,,,,,,,,,,,,,,,,,,,,,,,,,,,,,,,,,,,,,,,,,,,,,,,,,,,,,,,,,,,,,,,,,,,,,,,,,,,,,,,,,,,,,,,,,,,,,,,,,,,,,,,,,,,,,,,,,,,,,,,,,,,,,,,,,,,,,,,,,,,,,,,,,,,,,,,,,,,,,,,,,,,,,,,,,,,,,,,,,,,,,,,,,,,,,,,,,,,,,,,,,,,,,,,,,,,,,,,,,,,,,,,,
402,86-87,Staffe di fissaggio,402 CBC,104468,Attacco posteriore a saldare/avvitare - attacco anteriore a saldare/avvitare,402 SBS,104474,Attacco posteriore a saldare/avvitare - attacco anteriore a saldare/avvitare,,,,,,,,,,,,,,,,,,,,,,,,,,,,,,,,,,,,,,,,,,,,,,,,,,,,,,,,,,,,,,,,,,,,,,,,,,,,,,,,,,,,,,,,,,,,,,,,,,,,,,,,,,,,,,,,,,,,,,,,,,,,,,,,,,,,,,,,,,,,,,,,,,,,,,,,,,,,,,,,,,,,,,,,,,,,,,,,,,,,,,,,,,,,,,,,,,,,,,,,,,,,,,,,,,,,,,,,,,,,,,,,,,,,,,,,,,,,,,,,,,,,,,,,,,,,,,,,,,,,,,,,,,,,,,,,,,,,,,,,,,,,,,,,,,,,,,,,,,,,,,,,,,,,,,,,,,,,,,,,,,,,,,,,,,
402,86-87,Dimensioni (LxPxH),402 CBC,104468,959 x 85 x 85 mm,402 SBS,104474,959 x 85 x 85 mm,,,,,,,,,,,,,,,,,,,,,,,,,,,,,,,,,,,,,,,,,,,,,,,,,,,,,,,,,,,,,,,,,,,,,,,,,,,,,,,,,,,,,,,,,,,,,,,,,,,,,,,,,,,,,,,,,,,,,,,,,,,,,,,,,,,,,,,,,,,,,,,,,,,,,,,,,,,,,,,,,,,,,,,,,,,,,,,,,,,,,,,,,,,,,,,,,,,,,,,,,,,,,,,,,,,,,,,,,,,,,,,,,,,,,,,,,,,,,,,,,,,,,,,,,,,,,,,,,,,,,,,,,,,,,,,,,,,,,,,,,,,,,,,,,,,,,,,,,,,,,,,,,,,,,,,,,,,,,,,,,,,,,,,,,,
402,86-87,Apparecchiatura elettronica,402 CBC,104468,Non compresa,402 SBS,104474,Per gli attuatori senza blocco occorre installare un’elettroserratura.,,,,,,,,,,,,,,,,,,,,,,,,,,,,,,,,,,,,,,,,,,,,,,,,,,,,,,,,,,,,,,,,,,,,,,,,,,,,,,,,,,,,,,,,,,,,,,,,,,,,,,,,,,,,,,,,,,,,,,,,,,,,,,,,,,,,,,,,,,,,,,,,,,,,,,,,,,,,,,,,,,,,,,,,,,,,,,,,,,,,,,,,,,,,,,,,,,,,,,,,,,,,,,,,,,,,,,,,,,,,,,,,,,,,,,,,,,,,,,,,,,,,,,,,,,,,,,,,,,,,,,,,,,,,,,,,,,,,,,,,,,,,,,,,,,,,,,,,,,,,,,,,,,,,,,,,,,,,,,,,,,,,,,,,,,
422,88-89,Tensione di alimentazione di rete,422 CBAC,104200,220-240V~ 50/60 Hz,422 SBS,104210,220-240V~ 50/60 Hz,,,,,,,,,,,,,,,,,,,,,,,,,,,,,,,,,,,,,,,,,,,,,,,,,,,,,,,,,,,,,,,,,,,,,,,,,,,,,,,,,,,,,,,,,,,,,,,,,,,,,,,,,,,,,,,,,,,,,,,,,,,,,,,,,,,,,,,,,,,,,,,,,,,,,,,,,,,,,,,,,,,,,,,,,,,,,,,,,,,,,,,,,,,,,,,,,,,,,,,,,,,,,,,,,,,,,,,,,,,,,,,,,,,,,,,,,,,,,,,,,,,,,,,,,,,,,,,,,,,,,,,,,,,,,,,,,,,,,,,,,,,,,,,,,,,,,,,,,,,,,,,,,,,,,,,,,,,,,,,,,,,,,,,,,,
422,88-89,Motore elettrico,422 CBAC,104200,Asincrono monofase,422 SBS,104210,Asincrono monofase,,,,,,,,,,,,,,,,,,,,,,,,,,,,,,,,,,,,,,,,,,,,,,,,,,,,,,,,,,,,,,,,,,,,,,,,,,,,,,,,,,,,,,,,,,,,,,,,,,,,,,,,,,,,,,,,,,,,,,,,,,,,,,,,,,,,,,,,,,,,,,,,,,,,,,,,,,,,,,,,,,,,,,,,,,,,,,,,,,,,,,,,,,,,,,,,,,,,,,,,,,,,,,,,,,,,,,,,,,,,,,,,,,,,,,,,,,,,,,,,,,,,,,,,,,,,,,,,,,,,,,,,,,,,,,,,,,,,,,,,,,,,,,,,,,,,,,,,,,,,,,,,,,,,,,,,,,,,,,,,,,,,,,,,,,
422,88-89,Potenza max,422 CBAC,104200,220 W,422 SBS,104210,220 W,,,,,,,,,,,,,,,,,,,,,,,,,,,,,,,,,,,,,,,,,,,,,,,,,,,,,,,,,,,,,,,,,,,,,,,,,,,,,,,,,,,,,,,,,,,,,,,,,,,,,,,,,,,,,,,,,,,,,,,,,,,,,,,,,,,,,,,,,,,,,,,,,,,,,,,,,,,,,,,,,,,,,,,,,,,,,,,,,,,,,,,,,,,,,,,,,,,,,,,,,,,,,,,,,,,,,,,,,,,,,,,,,,,,,,,,,,,,,,,,,,,,,,,,,,,,,,,,,,,,,,,,,,,,,,,,,,,,,,,,,,,,,,,,,,,,,,,,,,,,,,,,,,,,,,,,,,,,,,,,,,,,,,,,,,
422,88-89,Forza max di spinta,422 CBAC,104200,5000 N (*),422 SBS,104210,6900 N (*),,,,,,,,,,,,,,,,,,,,,,,,,,,,,,,,,,,,,,,,,,,,,,,,,,,,,,,,,,,,,,,,,,,,,,,,,,,,,,,,,,,,,,,,,,,,,,,,,,,,,,,,,,,,,,,,,,,,,,,,,,,,,,,,,,,,,,,,,,,,,,,,,,,,,,,,,,,,,,,,,,,,,,,,,,,,,,,,,,,,,,,,,,,,,,,,,,,,,,,,,,,,,,,,,,,,,,,,,,,,,,,,,,,,,,,,,,,,,,,,,,,,,,,,,,,,,,,,,,,,,,,,,,,,,,,,,,,,,,,,,,,,,,,,,,,,,,,,,,,,,,,,,,,,,,,,,,,,,,,,,,,,,,,,,,
422,88-89,Velocità max stelo,422 CBAC,104200,13 mm/s (*),422 SBS,104210,10 mm/s (*),,,,,,,,,,,,,,,,,,,,,,,,,,,,,,,,,,,,,,,,,,,,,,,,,,,,,,,,,,,,,,,,,,,,,,,,,,,,,,,,,,,,,,,,,,,,,,,,,,,,,,,,,,,,,,,,,,,,,,,,,,,,,,,,,,,,,,,,,,,,,,,,,,,,,,,,,,,,,,,,,,,,,,,,,,,,,,,,,,,,,,,,,,,,,,,,,,,,,,,,,,,,,,,,,,,,,,,,,,,,,,,,,,,,,,,,,,,,,,,,,,,,,,,,,,,,,,,,,,,,,,,,,,,,,,,,,,,,,,,,,,,,,,,,,,,,,,,,,,,,,,,,,,,,,,,,,,,,,,,,,,,,,,,,,,
422,88-89,Portata gruppo motore-pompa,422 CBAC,104200,1 lpm (*),422 SBS,104210,"0,75 lpm (*)",,,,,,,,,,,,,,,,,,,,,,,,,,,,,,,,,,,,,,,,,,,,,,,,,,,,,,,,,,,,,,,,,,,,,,,,,,,,,,,,,,,,,,,,,,,,,,,,,,,,,,,,,,,,,,,,,,,,,,,,,,,,,,,,,,,,,,,,,,,,,,,,,,,,,,,,,,,,,,,,,,,,,,,,,,,,,,,,,,,,,,,,,,,,,,,,,,,,,,,,,,,,,,,,,,,,,,,,,,,,,,,,,,,,,,,,,,,,,,,,,,,,,,,,,,,,,,,,,,,,,,,,,,,,,,,,,,,,,,,,,,,,,,,,,,,,,,,,,,,,,,,,,,,,,,,,,,,,,,,,,,,,,,,,,,
422,88-89,Corsa dello stelo,422 CBAC,104200,250 mm,422 SBS,104210,250 mm,,,,,,,,,,,,,,,,,,,,,,,,,,,,,,,,,,,,,,,,,,,,,,,,,,,,,,,,,,,,,,,,,,,,,,,,,,,,,,,,,,,,,,,,,,,,,,,,,,,,,,,,,,,,,,,,,,,,,,,,,,,,,,,,,,,,,,,,,,,,,,,,,,,,,,,,,,,,,,,,,,,,,,,,,,,,,,,,,,,,,,,,,,,,,,,,,,,,,,,,,,,,,,,,,,,,,,,,,,,,,,,,,,,,,,,,,,,,,,,,,,,,,,,,,,,,,,,,,,,,,,,,,,,,,,,,,,,,,,,,,,,,,,,,,,,,,,,,,,,,,,,,,,,,,,,,,,,,,,,,,,,,,,,,,,
422,88-89,Angolo max apertura anta,422 CBAC,104200,110°,422 SBS,104210,110°,,,,,,,,,,,,,,,,,,,,,,,,,,,,,,,,,,,,,,,,,,,,,,,,,,,,,,,,,,,,,,,,,,,,,,,,,,,,,,,,,,,,,,,,,,,,,,,,,,,,,,,,,,,,,,,,,,,,,,,,,,,,,,,,,,,,,,,,,,,,,,,,,,,,,,,,,,,,,,,,,,,,,,,,,,,,,,,,,,,,,,,,,,,,,,,,,,,,,,,,,,,,,,,,,,,,,,,,,,,,,,,,,,,,,,,,,,,,,,,,,,,,,,,,,,,,,,,,,,,,,,,,,,,,,,,,,,,,,,,,,,,,,,,,,,,,,,,,,,,,,,,,,,,,,,,,,,,,,,,,,,,,,,,,,,
422,88-89,Temperatura ambiente di esercizio,422 CBAC,104200,-20°C ÷ + 55°C,422 SBS,104210,-20°C ÷ + 55°C,,,,,,,,,,,,,,,,,,,,,,,,,,,,,,,,,,,,,,,,,,,,,,,,,,,,,,,,,,,,,,,,,,,,,,,,,,,,,,,,,,,,,,,,,,,,,,,,,,,,,,,,,,,,,,,,,,,,,,,,,,,,,,,,,,,,,,,,,,,,,,,,,,,,,,,,,,,,,,,,,,,,,,,,,,,,,,,,,,,,,,,,,,,,,,,,,,,,,,,,,,,,,,,,,,,,,,,,,,,,,,,,,,,,,,,,,,,,,,,,,,,,,,,,,,,,,,,,,,,,,,,,,,,,,,,,,,,,,,,,,,,,,,,,,,,,,,,,,,,,,,,,,,,,,,,,,,,,,,,,,,,,,,,,,,
422,88-89,Termoprotezione,422 CBAC,104200,120°C,422 SBS,104210,120°C,,,,,,,,,,,,,,,,,,,,,,,,,,,,,,,,,,,,,,,,,,,,,,,,,,,,,,,,,,,,,,,,,,,,,,,,,,,,,,,,,,,,,,,,,,,,,,,,,,,,,,,,,,,,,,,,,,,,,,,,,,,,,,,,,,,,,,,,,,,,,,,,,,,,,,,,,,,,,,,,,,,,,,,,,,,,,,,,,,,,,,,,,,,,,,,,,,,,,,,,,,,,,,,,,,,,,,,,,,,,,,,,,,,,,,,,,,,,,,,,,,,,,,,,,,,,,,,,,,,,,,,,,,,,,,,,,,,,,,,,,,,,,,,,,,,,,,,,,,,,,,,,,,,,,,,,,,,,,,,,,,,,,,,,,,
422,88-89,Grado di protezione,422 CBAC,104200,IP55,422 SBS,104210,IP55,,,,,,,,,,,,,,,,,,,,,,,,,,,,,,,,,,,,,,,,,,,,,,,,,,,,,,,,,,,,,,,,,,,,,,,,,,,,,,,,,,,,,,,,,,,,,,,,,,,,,,,,,,,,,,,,,,,,,,,,,,,,,,,,,,,,,,,,,,,,,,,,,,,,,,,,,,,,,,,,,,,,,,,,,,,,,,,,,,,,,,,,,,,,,,,,,,,,,,,,,,,,,,,,,,,,,,,,,,,,,,,,,,,,,,,,,,,,,,,,,,,,,,,,,,,,,,,,,,,,,,,,,,,,,,,,,,,,,,,,,,,,,,,,,,,,,,,,,,,,,,,,,,,,,,,,,,,,,,,,,,,,,,,,,,
422,88-89,Peso,422 CBAC,104200,7 Kg,422 SBS,104210,7 Kg,,,,,,,,,,,,,,,,,,,,,,,,,,,,,,,,,,,,,,,,,,,,,,,,,,,,,,,,,,,,,,,,,,,,,,,,,,,,,,,,,,,,,,,,,,,,,,,,,,,,,,,,,,,,,,,,,,,,,,,,,,,,,,,,,,,,,,,,,,,,,,,,,,,,,,,,,,,,,,,,,,,,,,,,,,,,,,,,,,,,,,,,,,,,,,,,,,,,,,,,,,,,,,,,,,,,,,,,,,,,,,,,,,,,,,,,,,,,,,,,,,,,,,,,,,,,,,,,,,,,,,,,,,,,,,,,,,,,,,,,,,,,,,,,,,,,,,,,,,,,,,,,,,,,,,,,,,,,,,,,,,,,,,,,,,
422,88-89,Frequenza di utilizzo,422 CBAC,104200,55 cicli/ora,422 SBS,104210,55 cicli/ora,,,,,,,,,,,,,,,,,,,,,,,,,,,,,,,,,,,,,,,,,,,,,,,,,,,,,,,,,,,,,,,,,,,,,,,,,,,,,,,,,,,,,,,,,,,,,,,,,,,,,,,,,,,,,,,,,,,,,,,,,,,,,,,,,,,,,,,,,,,,,,,,,,,,,,,,,,,,,,,,,,,,,,,,,,,,,,,,,,,,,,,,,,,,,,,,,,,,,,,,,,,,,,,,,,,,,,,,,,,,,,,,,,,,,,,,,,,,,,,,,,,,,,,,,,,,,,,,,,,,,,,,,,,,,,,,,,,,,,,,,,,,,,,,,,,,,,,,,,,,,,,,,,,,,,,,,,,,,,,,,,,,,,,,,,
422,88-89,Larghezza max anta,422 CBAC,104200,"1,8 m",422 SBS,104210,3 m (con elettroserratura),,,,,,,,,,,,,,,,,,,,,,,,,,,,,,,,,,,,,,,,,,,,,,,,,,,,,,,,,,,,,,,,,,,,,,,,,,,,,,,,,,,,,,,,,,,,,,,,,,,,,,,,,,,,,,,,,,,,,,,,,,,,,,,,,,,,,,,,,,,,,,,,,,,,,,,,,,,,,,,,,,,,,,,,,,,,,,,,,,,,,,,,,,,,,,,,,,,,,,,,,,,,,,,,,,,,,,,,,,,,,,,,,,,,,,,,,,,,,,,,,,,,,,,,,,,,,,,,,,,,,,,,,,,,,,,,,,,,,,,,,,,,,,,,,,,,,,,,,,,,,,,,,,,,,,,,,,,,,,,,,,,,,,,,,,
422,88-89,Tipo di olio,422 CBAC,104200,FAAC HP OIL,422 SBS,104210,FAAC HP OIL,,,,,,,,,,,,,,,,,,,,,,,,,,,,,,,,,,,,,,,,,,,,,,,,,,,,,,,,,,,,,,,,,,,,,,,,,,,,,,,,,,,,,,,,,,,,,,,,,,,,,,,,,,,,,,,,,,,,,,,,,,,,,,,,,,,,,,,,,,,,,,,,,,,,,,,,,,,,,,,,,,,,,,,,,,,,,,,,,,,,,,,,,,,,,,,,,,,,,,,,,,,,,,,,,,,,,,,,,,,,,,,,,,,,,,,,,,,,,,,,,,,,,,,,,,,,,,,,,,,,,,,,,,,,,,,,,,,,,,,,,,,,,,,,,,,,,,,,,,,,,,,,,,,,,,,,,,,,,,,,,,,,,,,,,,
422,88-89,Staffe di fissaggio,422 CBAC,104200,Attacco posteriore a saldare/avvitare - attacco anteriore a saldare/avvitare,422 SBS,104210,Attacco posteriore a saldare/avvitare - attacco anteriore a saldare/avvitare,,,,,,,,,,,,,,,,,,,,,,,,,,,,,,,,,,,,,,,,,,,,,,,,,,,,,,,,,,,,,,,,,,,,,,,,,,,,,,,,,,,,,,,,,,,,,,,,,,,,,,,,,,,,,,,,,,,,,,,,,,,,,,,,,,,,,,,,,,,,,,,,,,,,,,,,,,,,,,,,,,,,,,,,,,,,,,,,,,,,,,,,,,,,,,,,,,,,,,,,,,,,,,,,,,,,,,,,,,,,,,,,,,,,,,,,,,,,,,,,,,,,,,,,,,,,,,,,,,,,,,,,,,,,,,,,,,,,,,,,,,,,,,,,,,,,,,,,,,,,,,,,,,,,,,,,,,,,,,,,,,,,,,,,,,
422,88-89,Dimensioni (LxPxH),422 CBAC,104200,987 x 85 x 119 mm,422 SBS,104210,987 x 85 x 119 mm,,,,,,,,,,,,,,,,,,,,,,,,,,,,,,,,,,,,,,,,,,,,,,,,,,,,,,,,,,,,,,,,,,,,,,,,,,,,,,,,,,,,,,,,,,,,,,,,,,,,,,,,,,,,,,,,,,,,,,,,,,,,,,,,,,,,,,,,,,,,,,,,,,,,,,,,,,,,,,,,,,,,,,,,,,,,,,,,,,,,,,,,,,,,,,,,,,,,,,,,,,,,,,,,,,,,,,,,,,,,,,,,,,,,,,,,,,,,,,,,,,,,,,,,,,,,,,,,,,,,,,,,,,,,,,,,,,,,,,,,,,,,,,,,,,,,,,,,,,,,,,,,,,,,,,,,,,,,,,,,,,,,,,,,,,
422,88-89,Apparecchiatura elettronica,422 CBAC,104200,Non compresa,422 SBS,104210,Schemi di installazione tipo a pag.,,,,,,,,,,,,,,,,,,,,,,,,,,,,,,,,,,,,,,,,,,,,,,,,,,,,,,,,,,,,,,,,,,,,,,,,,,,,,,,,,,,,,,,,,,,,,,,,,,,,,,,,,,,,,,,,,,,,,,,,,,,,,,,,,,,,,,,,,,,,,,,,,,,,,,,,,,,,,,,,,,,,,,,,,,,,,,,,,,,,,,,,,,,,,,,,,,,,,,,,,,,,,,,,,,,,,,,,,,,,,,,,,,,,,,,,,,,,,,,,,,,,,,,,,,,,,,,,,,,,,,,,,,,,,,,,,,,,,,,,,,,,,,,,,,,,,,,,,,,,,,,,,,,,,,,,,,,,,,,,,,,,,,,,,,
400,90-91,Tensione di alimentazione di rete,400 CBC,104205,220-240V~ 50/60 Hz,400 SB,104206,220-240V~ 50/60 Hz,400 SBS,104203,220-240V~ 50/60 Hz,400 CBAC,104201,220-240V~ 50/60 Hz,400 CBAC L,104202,220-240V~ 50/60 Hz,400 SBS L,104220,220-240V~ 50/60 Hz,,,,,,,,,,,,,,,,,,,,,,,,,,,,,,,,,,,,,,,,,,,,,,,,,,,,,,,,,,,,,,,,,,,,,,,,,,,,,,,,,,,,,,,,,,,,,,,,,,,,,,,,,,,,,,,,,,,,,,,,,,,,,,,,,,,,,,,,,,,,,,,,,,,,,,,,,,,,,,,,,,,,,,,,,,,,,,,,,,,,,,,,,,,,,,,,,,,,,,,,,,,,,,,,,,,,,,,,,,,,,,,,,,,,,,,,,,,,,,,,,,,,,,,,,,,,,,,,,,,,,,,,,,,,,,,,,,,,,,,,,,,,,,,,,,,,,,,,,,,,,,,,,,,,,,,,,,,,,,
400,90-91,Motore elettrico,400 CBC,104205,Asincrono monofase,400 SB,104206,Asincrono monofase,400 SBS,104203,Asincrono monofase,400 CBAC,104201,Asincrono monofase,400 CBAC L,104202,Asincrono monofase,400 SBS L,104220,Asincrono monofase,,,,,,,,,,,,,,,,,,,,,,,,,,,,,,,,,,,,,,,,,,,,,,,,,,,,,,,,,,,,,,,,,,,,,,,,,,,,,,,,,,,,,,,,,,,,,,,,,,,,,,,,,,,,,,,,,,,,,,,,,,,,,,,,,,,,,,,,,,,,,,,,,,,,,,,,,,,,,,,,,,,,,,,,,,,,,,,,,,,,,,,,,,,,,,,,,,,,,,,,,,,,,,,,,,,,,,,,,,,,,,,,,,,,,,,,,,,,,,,,,,,,,,,,,,,,,,,,,,,,,,,,,,,,,,,,,,,,,,,,,,,,,,,,,,,,,,,,,,,,,,,,,,,,,,,,,,,,,,
400,90-91,Potenza max,400 CBC,104205,220 W,400 SB,104206,220 W,400 SBS,104203,220 W,400 CBAC,104201,220 W,400 CBAC L,104202,220 W,400 SBS L,104220,220 W,,,,,,,,,,,,,,,,,,,,,,,,,,,,,,,,,,,,,,,,,,,,,,,,,,,,,,,,,,,,,,,,,,,,,,,,,,,,,,,,,,,,,,,,,,,,,,,,,,,,,,,,,,,,,,,,,,,,,,,,,,,,,,,,,,,,,,,,,,,,,,,,,,,,,,,,,,,,,,,,,,,,,,,,,,,,,,,,,,,,,,,,,,,,,,,,,,,,,,,,,,,,,,,,,,,,,,,,,,,,,,,,,,,,,,,,,,,,,,,,,,,,,,,,,,,,,,,,,,,,,,,,,,,,,,,,,,,,,,,,,,,,,,,,,,,,,,,,,,,,,,,,,,,,,,,,,,,,,,
400,90-91,Forza max di spinta,400 CBC,104205,6200 N (*),400 SB,104206,7750 N (*),400 SBS,104203,6200 N (*),400 CBAC,104201,4650 N (*),400 CBAC L,104202,7750 N (*),400 SBS L,104220,7750 N (*),,,,,,,,,,,,,,,,,,,,,,,,,,,,,,,,,,,,,,,,,,,,,,,,,,,,,,,,,,,,,,,,,,,,,,,,,,,,,,,,,,,,,,,,,,,,,,,,,,,,,,,,,,,,,,,,,,,,,,,,,,,,,,,,,,,,,,,,,,,,,,,,,,,,,,,,,,,,,,,,,,,,,,,,,,,,,,,,,,,,,,,,,,,,,,,,,,,,,,,,,,,,,,,,,,,,,,,,,,,,,,,,,,,,,,,,,,,,,,,,,,,,,,,,,,,,,,,,,,,,,,,,,,,,,,,,,,,,,,,,,,,,,,,,,,,,,,,,,,,,,,,,,,,,,,,,,,,,,,
400,90-91,Velocità max stelo,400 CBC,104205,10 mm/s (*),400 SB,104206,"7,5 mm/s (*)",400 SBS,104203,10 mm/s (*),400 CBAC,104201,15 mm/s (*),400 CBAC L,104202,"7,5 mm/s (*)",400 SBS L,104220,"7,5 mm/s (*)",,,,,,,,,,,,,,,,,,,,,,,,,,,,,,,,,,,,,,,,,,,,,,,,,,,,,,,,,,,,,,,,,,,,,,,,,,,,,,,,,,,,,,,,,,,,,,,,,,,,,,,,,,,,,,,,,,,,,,,,,,,,,,,,,,,,,,,,,,,,,,,,,,,,,,,,,,,,,,,,,,,,,,,,,,,,,,,,,,,,,,,,,,,,,,,,,,,,,,,,,,,,,,,,,,,,,,,,,,,,,,,,,,,,,,,,,,,,,,,,,,,,,,,,,,,,,,,,,,,,,,,,,,,,,,,,,,,,,,,,,,,,,,,,,,,,,,,,,,,,,,,,,,,,,,,,,,,,,,
400,90-91,Portata gruppo motore-pompa,400 CBC,104205,1 lpm (*),400 SB,104206,"0,75 lpm (*)",400 SBS,104203,1 lpm (*),400 CBAC,104201,"1,5 lpm (*)",400 CBAC L,104202,"0,75 lpm (*)",400 SBS L,104220,"0,75 lpm (*)",,,,,,,,,,,,,,,,,,,,,,,,,,,,,,,,,,,,,,,,,,,,,,,,,,,,,,,,,,,,,,,,,,,,,,,,,,,,,,,,,,,,,,,,,,,,,,,,,,,,,,,,,,,,,,,,,,,,,,,,,,,,,,,,,,,,,,,,,,,,,,,,,,,,,,,,,,,,,,,,,,,,,,,,,,,,,,,,,,,,,,,,,,,,,,,,,,,,,,,,,,,,,,,,,,,,,,,,,,,,,,,,,,,,,,,,,,,,,,,,,,,,,,,,,,,,,,,,,,,,,,,,,,,,,,,,,,,,,,,,,,,,,,,,,,,,,,,,,,,,,,,,,,,,,,,,,,,,,,
400,90-91,Corsa dello stelo,400 CBC,104205,270 mm,400 SB,104206,390 mm,400 SBS,104203,390 mm,400 CBAC,104201,390 mm,400 CBAC L,104202,390 mm,400 SBS L,104220,390 mm,,,,,,,,,,,,,,,,,,,,,,,,,,,,,,,,,,,,,,,,,,,,,,,,,,,,,,,,,,,,,,,,,,,,,,,,,,,,,,,,,,,,,,,,,,,,,,,,,,,,,,,,,,,,,,,,,,,,,,,,,,,,,,,,,,,,,,,,,,,,,,,,,,,,,,,,,,,,,,,,,,,,,,,,,,,,,,,,,,,,,,,,,,,,,,,,,,,,,,,,,,,,,,,,,,,,,,,,,,,,,,,,,,,,,,,,,,,,,,,,,,,,,,,,,,,,,,,,,,,,,,,,,,,,,,,,,,,,,,,,,,,,,,,,,,,,,,,,,,,,,,,,,,,,,,,,,,,,,,
400,90-91,Angolo max apertura anta,400 CBC,104205,125°,400 SB,104206,125°,400 SBS,104203,125°,400 CBAC,104201,125°,400 CBAC L,104202,125°,400 SBS L,104220,125°,,,,,,,,,,,,,,,,,,,,,,,,,,,,,,,,,,,,,,,,,,,,,,,,,,,,,,,,,,,,,,,,,,,,,,,,,,,,,,,,,,,,,,,,,,,,,,,,,,,,,,,,,,,,,,,,,,,,,,,,,,,,,,,,,,,,,,,,,,,,,,,,,,,,,,,,,,,,,,,,,,,,,,,,,,,,,,,,,,,,,,,,,,,,,,,,,,,,,,,,,,,,,,,,,,,,,,,,,,,,,,,,,,,,,,,,,,,,,,,,,,,,,,,,,,,,,,,,,,,,,,,,,,,,,,,,,,,,,,,,,,,,,,,,,,,,,,,,,,,,,,,,,,,,,,,,,,,,,,
400,90-91,Temperatura ambiente di esercizio,400 CBC,104205,-20°C ÷ + 55°C,400 SB,104206,-20°C ÷ + 55°C,400 SBS,104203,-20°C ÷ + 55°C,400 CBAC,104201,-20°C ÷ + 55°C,400 CBAC L,104202,-20°C ÷ + 55°C,400 SBS L,104220,-20°C ÷ + 55°C,,,,,,,,,,,,,,,,,,,,,,,,,,,,,,,,,,,,,,,,,,,,,,,,,,,,,,,,,,,,,,,,,,,,,,,,,,,,,,,,,,,,,,,,,,,,,,,,,,,,,,,,,,,,,,,,,,,,,,,,,,,,,,,,,,,,,,,,,,,,,,,,,,,,,,,,,,,,,,,,,,,,,,,,,,,,,,,,,,,,,,,,,,,,,,,,,,,,,,,,,,,,,,,,,,,,,,,,,,,,,,,,,,,,,,,,,,,,,,,,,,,,,,,,,,,,,,,,,,,,,,,,,,,,,,,,,,,,,,,,,,,,,,,,,,,,,,,,,,,,,,,,,,,,,,,,,,,,,,
400,90-91,Termoprotezione,400 CBC,104205,120°C,400 SB,104206,120°C,400 SBS,104203,120°C,400 CBAC,104201,120°C,400 CBAC L,104202,120°C,400 SBS L,104220,120°C,,,,,,,,,,,,,,,,,,,,,,,,,,,,,,,,,,,,,,,,,,,,,,,,,,,,,,,,,,,,,,,,,,,,,,,,,,,,,,,,,,,,,,,,,,,,,,,,,,,,,,,,,,,,,,,,,,,,,,,,,,,,,,,,,,,,,,,,,,,,,,,,,,,,,,,,,,,,,,,,,,,,,,,,,,,,,,,,,,,,,,,,,,,,,,,,,,,,,,,,,,,,,,,,,,,,,,,,,,,,,,,,,,,,,,,,,,,,,,,,,,,,,,,,,,,,,,,,,,,,,,,,,,,,,,,,,,,,,,,,,,,,,,,,,,,,,,,,,,,,,,,,,,,,,,,,,,,,,,
400,90-91,Grado di protezione,400 CBC,104205,IP55,400 SB,104206,IP55,400 SBS,104203,IP55,400 CBAC,104201,IP55,400 CBAC L,104202,IP55,400 SBS L,104220,IP55,,,,,,,,,,,,,,,,,,,,,,,,,,,,,,,,,,,,,,,,,,,,,,,,,,,,,,,,,,,,,,,,,,,,,,,,,,,,,,,,,,,,,,,,,,,,,,,,,,,,,,,,,,,,,,,,,,,,,,,,,,,,,,,,,,,,,,,,,,,,,,,,,,,,,,,,,,,,,,,,,,,,,,,,,,,,,,,,,,,,,,,,,,,,,,,,,,,,,,,,,,,,,,,,,,,,,,,,,,,,,,,,,,,,,,,,,,,,,,,,,,,,,,,,,,,,,,,,,,,,,,,,,,,,,,,,,,,,,,,,,,,,,,,,,,,,,,,,,,,,,,,,,,,,,,,,,,,,,,
400,90-91,Peso,400 CBC,104205,"8,6 Kg",400 SB,104206,10 Kg,400 SBS,104203,10 Kg,400 CBAC,104201,10 Kg,400 CBAC L,104202,10 Kg,400 SBS L,104220,10 Kg,,,,,,,,,,,,,,,,,,,,,,,,,,,,,,,,,,,,,,,,,,,,,,,,,,,,,,,,,,,,,,,,,,,,,,,,,,,,,,,,,,,,,,,,,,,,,,,,,,,,,,,,,,,,,,,,,,,,,,,,,,,,,,,,,,,,,,,,,,,,,,,,,,,,,,,,,,,,,,,,,,,,,,,,,,,,,,,,,,,,,,,,,,,,,,,,,,,,,,,,,,,,,,,,,,,,,,,,,,,,,,,,,,,,,,,,,,,,,,,,,,,,,,,,,,,,,,,,,,,,,,,,,,,,,,,,,,,,,,,,,,,,,,,,,,,,,,,,,,,,,,,,,,,,,,,,,,,,,,
400,90-91,Frequenza di utilizzo,400 CBC,104205,70 cicli/ora,400 SB,104206,60 cicli/ora,400 SBS,104203,70 cicli/ora,400 CBAC,104201,50 cicli/ora,400 CBAC L,104202,40 cicli/ora,400 SBS L,104220,40 cicli/ora,,,,,,,,,,,,,,,,,,,,,,,,,,,,,,,,,,,,,,,,,,,,,,,,,,,,,,,,,,,,,,,,,,,,,,,,,,,,,,,,,,,,,,,,,,,,,,,,,,,,,,,,,,,,,,,,,,,,,,,,,,,,,,,,,,,,,,,,,,,,,,,,,,,,,,,,,,,,,,,,,,,,,,,,,,,,,,,,,,,,,,,,,,,,,,,,,,,,,,,,,,,,,,,,,,,,,,,,,,,,,,,,,,,,,,,,,,,,,,,,,,,,,,,,,,,,,,,,,,,,,,,,,,,,,,,,,,,,,,,,,,,,,,,,,,,,,,,,,,,,,,,,,,,,,,,,,,,,,,
400,90-91,Larghezza max anta,400 CBC,104205,"2,20 m",400 SB,104206,"4,00 m (con elettroserratura)",400 SBS,104203,"7,00 m (con elettroserratura)",400 CBAC,104201,"2,20 m",400 CBAC L,104202,"7,00 m (con elettroserratura)",400 SBS L,104220,"7,00 m (con elettroserratura)",,,,,,,,,,,,,,,,,,,,,,,,,,,,,,,,,,,,,,,,,,,,,,,,,,,,,,,,,,,,,,,,,,,,,,,,,,,,,,,,,,,,,,,,,,,,,,,,,,,,,,,,,,,,,,,,,,,,,,,,,,,,,,,,,,,,,,,,,,,,,,,,,,,,,,,,,,,,,,,,,,,,,,,,,,,,,,,,,,,,,,,,,,,,,,,,,,,,,,,,,,,,,,,,,,,,,,,,,,,,,,,,,,,,,,,,,,,,,,,,,,,,,,,,,,,,,,,,,,,,,,,,,,,,,,,,,,,,,,,,,,,,,,,,,,,,,,,,,,,,,,,,,,,,,,,,,,,,,,
400,90-91,Tipo di olio,400 CBC,104205,FAAC HP OIL,400 SB,104206,FAAC HP OIL,400 SBS,104203,FAAC HP OIL,400 CBAC,104201,FAAC HP OIL,400 CBAC L,104202,FAAC HP OIL,400 SBS L,104220,FAAC HP OIL,,,,,,,,,,,,,,,,,,,,,,,,,,,,,,,,,,,,,,,,,,,,,,,,,,,,,,,,,,,,,,,,,,,,,,,,,,,,,,,,,,,,,,,,,,,,,,,,,,,,,,,,,,,,,,,,,,,,,,,,,,,,,,,,,,,,,,,,,,,,,,,,,,,,,,,,,,,,,,,,,,,,,,,,,,,,,,,,,,,,,,,,,,,,,,,,,,,,,,,,,,,,,,,,,,,,,,,,,,,,,,,,,,,,,,,,,,,,,,,,,,,,,,,,,,,,,,,,,,,,,,,,,,,,,,,,,,,,,,,,,,,,,,,,,,,,,,,,,,,,,,,,,,,,,,,,,,,,,,
400,90-91,Staffe di fissaggio,400 CBC,104205,Attacco posteriore a saldare/avvitare - attacco anteriore a saldare,400 SB,104206,Attacco posteriore a saldare/avvitare - attacco anteriore a saldare,400 SBS,104203,Attacco posteriore a saldare/avvitare - attacco anteriore a saldare,400 CBAC,104201,Attacco posteriore a saldare/avvitare - attacco anteriore a saldare,400 CBAC L,104202,Attacco posteriore a saldare/avvitare - attacco anteriore a saldare,400 SBS L,104220,Attacco posteriore a saldare/avvitare - attacco anteriore a saldare,,,,,,,,,,,,,,,,,,,,,,,,,,,,,,,,,,,,,,,,,,,,,,,,,,,,,,,,,,,,,,,,,,,,,,,,,,,,,,,,,,,,,,,,,,,,,,,,,,,,,,,,,,,,,,,,,,,,,,,,,,,,,,,,,,,,,,,,,,,,,,,,,,,,,,,,,,,,,,,,,,,,,,,,,,,,,,,,,,,,,,,,,,,,,,,,,,,,,,,,,,,,,,,,,,,,,,,,,,,,,,,,,,,,,,,,,,,,,,,,,,,,,,,,,,,,,,,,,,,,,,,,,,,,,,,,,,,,,,,,,,,,,,,,,,,,,,,,,,,,,,,,,,,,,,,,,,,,,,
400,90-91,Dimensioni (LxPxH),400 CBC,104205,1034 x 85 x 119 mm,400 SB,104206,1277 x 85 x 119 mm,400 SBS,104203,1277 x 85 x 119 mm,400 CBAC,104201,1277 x 85 x 119 mm,400 CBAC L,104202,1277 x 85 x 119 mm,400 SBS L,104220,1277 x 85 x 119 mm,,,,,,,,,,,,,,,,,,,,,,,,,,,,,,,,,,,,,,,,,,,,,,,,,,,,,,,,,,,,,,,,,,,,,,,,,,,,,,,,,,,,,,,,,,,,,,,,,,,,,,,,,,,,,,,,,,,,,,,,,,,,,,,,,,,,,,,,,,,,,,,,,,,,,,,,,,,,,,,,,,,,,,,,,,,,,,,,,,,,,,,,,,,,,,,,,,,,,,,,,,,,,,,,,,,,,,,,,,,,,,,,,,,,,,,,,,,,,,,,,,,,,,,,,,,,,,,,,,,,,,,,,,,,,,,,,,,,,,,,,,,,,,,,,,,,,,,,,,,,,,,,,,,,,,,,,,,,,,
400,90-91,Apparecchiatura elettronica,400 CBC,104205,Non compresa,400 SB,104206,Schemi di installazione tipo a pag.,400 SBS,104203,268,400 CBAC,104201,268,400 CBAC L,104202,268,400 SBS L,104220,268,,,,,,,,,,,,,,,,,,,,,,,,,,,,,,,,,,,,,,,,,,,,,,,,,,,,,,,,,,,,,,,,,,,,,,,,,,,,,,,,,,,,,,,,,,,,,,,,,,,,,,,,,,,,,,,,,,,,,,,,,,,,,,,,,,,,,,,,,,,,,,,,,,,,,,,,,,,,,,,,,,,,,,,,,,,,,,,,,,,,,,,,,,,,,,,,,,,,,,,,,,,,,,,,,,,,,,,,,,,,,,,,,,,,,,,,,,,,,,,,,,,,,,,,,,,,,,,,,,,,,,,,,,,,,,,,,,,,,,,,,,,,,,,,,,,,,,,,,,,,,,,,,,,,,,,,,,,,,,
S450H,92-94,Tensione di alimentazione di rete,S450H CBAC,104100,220-240V~ 50/60 Hz,S450H SB,104101,220-240V~ 50/60 Hz,,,,,,,,,,,,,,,,,,,,,,,,,,,,,,,,,,,,,,,,,,,,,,,,,,,,,,,,,,,,,,,,,,,,,,,,,,,,,,,,,,,,,,,,,,,,,,,,,,,,,,,,,,,,,,,,,,,,,,,,,,,,,,,,,,,,,,,,,,,,,,,,,,,,,,,,,,,,,,,,,,,,,,,,,,,,,,,,,,,,,,,,,,,,,,,,,,,,,,,,,,,,,,,,,,,,,,,,,,,,,,,,,,,,,,,,,,,,,,,,,,,,,,,,,,,,,,,,,,,,,,,,,,,,,,,,,,,,,,,,,,,,,,,,,,,,,,,,,,,,,,,,,,,,,,,,,,,,,,,,,,,,,,,,,,
S450H,92-94,Motore elettrico,S450H CBAC,104100,Con spazzole 24V,S450H SB,104101,Con spazzole 24V,,,,,,,,,,,,,,,,,,,,,,,,,,,,,,,,,,,,,,,,,,,,,,,,,,,,,,,,,,,,,,,,,,,,,,,,,,,,,,,,,,,,,,,,,,,,,,,,,,,,,,,,,,,,,,,,,,,,,,,,,,,,,,,,,,,,,,,,,,,,,,,,,,,,,,,,,,,,,,,,,,,,,,,,,,,,,,,,,,,,,,,,,,,,,,,,,,,,,,,,,,,,,,,,,,,,,,,,,,,,,,,,,,,,,,,,,,,,,,,,,,,,,,,,,,,,,,,,,,,,,,,,,,,,,,,,,,,,,,,,,,,,,,,,,,,,,,,,,,,,,,,,,,,,,,,,,,,,,,,,,,,,,,,,,,
S450H,92-94,Potenza max,S450H CBAC,104100,60 W,S450H SB,104101,60 W,,,,,,,,,,,,,,,,,,,,,,,,,,,,,,,,,,,,,,,,,,,,,,,,,,,,,,,,,,,,,,,,,,,,,,,,,,,,,,,,,,,,,,,,,,,,,,,,,,,,,,,,,,,,,,,,,,,,,,,,,,,,,,,,,,,,,,,,,,,,,,,,,,,,,,,,,,,,,,,,,,,,,,,,,,,,,,,,,,,,,,,,,,,,,,,,,,,,,,,,,,,,,,,,,,,,,,,,,,,,,,,,,,,,,,,,,,,,,,,,,,,,,,,,,,,,,,,,,,,,,,,,,,,,,,,,,,,,,,,,,,,,,,,,,,,,,,,,,,,,,,,,,,,,,,,,,,,,,,,,,,,,,,,,,,
S450H,92-94,Forza max di spinta,S450H CBAC,104100,> 5000 N,S450H SB,104101,> 5000 N,,,,,,,,,,,,,,,,,,,,,,,,,,,,,,,,,,,,,,,,,,,,,,,,,,,,,,,,,,,,,,,,,,,,,,,,,,,,,,,,,,,,,,,,,,,,,,,,,,,,,,,,,,,,,,,,,,,,,,,,,,,,,,,,,,,,,,,,,,,,,,,,,,,,,,,,,,,,,,,,,,,,,,,,,,,,,,,,,,,,,,,,,,,,,,,,,,,,,,,,,,,,,,,,,,,,,,,,,,,,,,,,,,,,,,,,,,,,,,,,,,,,,,,,,,,,,,,,,,,,,,,,,,,,,,,,,,,,,,,,,,,,,,,,,,,,,,,,,,,,,,,,,,,,,,,,,,,,,,,,,,,,,,,,,,
S450H,92-94,Velocità max stelo,S450H CBAC,104100,>25 mm/sec,S450H SB,104101,>25 mm/sec,,,,,,,,,,,,,,,,,,,,,,,,,,,,,,,,,,,,,,,,,,,,,,,,,,,,,,,,,,,,,,,,,,,,,,,,,,,,,,,,,,,,,,,,,,,,,,,,,,,,,,,,,,,,,,,,,,,,,,,,,,,,,,,,,,,,,,,,,,,,,,,,,,,,,,,,,,,,,,,,,,,,,,,,,,,,,,,,,,,,,,,,,,,,,,,,,,,,,,,,,,,,,,,,,,,,,,,,,,,,,,,,,,,,,,,,,,,,,,,,,,,,,,,,,,,,,,,,,,,,,,,,,,,,,,,,,,,,,,,,,,,,,,,,,,,,,,,,,,,,,,,,,,,,,,,,,,,,,,,,,,,,,,,,,,
S450H,92-94,Corsa dello stelo,S450H CBAC,104100,311 mm,S450H SB,104101,311 mm,,,,,,,,,,,,,,,,,,,,,,,,,,,,,,,,,,,,,,,,,,,,,,,,,,,,,,,,,,,,,,,,,,,,,,,,,,,,,,,,,,,,,,,,,,,,,,,,,,,,,,,,,,,,,,,,,,,,,,,,,,,,,,,,,,,,,,,,,,,,,,,,,,,,,,,,,,,,,,,,,,,,,,,,,,,,,,,,,,,,,,,,,,,,,,,,,,,,,,,,,,,,,,,,,,,,,,,,,,,,,,,,,,,,,,,,,,,,,,,,,,,,,,,,,,,,,,,,,,,,,,,,,,,,,,,,,,,,,,,,,,,,,,,,,,,,,,,,,,,,,,,,,,,,,,,,,,,,,,,,,,,,,,,,,,
S450H,92-94,Angolo max apertura anta,S450H CBAC,104100,110°,S450H SB,104101,110°,,,,,,,,,,,,,,,,,,,,,,,,,,,,,,,,,,,,,,,,,,,,,,,,,,,,,,,,,,,,,,,,,,,,,,,,,,,,,,,,,,,,,,,,,,,,,,,,,,,,,,,,,,,,,,,,,,,,,,,,,,,,,,,,,,,,,,,,,,,,,,,,,,,,,,,,,,,,,,,,,,,,,,,,,,,,,,,,,,,,,,,,,,,,,,,,,,,,,,,,,,,,,,,,,,,,,,,,,,,,,,,,,,,,,,,,,,,,,,,,,,,,,,,,,,,,,,,,,,,,,,,,,,,,,,,,,,,,,,,,,,,,,,,,,,,,,,,,,,,,,,,,,,,,,,,,,,,,,,,,,,,,,,,,,,
S450H,92-94,Temperatura ambiente di esercizio,S450H CBAC,104100,-20°C ÷ +55°C,S450H SB,104101,-20°C ÷ +55°C,,,,,,,,,,,,,,,,,,,,,,,,,,,,,,,,,,,,,,,,,,,,,,,,,,,,,,,,,,,,,,,,,,,,,,,,,,,,,,,,,,,,,,,,,,,,,,,,,,,,,,,,,,,,,,,,,,,,,,,,,,,,,,,,,,,,,,,,,,,,,,,,,,,,,,,,,,,,,,,,,,,,,,,,,,,,,,,,,,,,,,,,,,,,,,,,,,,,,,,,,,,,,,,,,,,,,,,,,,,,,,,,,,,,,,,,,,,,,,,,,,,,,,,,,,,,,,,,,,,,,,,,,,,,,,,,,,,,,,,,,,,,,,,,,,,,,,,,,,,,,,,,,,,,,,,,,,,,,,,,,,,,,,,,,,
S450H,92-94,Grado di protezione,S450H CBAC,104100,IP55,S450H SB,104101,IP55,,,,,,,,,,,,,,,,,,,,,,,,,,,,,,,,,,,,,,,,,,,,,,,,,,,,,,,,,,,,,,,,,,,,,,,,,,,,,,,,,,,,,,,,,,,,,,,,,,,,,,,,,,,,,,,,,,,,,,,,,,,,,,,,,,,,,,,,,,,,,,,,,,,,,,,,,,,,,,,,,,,,,,,,,,,,,,,,,,,,,,,,,,,,,,,,,,,,,,,,,,,,,,,,,,,,,,,,,,,,,,,,,,,,,,,,,,,,,,,,,,,,,,,,,,,,,,,,,,,,,,,,,,,,,,,,,,,,,,,,,,,,,,,,,,,,,,,,,,,,,,,,,,,,,,,,,,,,,,,,,,,,,,,,,,
S450H,92-94,Peso,S450H CBAC,104100,"6,5 Kg",S450H SB,104101,"6,5 Kg",,,,,,,,,,,,,,,,,,,,,,,,,,,,,,,,,,,,,,,,,,,,,,,,,,,,,,,,,,,,,,,,,,,,,,,,,,,,,,,,,,,,,,,,,,,,,,,,,,,,,,,,,,,,,,,,,,,,,,,,,,,,,,,,,,,,,,,,,,,,,,,,,,,,,,,,,,,,,,,,,,,,,,,,,,,,,,,,,,,,,,,,,,,,,,,,,,,,,,,,,,,,,,,,,,,,,,,,,,,,,,,,,,,,,,,,,,,,,,,,,,,,,,,,,,,,,,,,,,,,,,,,,,,,,,,,,,,,,,,,,,,,,,,,,,,,,,,,,,,,,,,,,,,,,,,,,,,,,,,,,,,,,,,,,,
S450H,92-94,Frequenza di utilizzo,S450H CBAC,104100,Uso continuo,S450H SB,104101,Uso continuo,,,,,,,,,,,,,,,,,,,,,,,,,,,,,,,,,,,,,,,,,,,,,,,,,,,,,,,,,,,,,,,,,,,,,,,,,,,,,,,,,,,,,,,,,,,,,,,,,,,,,,,,,,,,,,,,,,,,,,,,,,,,,,,,,,,,,,,,,,,,,,,,,,,,,,,,,,,,,,,,,,,,,,,,,,,,,,,,,,,,,,,,,,,,,,,,,,,,,,,,,,,,,,,,,,,,,,,,,,,,,,,,,,,,,,,,,,,,,,,,,,,,,,,,,,,,,,,,,,,,,,,,,,,,,,,,,,,,,,,,,,,,,,,,,,,,,,,,,,,,,,,,,,,,,,,,,,,,,,,,,,,,,,,,,,
S450H,92-94,Larghezza max anta,S450H CBAC,104100,2 m,S450H SB,104101,3 m,,,,,,,,,,,,,,,,,,,,,,,,,,,,,,,,,,,,,,,,,,,,,,,,,,,,,,,,,,,,,,,,,,,,,,,,,,,,,,,,,,,,,,,,,,,,,,,,,,,,,,,,,,,,,,,,,,,,,,,,,,,,,,,,,,,,,,,,,,,,,,,,,,,,,,,,,,,,,,,,,,,,,,,,,,,,,,,,,,,,,,,,,,,,,,,,,,,,,,,,,,,,,,,,,,,,,,,,,,,,,,,,,,,,,,,,,,,,,,,,,,,,,,,,,,,,,,,,,,,,,,,,,,,,,,,,,,,,,,,,,,,,,,,,,,,,,,,,,,,,,,,,,,,,,,,,,,,,,,,,,,,,,,,,,,
S450H,92-94,Tipo di olio,S450H CBAC,104100,FAAC HP OIL,S450H SB,104101,FAAC HP OIL,,,,,,,,,,,,,,,,,,,,,,,,,,,,,,,,,,,,,,,,,,,,,,,,,,,,,,,,,,,,,,,,,,,,,,,,,,,,,,,,,,,,,,,,,,,,,,,,,,,,,,,,,,,,,,,,,,,,,,,,,,,,,,,,,,,,,,,,,,,,,,,,,,,,,,,,,,,,,,,,,,,,,,,,,,,,,,,,,,,,,,,,,,,,,,,,,,,,,,,,,,,,,,,,,,,,,,,,,,,,,,,,,,,,,,,,,,,,,,,,,,,,,,,,,,,,,,,,,,,,,,,,,,,,,,,,,,,,,,,,,,,,,,,,,,,,,,,,,,,,,,,,,,,,,,,,,,,,,,,,,,,,,,,,,,
S450H,92-94,Staffe di fissaggio,S450H CBAC,104100,Posteriore multiposizione ad avvitare - anteriore ad avvitare regolabile,S450H SB,104101,Posteriore multiposizione ad avvitare - anteriore ad avvitare regolabile,,,,,,,,,,,,,,,,,,,,,,,,,,,,,,,,,,,,,,,,,,,,,,,,,,,,,,,,,,,,,,,,,,,,,,,,,,,,,,,,,,,,,,,,,,,,,,,,,,,,,,,,,,,,,,,,,,,,,,,,,,,,,,,,,,,,,,,,,,,,,,,,,,,,,,,,,,,,,,,,,,,,,,,,,,,,,,,,,,,,,,,,,,,,,,,,,,,,,,,,,,,,,,,,,,,,,,,,,,,,,,,,,,,,,,,,,,,,,,,,,,,,,,,,,,,,,,,,,,,,,,,,,,,,,,,,,,,,,,,,,,,,,,,,,,,,,,,,,,,,,,,,,,,,,,,,,,,,,,,,,,,,,,,,,,
S450H,92-94,Dimensioni (LxPxH),S450H CBAC,104100,1131 x 85 x 119 mm,S450H SB,104101,1131 x 85 x 119 mm,,,,,,,,,,,,,,,,,,,,,,,,,,,,,,,,,,,,,,,,,,,,,,,,,,,,,,,,,,,,,,,,,,,,,,,,,,,,,,,,,,,,,,,,,,,,,,,,,,,,,,,,,,,,,,,,,,,,,,,,,,,,,,,,,,,,,,,,,,,,,,,,,,,,,,,,,,,,,,,,,,,,,,,,,,,,,,,,,,,,,,,,,,,,,,,,,,,,,,,,,,,,,,,,,,,,,,,,,,,,,,,,,,,,,,,,,,,,,,,,,,,,,,,,,,,,,,,,,,,,,,,,,,,,,,,,,,,,,,,,,,,,,,,,,,,,,,,,,,,,,,,,,,,,,,,,,,,,,,,,,,,,,,,,,,
S450H,92-94,Apparecchiatura elettronica,S450H CBAC,104100,Non compresa,S450H SB,104101,Quote d'installazione (mm),,,,,,,,,,,,,,,,,,,,,,,,,,,,,,,,,,,,,,,,,,,,,,,,,,,,,,,,,,,,,,,,,,,,,,,,,,,,,,,,,,,,,,,,,,,,,,,,,,,,,,,,,,,,,,,,,,,,,,,,,,,,,,,,,,,,,,,,,,,,,,,,,,,,,,,,,,,,,,,,,,,,,,,,,,,,,,,,,,,,,,,,,,,,,,,,,,,,,,,,,,,,,,,,,,,,,,,,,,,,,,,,,,,,,,,,,,,,,,,,,,,,,,,,,,,,,,,,,,,,,,,,,,,,,,,,,,,,,,,,,,,,,,,,,,,,,,,,,,,,,,,,,,,,,,,,,,,,,,,,,,,,,,,,,,
S2500I,96-97,Tensione di alimentazione di rete,S2500I 24V,104250,220-240V~ 50/60 Hz,,,,,,,,,,,,,,,,,,,,,,,,,,,,,,,,,,,,,,,,,,,,,,,,,,,,,,,,,,,,,,,,,,,,,,,,,,,,,,,,,,,,,,,,,,,,,,,,,,,,,,,,,,,,,,,,,,,,,,,,,,,,,,,,,,,,,,,,,,,,,,,,,,,,,,,,,,,,,,,,,,,,,,,,,,,,,,,,,,,,,,,,,,,,,,,,,,,,,,,,,,,,,,,,,,,,,,,,,,,,,,,,,,,,,,,,,,,,,,,,,,,,,,,,,,,,,,,,,,,,,,,,,,,,,,,,,,,,,,,,,,,,,,,,,,,,,,,,,,,,,,,,,,,,,,,,,,,,,,,,,,,,,,,,,,,,,
S2500I,96-97,Motore elettrico,S2500I 24V,104250,Con spazzole 24V,,,,,,,,,,,,,,,,,,,,,,,,,,,,,,,,,,,,,,,,,,,,,,,,,,,,,,,,,,,,,,,,,,,,,,,,,,,,,,,,,,,,,,,,,,,,,,,,,,,,,,,,,,,,,,,,,,,,,,,,,,,,,,,,,,,,,,,,,,,,,,,,,,,,,,,,,,,,,,,,,,,,,,,,,,,,,,,,,,,,,,,,,,,,,,,,,,,,,,,,,,,,,,,,,,,,,,,,,,,,,,,,,,,,,,,,,,,,,,,,,,,,,,,,,,,,,,,,,,,,,,,,,,,,,,,,,,,,,,,,,,,,,,,,,,,,,,,,,,,,,,,,,,,,,,,,,,,,,,,,,,,,,,,,,,,,,
S2500I,96-97,Potenza max,S2500I 24V,104250,40W,,,,,,,,,,,,,,,,,,,,,,,,,,,,,,,,,,,,,,,,,,,,,,,,,,,,,,,,,,,,,,,,,,,,,,,,,,,,,,,,,,,,,,,,,,,,,,,,,,,,,,,,,,,,,,,,,,,,,,,,,,,,,,,,,,,,,,,,,,,,,,,,,,,,,,,,,,,,,,,,,,,,,,,,,,,,,,,,,,,,,,,,,,,,,,,,,,,,,,,,,,,,,,,,,,,,,,,,,,,,,,,,,,,,,,,,,,,,,,,,,,,,,,,,,,,,,,,,,,,,,,,,,,,,,,,,,,,,,,,,,,,,,,,,,,,,,,,,,,,,,,,,,,,,,,,,,,,,,,,,,,,,,,,,,,,,,
S2500I,96-97,Coppia max,S2500I 24V,104250,320Nm,,,,,,,,,,,,,,,,,,,,,,,,,,,,,,,,,,,,,,,,,,,,,,,,,,,,,,,,,,,,,,,,,,,,,,,,,,,,,,,,,,,,,,,,,,,,,,,,,,,,,,,,,,,,,,,,,,,,,,,,,,,,,,,,,,,,,,,,,,,,,,,,,,,,,,,,,,,,,,,,,,,,,,,,,,,,,,,,,,,,,,,,,,,,,,,,,,,,,,,,,,,,,,,,,,,,,,,,,,,,,,,,,,,,,,,,,,,,,,,,,,,,,,,,,,,,,,,,,,,,,,,,,,,,,,,,,,,,,,,,,,,,,,,,,,,,,,,,,,,,,,,,,,,,,,,,,,,,,,,,,,,,,,,,,,,,,
S2500I,96-97,Velocità angolare max,S2500I 24V,104250,10°/s,,,,,,,,,,,,,,,,,,,,,,,,,,,,,,,,,,,,,,,,,,,,,,,,,,,,,,,,,,,,,,,,,,,,,,,,,,,,,,,,,,,,,,,,,,,,,,,,,,,,,,,,,,,,,,,,,,,,,,,,,,,,,,,,,,,,,,,,,,,,,,,,,,,,,,,,,,,,,,,,,,,,,,,,,,,,,,,,,,,,,,,,,,,,,,,,,,,,,,,,,,,,,,,,,,,,,,,,,,,,,,,,,,,,,,,,,,,,,,,,,,,,,,,,,,,,,,,,,,,,,,,,,,,,,,,,,,,,,,,,,,,,,,,,,,,,,,,,,,,,,,,,,,,,,,,,,,,,,,,,,,,,,,,,,,,,,
S2500I,96-97,Peso max anta,S2500I 24V,104250,250 Kg,,,,,,,,,,,,,,,,,,,,,,,,,,,,,,,,,,,,,,,,,,,,,,,,,,,,,,,,,,,,,,,,,,,,,,,,,,,,,,,,,,,,,,,,,,,,,,,,,,,,,,,,,,,,,,,,,,,,,,,,,,,,,,,,,,,,,,,,,,,,,,,,,,,,,,,,,,,,,,,,,,,,,,,,,,,,,,,,,,,,,,,,,,,,,,,,,,,,,,,,,,,,,,,,,,,,,,,,,,,,,,,,,,,,,,,,,,,,,,,,,,,,,,,,,,,,,,,,,,,,,,,,,,,,,,,,,,,,,,,,,,,,,,,,,,,,,,,,,,,,,,,,,,,,,,,,,,,,,,,,,,,,,,,,,,,,,
S2500I,96-97,Angolo max apertura anta,S2500I 24V,104250,165°,,,,,,,,,,,,,,,,,,,,,,,,,,,,,,,,,,,,,,,,,,,,,,,,,,,,,,,,,,,,,,,,,,,,,,,,,,,,,,,,,,,,,,,,,,,,,,,,,,,,,,,,,,,,,,,,,,,,,,,,,,,,,,,,,,,,,,,,,,,,,,,,,,,,,,,,,,,,,,,,,,,,,,,,,,,,,,,,,,,,,,,,,,,,,,,,,,,,,,,,,,,,,,,,,,,,,,,,,,,,,,,,,,,,,,,,,,,,,,,,,,,,,,,,,,,,,,,,,,,,,,,,,,,,,,,,,,,,,,,,,,,,,,,,,,,,,,,,,,,,,,,,,,,,,,,,,,,,,,,,,,,,,,,,,,,,,
S2500I,96-97,Temperatura ambiente di esercizio,S2500I 24V,104250,-20°C ÷ + 55°C,,,,,,,,,,,,,,,,,,,,,,,,,,,,,,,,,,,,,,,,,,,,,,,,,,,,,,,,,,,,,,,,,,,,,,,,,,,,,,,,,,,,,,,,,,,,,,,,,,,,,,,,,,,,,,,,,,,,,,,,,,,,,,,,,,,,,,,,,,,,,,,,,,,,,,,,,,,,,,,,,,,,,,,,,,,,,,,,,,,,,,,,,,,,,,,,,,,,,,,,,,,,,,,,,,,,,,,,,,,,,,,,,,,,,,,,,,,,,,,,,,,,,,,,,,,,,,,,,,,,,,,,,,,,,,,,,,,,,,,,,,,,,,,,,,,,,,,,,,,,,,,,,,,,,,,,,,,,,,,,,,,,,,,,,,,,,
S2500I,96-97,Grado di protezione,S2500I 24V,104250,IP X4,,,,,,,,,,,,,,,,,,,,,,,,,,,,,,,,,,,,,,,,,,,,,,,,,,,,,,,,,,,,,,,,,,,,,,,,,,,,,,,,,,,,,,,,,,,,,,,,,,,,,,,,,,,,,,,,,,,,,,,,,,,,,,,,,,,,,,,,,,,,,,,,,,,,,,,,,,,,,,,,,,,,,,,,,,,,,,,,,,,,,,,,,,,,,,,,,,,,,,,,,,,,,,,,,,,,,,,,,,,,,,,,,,,,,,,,,,,,,,,,,,,,,,,,,,,,,,,,,,,,,,,,,,,,,,,,,,,,,,,,,,,,,,,,,,,,,,,,,,,,,,,,,,,,,,,,,,,,,,,,,,,,,,,,,,,,,
S2500I,96-97,Peso,S2500I 24V,104250,"7,9 Kg (attuatore) - 3,3 Kg (cerniera) - 1,8 Kg (cover)",,,,,,,,,,,,,,,,,,,,,,,,,,,,,,,,,,,,,,,,,,,,,,,,,,,,,,,,,,,,,,,,,,,,,,,,,,,,,,,,,,,,,,,,,,,,,,,,,,,,,,,,,,,,,,,,,,,,,,,,,,,,,,,,,,,,,,,,,,,,,,,,,,,,,,,,,,,,,,,,,,,,,,,,,,,,,,,,,,,,,,,,,,,,,,,,,,,,,,,,,,,,,,,,,,,,,,,,,,,,,,,,,,,,,,,,,,,,,,,,,,,,,,,,,,,,,,,,,,,,,,,,,,,,,,,,,,,,,,,,,,,,,,,,,,,,,,,,,,,,,,,,,,,,,,,,,,,,,,,,,,,,,,,,,,,,,
S2500I,96-97,Dimensioni (LxPxH),S2500I 24V,104250,340 x 160 x 150 mm,,,,,,,,,,,,,,,,,,,,,,,,,,,,,,,,,,,,,,,,,,,,,,,,,,,,,,,,,,,,,,,,,,,,,,,,,,,,,,,,,,,,,,,,,,,,,,,,,,,,,,,,,,,,,,,,,,,,,,,,,,,,,,,,,,,,,,,,,,,,,,,,,,,,,,,,,,,,,,,,,,,,,,,,,,,,,,,,,,,,,,,,,,,,,,,,,,,,,,,,,,,,,,,,,,,,,,,,,,,,,,,,,,,,,,,,,,,,,,,,,,,,,,,,,,,,,,,,,,,,,,,,,,,,,,,,,,,,,,,,,,,,,,,,,,,,,,,,,,,,,,,,,,,,,,,,,,,,,,,,,,,,,,,,,,,,,
S2500I,96-97,Apparecchiatura elettronica,S2500I 24V,104250,non compresa,,,,,,,,,,,,,,,,,,,,,,,,,,,,,,,,,,,,,,,,,,,,,,,,,,,,,,,,,,,,,,,,,,,,,,,,,,,,,,,,,,,,,,,,,,,,,,,,,,,,,,,,,,,,,,,,,,,,,,,,,,,,,,,,,,,,,,,,,,,,,,,,,,,,,,,,,,,,,,,,,,,,,,,,,,,,,,,,,,,,,,,,,,,,,,,,,,,,,,,,,,,,,,,,,,,,,,,,,,,,,,,,,,,,,,,,,,,,,,,,,,,,,,,,,,,,,,,,,,,,,,,,,,,,,,,,,,,,,,,,,,,,,,,,,,,,,,,,,,,,,,,,,,,,,,,,,,,,,,,,,,,,,,,,,,,,,
S2500I,96-97,Arresti meccanici integrati in apertura e chiusura,S2500I 24V,104250,opzionali,,,,,,,,,,,,,,,,,,,,,,,,,,,,,,,,,,,,,,,,,,,,,,,,,,,,,,,,,,,,,,,,,,,,,,,,,,,,,,,,,,,,,,,,,,,,,,,,,,,,,,,,,,,,,,,,,,,,,,,,,,,,,,,,,,,,,,,,,,,,,,,,,,,,,,,,,,,,,,,,,,,,,,,,,,,,,,,,,,,,,,,,,,,,,,,,,,,,,,,,,,,,,,,,,,,,,,,,,,,,,,,,,,,,,,,,,,,,,,,,,,,,,,,,,,,,,,,,,,,,,,,,,,,,,,,,,,,,,,,,,,,,,,,,,,,,,,,,,,,,,,,,,,,,,,,,,,,,,,,,,,,,,,,,,,,,,
S2500I,96-97,Tempo di utilizzo continuo (ROT),S2500I 24V,104250,Continuo a 55°C,,,,,,,,,,,,,,,,,,,,,,,,,,,,,,,,,,,,,,,,,,,,,,,,,,,,,,,,,,,,,,,,,,,,,,,,,,,,,,,,,,,,,,,,,,,,,,,,,,,,,,,,,,,,,,,,,,,,,,,,,,,,,,,,,,,,,,,,,,,,,,,,,,,,,,,,,,,,,,,,,,,,,,,,,,,,,,,,,,,,,,,,,,,,,,,,,,,,,,,,,,,,,,,,,,,,,,,,,,,,,,,,,,,,,,,,,,,,,,,,,,,,,,,,,,,,,,,,,,,,,,,,,,,,,,,,,,,,,,,,,,,,,,,,,,,,,,,,,,,,,,,,,,,,,,,,,,,,,,,,,,,,,,,,,,,,,
S2500I,96-97,Encoder,S2500I 24V,104250,Assoluto Magnetico BUS,,,,,,,,,,,,,,,,,,,,,,,,,,,,,,,,,,,,,,,,,,,,,,,,,,,,,,,,,,,,,,,,,,,,,,,,,,,,,,,,,,,,,,,,,,,,,,,,,,,,,,,,,,,,,,,,,,,,,,,,,,,,,,,,,,,,,,,,,,,,,,,,,,,,,,,,,,,,,,,,,,,,,,,,,,,,,,,,,,,,,,,,,,,,,,,,,,,,,,,,,,,,,,,,,,,,,,,,,,,,,,,,,,,,,,,,,,,,,,,,,,,,,,,,,,,,,,,,,,,,,,,,,,,,,,,,,,,,,,,,,,,,,,,,,,,,,,,,,,,,,,,,,,,,,,,,,,,,,,,,,,,,,,,,,,,,,
S2500I,96-97,Larghezza max anta,S2500I 24V,104250,"2 m (2,5m con elettroserratura)",,,,,,,,,,,,,,,,,,,,,,,,,,,,,,,,,,,,,,,,,,,,,,,,,,,,,,,,,,,,,,,,,,,,,,,,,,,,,,,,,,,,,,,,,,,,,,,,,,,,,,,,,,,,,,,,,,,,,,,,,,,,,,,,,,,,,,,,,,,,,,,,,,,,,,,,,,,,,,,,,,,,,,,,,,,,,,,,,,,,,,,,,,,,,,,,,,,,,,,,,,,,,,,,,,,,,,,,,,,,,,,,,,,,,,,,,,,,,,,,,,,,,,,,,,,,,,,,,,,,,,,,,,,,,,,,,,,,,,,,,,,,,,,,,,,,,,,,,,,,,,,,,,,,,,,,,,,,,,,,,,,,,,,,,,,,,
770N 230V,98-99,Tensione di alimentazione di rete,770N 230V,,220-240V~ 50/60 Hz,,,,,,,,,,,,,,,,,,,,,,,,,,,,,,,,,,,,,,,,,,,,,,,,,,,,,,,,,,,,,,,,,,,,,,,,,,,,,,,,,,,,,,,,,,,,,,,,,,,,,,,,,,,,,,,,,,,,,,,,,,,,,,,,,,,,,,,,,,,,,,,,,,,,,,,,,,,,,,,,,,,,,,,,,,,,,,,,,,,,,,,,,,,,,,,,,,,,,,,,,,,,,,,,,,,,,,,,,,,,,,,,,,,,,,,,,,,,,,,,,,,,,,,,,,,,,,,,,,,,,,,,,,,,,,,,,,,,,,,,,,,,,,,,,,,,,,,,,,,,,,,,,,,,,,,,,,,,,,,,,,,,,,,,,,,,,
770N 230V,98-99,Motore elettrico,770N 230V,,Asincrono monofase,,,,,,,,,,,,,,,,,,,,,,,,,,,,,,,,,,,,,,,,,,,,,,,,,,,,,,,,,,,,,,,,,,,,,,,,,,,,,,,,,,,,,,,,,,,,,,,,,,,,,,,,,,,,,,,,,,,,,,,,,,,,,,,,,,,,,,,,,,,,,,,,,,,,,,,,,,,,,,,,,,,,,,,,,,,,,,,,,,,,,,,,,,,,,,,,,,,,,,,,,,,,,,,,,,,,,,,,,,,,,,,,,,,,,,,,,,,,,,,,,,,,,,,,,,,,,,,,,,,,,,,,,,,,,,,,,,,,,,,,,,,,,,,,,,,,,,,,,,,,,,,,,,,,,,,,,,,,,,,,,,,,,,,,,,,,,
770N 230V,98-99,Potenza max,770N 230V,,380 W,,,,,,,,,,,,,,,,,,,,,,,,,,,,,,,,,,,,,,,,,,,,,,,,,,,,,,,,,,,,,,,,,,,,,,,,,,,,,,,,,,,,,,,,,,,,,,,,,,,,,,,,,,,,,,,,,,,,,,,,,,,,,,,,,,,,,,,,,,,,,,,,,,,,,,,,,,,,,,,,,,,,,,,,,,,,,,,,,,,,,,,,,,,,,,,,,,,,,,,,,,,,,,,,,,,,,,,,,,,,,,,,,,,,,,,,,,,,,,,,,,,,,,,,,,,,,,,,,,,,,,,,,,,,,,,,,,,,,,,,,,,,,,,,,,,,,,,,,,,,,,,,,,,,,,,,,,,,,,,,,,,,,,,,,,,,,
770N 230V,98-99,Coppia max,770N 230V,,330 Nm (*),,,,,,,,,,,,,,,,,,,,,,,,,,,,,,,,,,,,,,,,,,,,,,,,,,,,,,,,,,,,,,,,,,,,,,,,,,,,,,,,,,,,,,,,,,,,,,,,,,,,,,,,,,,,,,,,,,,,,,,,,,,,,,,,,,,,,,,,,,,,,,,,,,,,,,,,,,,,,,,,,,,,,,,,,,,,,,,,,,,,,,,,,,,,,,,,,,,,,,,,,,,,,,,,,,,,,,,,,,,,,,,,,,,,,,,,,,,,,,,,,,,,,,,,,,,,,,,,,,,,,,,,,,,,,,,,,,,,,,,,,,,,,,,,,,,,,,,,,,,,,,,,,,,,,,,,,,,,,,,,,,,,,,,,,,,,,
770N 230V,98-99,Velocità angolare max,770N 230V,,6 °/s (*),,,,,,,,,,,,,,,,,,,,,,,,,,,,,,,,,,,,,,,,,,,,,,,,,,,,,,,,,,,,,,,,,,,,,,,,,,,,,,,,,,,,,,,,,,,,,,,,,,,,,,,,,,,,,,,,,,,,,,,,,,,,,,,,,,,,,,,,,,,,,,,,,,,,,,,,,,,,,,,,,,,,,,,,,,,,,,,,,,,,,,,,,,,,,,,,,,,,,,,,,,,,,,,,,,,,,,,,,,,,,,,,,,,,,,,,,,,,,,,,,,,,,,,,,,,,,,,,,,,,,,,,,,,,,,,,,,,,,,,,,,,,,,,,,,,,,,,,,,,,,,,,,,,,,,,,,,,,,,,,,,,,,,,,,,,,,
770N 230V,98-99,Peso max anta,770N 230V,,500 Kg (vedi grafico),,,,,,,,,,,,,,,,,,,,,,,,,,,,,,,,,,,,,,,,,,,,,,,,,,,,,,,,,,,,,,,,,,,,,,,,,,,,,,,,,,,,,,,,,,,,,,,,,,,,,,,,,,,,,,,,,,,,,,,,,,,,,,,,,,,,,,,,,,,,,,,,,,,,,,,,,,,,,,,,,,,,,,,,,,,,,,,,,,,,,,,,,,,,,,,,,,,,,,,,,,,,,,,,,,,,,,,,,,,,,,,,,,,,,,,,,,,,,,,,,,,,,,,,,,,,,,,,,,,,,,,,,,,,,,,,,,,,,,,,,,,,,,,,,,,,,,,,,,,,,,,,,,,,,,,,,,,,,,,,,,,,,,,,,,,,,
770N 230V,98-99,Angolo max apertura anta,770N 230V,,110° (140° e 180° con kit opzionale),,,,,,,,,,,,,,,,,,,,,,,,,,,,,,,,,,,,,,,,,,,,,,,,,,,,,,,,,,,,,,,,,,,,,,,,,,,,,,,,,,,,,,,,,,,,,,,,,,,,,,,,,,,,,,,,,,,,,,,,,,,,,,,,,,,,,,,,,,,,,,,,,,,,,,,,,,,,,,,,,,,,,,,,,,,,,,,,,,,,,,,,,,,,,,,,,,,,,,,,,,,,,,,,,,,,,,,,,,,,,,,,,,,,,,,,,,,,,,,,,,,,,,,,,,,,,,,,,,,,,,,,,,,,,,,,,,,,,,,,,,,,,,,,,,,,,,,,,,,,,,,,,,,,,,,,,,,,,,,,,,,,,,,,,,,,,
770N 230V,98-99,Temperatura ambiente di esercizio,770N 230V,,-20°C ÷ + 55°C,,,,,,,,,,,,,,,,,,,,,,,,,,,,,,,,,,,,,,,,,,,,,,,,,,,,,,,,,,,,,,,,,,,,,,,,,,,,,,,,,,,,,,,,,,,,,,,,,,,,,,,,,,,,,,,,,,,,,,,,,,,,,,,,,,,,,,,,,,,,,,,,,,,,,,,,,,,,,,,,,,,,,,,,,,,,,,,,,,,,,,,,,,,,,,,,,,,,,,,,,,,,,,,,,,,,,,,,,,,,,,,,,,,,,,,,,,,,,,,,,,,,,,,,,,,,,,,,,,,,,,,,,,,,,,,,,,,,,,,,,,,,,,,,,,,,,,,,,,,,,,,,,,,,,,,,,,,,,,,,,,,,,,,,,,,,,
770N 230V,98-99,Termoprotezione,770N 230V,,140°C,,,,,,,,,,,,,,,,,,,,,,,,,,,,,,,,,,,,,,,,,,,,,,,,,,,,,,,,,,,,,,,,,,,,,,,,,,,,,,,,,,,,,,,,,,,,,,,,,,,,,,,,,,,,,,,,,,,,,,,,,,,,,,,,,,,,,,,,,,,,,,,,,,,,,,,,,,,,,,,,,,,,,,,,,,,,,,,,,,,,,,,,,,,,,,,,,,,,,,,,,,,,,,,,,,,,,,,,,,,,,,,,,,,,,,,,,,,,,,,,,,,,,,,,,,,,,,,,,,,,,,,,,,,,,,,,,,,,,,,,,,,,,,,,,,,,,,,,,,,,,,,,,,,,,,,,,,,,,,,,,,,,,,,,,,,,,
770N 230V,98-99,Grado di protezione,770N 230V,,IP67,,,,,,,,,,,,,,,,,,,,,,,,,,,,,,,,,,,,,,,,,,,,,,,,,,,,,,,,,,,,,,,,,,,,,,,,,,,,,,,,,,,,,,,,,,,,,,,,,,,,,,,,,,,,,,,,,,,,,,,,,,,,,,,,,,,,,,,,,,,,,,,,,,,,,,,,,,,,,,,,,,,,,,,,,,,,,,,,,,,,,,,,,,,,,,,,,,,,,,,,,,,,,,,,,,,,,,,,,,,,,,,,,,,,,,,,,,,,,,,,,,,,,,,,,,,,,,,,,,,,,,,,,,,,,,,,,,,,,,,,,,,,,,,,,,,,,,,,,,,,,,,,,,,,,,,,,,,,,,,,,,,,,,,,,,,,,
770N 230V,98-99,Peso,770N 230V,,12 Kg (con cassetta portante 14 Kg),,,,,,,,,,,,,,,,,,,,,,,,,,,,,,,,,,,,,,,,,,,,,,,,,,,,,,,,,,,,,,,,,,,,,,,,,,,,,,,,,,,,,,,,,,,,,,,,,,,,,,,,,,,,,,,,,,,,,,,,,,,,,,,,,,,,,,,,,,,,,,,,,,,,,,,,,,,,,,,,,,,,,,,,,,,,,,,,,,,,,,,,,,,,,,,,,,,,,,,,,,,,,,,,,,,,,,,,,,,,,,,,,,,,,,,,,,,,,,,,,,,,,,,,,,,,,,,,,,,,,,,,,,,,,,,,,,,,,,,,,,,,,,,,,,,,,,,,,,,,,,,,,,,,,,,,,,,,,,,,,,,,,,,,,,,,,
770N 230V,98-99,Frequenza di utilizzo,770N 230V,,S3 30%,,,,,,,,,,,,,,,,,,,,,,,,,,,,,,,,,,,,,,,,,,,,,,,,,,,,,,,,,,,,,,,,,,,,,,,,,,,,,,,,,,,,,,,,,,,,,,,,,,,,,,,,,,,,,,,,,,,,,,,,,,,,,,,,,,,,,,,,,,,,,,,,,,,,,,,,,,,,,,,,,,,,,,,,,,,,,,,,,,,,,,,,,,,,,,,,,,,,,,,,,,,,,,,,,,,,,,,,,,,,,,,,,,,,,,,,,,,,,,,,,,,,,,,,,,,,,,,,,,,,,,,,,,,,,,,,,,,,,,,,,,,,,,,,,,,,,,,,,,,,,,,,,,,,,,,,,,,,,,,,,,,,,,,,,,,,,
770N 230V,98-99,Larghezza max anta,770N 230V,,"2 m (3,5 m con elettroserratura)",,,,,,,,,,,,,,,,,,,,,,,,,,,,,,,,,,,,,,,,,,,,,,,,,,,,,,,,,,,,,,,,,,,,,,,,,,,,,,,,,,,,,,,,,,,,,,,,,,,,,,,,,,,,,,,,,,,,,,,,,,,,,,,,,,,,,,,,,,,,,,,,,,,,,,,,,,,,,,,,,,,,,,,,,,,,,,,,,,,,,,,,,,,,,,,,,,,,,,,,,,,,,,,,,,,,,,,,,,,,,,,,,,,,,,,,,,,,,,,,,,,,,,,,,,,,,,,,,,,,,,,,,,,,,,,,,,,,,,,,,,,,,,,,,,,,,,,,,,,,,,,,,,,,,,,,,,,,,,,,,,,,,,,,,,,,,
770N 230V,98-99,Dimensioni (LxPxH),770N 230V,,"362 x 153 x 127 (cassetta portante 430 x 307,5 x 214) mm",,,,,,,,,,,,,,,,,,,,,,,,,,,,,,,,,,,,,,,,,,,,,,,,,,,,,,,,,,,,,,,,,,,,,,,,,,,,,,,,,,,,,,,,,,,,,,,,,,,,,,,,,,,,,,,,,,,,,,,,,,,,,,,,,,,,,,,,,,,,,,,,,,,,,,,,,,,,,,,,,,,,,,,,,,,,,,,,,,,,,,,,,,,,,,,,,,,,,,,,,,,,,,,,,,,,,,,,,,,,,,,,,,,,,,,,,,,,,,,,,,,,,,,,,,,,,,,,,,,,,,,,,,,,,,,,,,,,,,,,,,,,,,,,,,,,,,,,,,,,,,,,,,,,,,,,,,,,,,,,,,,,,,,,,,,,,
770N 230V,98-99,Apparecchiatura elettronica,770N 230V,,Non compresa,,,,,,,,,,,,,,,,,,,,,,,,,,,,,,,,,,,,,,,,,,,,,,,,,,,,,,,,,,,,,,,,,,,,,,,,,,,,,,,,,,,,,,,,,,,,,,,,,,,,,,,,,,,,,,,,,,,,,,,,,,,,,,,,,,,,,,,,,,,,,,,,,,,,,,,,,,,,,,,,,,,,,,,,,,,,,,,,,,,,,,,,,,,,,,,,,,,,,,,,,,,,,,,,,,,,,,,,,,,,,,,,,,,,,,,,,,,,,,,,,,,,,,,,,,,,,,,,,,,,,,,,,,,,,,,,,,,,,,,,,,,,,,,,,,,,,,,,,,,,,,,,,,,,,,,,,,,,,,,,,,,,,,,,,,,,,
770N 24V,100-101,Tensione di alimentazione di rete,770N 24V,,220-240V~ 50/60 Hz,,,,,,,,,,,,,,,,,,,,,,,,,,,,,,,,,,,,,,,,,,,,,,,,,,,,,,,,,,,,,,,,,,,,,,,,,,,,,,,,,,,,,,,,,,,,,,,,,,,,,,,,,,,,,,,,,,,,,,,,,,,,,,,,,,,,,,,,,,,,,,,,,,,,,,,,,,,,,,,,,,,,,,,,,,,,,,,,,,,,,,,,,,,,,,,,,,,,,,,,,,,,,,,,,,,,,,,,,,,,,,,,,,,,,,,,,,,,,,,,,,,,,,,,,,,,,,,,,,,,,,,,,,,,,,,,,,,,,,,,,,,,,,,,,,,,,,,,,,,,,,,,,,,,,,,,,,,,,,,,,,,,,,,,,,,,,
770N 24V,100-101,Motore elettrico,770N 24V,,Con spazzole 24V,,,,,,,,,,,,,,,,,,,,,,,,,,,,,,,,,,,,,,,,,,,,,,,,,,,,,,,,,,,,,,,,,,,,,,,,,,,,,,,,,,,,,,,,,,,,,,,,,,,,,,,,,,,,,,,,,,,,,,,,,,,,,,,,,,,,,,,,,,,,,,,,,,,,,,,,,,,,,,,,,,,,,,,,,,,,,,,,,,,,,,,,,,,,,,,,,,,,,,,,,,,,,,,,,,,,,,,,,,,,,,,,,,,,,,,,,,,,,,,,,,,,,,,,,,,,,,,,,,,,,,,,,,,,,,,,,,,,,,,,,,,,,,,,,,,,,,,,,,,,,,,,,,,,,,,,,,,,,,,,,,,,,,,,,,,,,
770N 24V,100-101,Potenza max,770N 24V,,70 W,,,,,,,,,,,,,,,,,,,,,,,,,,,,,,,,,,,,,,,,,,,,,,,,,,,,,,,,,,,,,,,,,,,,,,,,,,,,,,,,,,,,,,,,,,,,,,,,,,,,,,,,,,,,,,,,,,,,,,,,,,,,,,,,,,,,,,,,,,,,,,,,,,,,,,,,,,,,,,,,,,,,,,,,,,,,,,,,,,,,,,,,,,,,,,,,,,,,,,,,,,,,,,,,,,,,,,,,,,,,,,,,,,,,,,,,,,,,,,,,,,,,,,,,,,,,,,,,,,,,,,,,,,,,,,,,,,,,,,,,,,,,,,,,,,,,,,,,,,,,,,,,,,,,,,,,,,,,,,,,,,,,,,,,,,,,,
770N 24V,100-101,Coppia max,770N 24V,,330 Nm,,,,,,,,,,,,,,,,,,,,,,,,,,,,,,,,,,,,,,,,,,,,,,,,,,,,,,,,,,,,,,,,,,,,,,,,,,,,,,,,,,,,,,,,,,,,,,,,,,,,,,,,,,,,,,,,,,,,,,,,,,,,,,,,,,,,,,,,,,,,,,,,,,,,,,,,,,,,,,,,,,,,,,,,,,,,,,,,,,,,,,,,,,,,,,,,,,,,,,,,,,,,,,,,,,,,,,,,,,,,,,,,,,,,,,,,,,,,,,,,,,,,,,,,,,,,,,,,,,,,,,,,,,,,,,,,,,,,,,,,,,,,,,,,,,,,,,,,,,,,,,,,,,,,,,,,,,,,,,,,,,,,,,,,,,,,,
770N 24V,100-101,Velocità angolare max,770N 24V,,6 °/s,,,,,,,,,,,,,,,,,,,,,,,,,,,,,,,,,,,,,,,,,,,,,,,,,,,,,,,,,,,,,,,,,,,,,,,,,,,,,,,,,,,,,,,,,,,,,,,,,,,,,,,,,,,,,,,,,,,,,,,,,,,,,,,,,,,,,,,,,,,,,,,,,,,,,,,,,,,,,,,,,,,,,,,,,,,,,,,,,,,,,,,,,,,,,,,,,,,,,,,,,,,,,,,,,,,,,,,,,,,,,,,,,,,,,,,,,,,,,,,,,,,,,,,,,,,,,,,,,,,,,,,,,,,,,,,,,,,,,,,,,,,,,,,,,,,,,,,,,,,,,,,,,,,,,,,,,,,,,,,,,,,,,,,,,,,,,
770N 24V,100-101,Peso max anta,770N 24V,,500 Kg (vedi grafico),,,,,,,,,,,,,,,,,,,,,,,,,,,,,,,,,,,,,,,,,,,,,,,,,,,,,,,,,,,,,,,,,,,,,,,,,,,,,,,,,,,,,,,,,,,,,,,,,,,,,,,,,,,,,,,,,,,,,,,,,,,,,,,,,,,,,,,,,,,,,,,,,,,,,,,,,,,,,,,,,,,,,,,,,,,,,,,,,,,,,,,,,,,,,,,,,,,,,,,,,,,,,,,,,,,,,,,,,,,,,,,,,,,,,,,,,,,,,,,,,,,,,,,,,,,,,,,,,,,,,,,,,,,,,,,,,,,,,,,,,,,,,,,,,,,,,,,,,,,,,,,,,,,,,,,,,,,,,,,,,,,,,,,,,,,,,
770N 24V,100-101,Angolo max apertura anta,770N 24V,,110° (140° e 180° con kit opzionale),,,,,,,,,,,,,,,,,,,,,,,,,,,,,,,,,,,,,,,,,,,,,,,,,,,,,,,,,,,,,,,,,,,,,,,,,,,,,,,,,,,,,,,,,,,,,,,,,,,,,,,,,,,,,,,,,,,,,,,,,,,,,,,,,,,,,,,,,,,,,,,,,,,,,,,,,,,,,,,,,,,,,,,,,,,,,,,,,,,,,,,,,,,,,,,,,,,,,,,,,,,,,,,,,,,,,,,,,,,,,,,,,,,,,,,,,,,,,,,,,,,,,,,,,,,,,,,,,,,,,,,,,,,,,,,,,,,,,,,,,,,,,,,,,,,,,,,,,,,,,,,,,,,,,,,,,,,,,,,,,,,,,,,,,,,,,
770N 24V,100-101,Temperatura ambiente di esercizio,770N 24V,,-20°C ÷ + 55°C,,,,,,,,,,,,,,,,,,,,,,,,,,,,,,,,,,,,,,,,,,,,,,,,,,,,,,,,,,,,,,,,,,,,,,,,,,,,,,,,,,,,,,,,,,,,,,,,,,,,,,,,,,,,,,,,,,,,,,,,,,,,,,,,,,,,,,,,,,,,,,,,,,,,,,,,,,,,,,,,,,,,,,,,,,,,,,,,,,,,,,,,,,,,,,,,,,,,,,,,,,,,,,,,,,,,,,,,,,,,,,,,,,,,,,,,,,,,,,,,,,,,,,,,,,,,,,,,,,,,,,,,,,,,,,,,,,,,,,,,,,,,,,,,,,,,,,,,,,,,,,,,,,,,,,,,,,,,,,,,,,,,,,,,,,,,,
770N 24V,100-101,Grado di protezione,770N 24V,,IP67,,,,,,,,,,,,,,,,,,,,,,,,,,,,,,,,,,,,,,,,,,,,,,,,,,,,,,,,,,,,,,,,,,,,,,,,,,,,,,,,,,,,,,,,,,,,,,,,,,,,,,,,,,,,,,,,,,,,,,,,,,,,,,,,,,,,,,,,,,,,,,,,,,,,,,,,,,,,,,,,,,,,,,,,,,,,,,,,,,,,,,,,,,,,,,,,,,,,,,,,,,,,,,,,,,,,,,,,,,,,,,,,,,,,,,,,,,,,,,,,,,,,,,,,,,,,,,,,,,,,,,,,,,,,,,,,,,,,,,,,,,,,,,,,,,,,,,,,,,,,,,,,,,,,,,,,,,,,,,,,,,,,,,,,,,,,,
770N 24V,100-101,Peso,770N 24V,,12 Kg (con cassetta portante 14 Kg),,,,,,,,,,,,,,,,,,,,,,,,,,,,,,,,,,,,,,,,,,,,,,,,,,,,,,,,,,,,,,,,,,,,,,,,,,,,,,,,,,,,,,,,,,,,,,,,,,,,,,,,,,,,,,,,,,,,,,,,,,,,,,,,,,,,,,,,,,,,,,,,,,,,,,,,,,,,,,,,,,,,,,,,,,,,,,,,,,,,,,,,,,,,,,,,,,,,,,,,,,,,,,,,,,,,,,,,,,,,,,,,,,,,,,,,,,,,,,,,,,,,,,,,,,,,,,,,,,,,,,,,,,,,,,,,,,,,,,,,,,,,,,,,,,,,,,,,,,,,,,,,,,,,,,,,,,,,,,,,,,,,,,,,,,,,,
770N 24V,100-101,Frequenza di utilizzo,770N 24V,,Uso continuo,,,,,,,,,,,,,,,,,,,,,,,,,,,,,,,,,,,,,,,,,,,,,,,,,,,,,,,,,,,,,,,,,,,,,,,,,,,,,,,,,,,,,,,,,,,,,,,,,,,,,,,,,,,,,,,,,,,,,,,,,,,,,,,,,,,,,,,,,,,,,,,,,,,,,,,,,,,,,,,,,,,,,,,,,,,,,,,,,,,,,,,,,,,,,,,,,,,,,,,,,,,,,,,,,,,,,,,,,,,,,,,,,,,,,,,,,,,,,,,,,,,,,,,,,,,,,,,,,,,,,,,,,,,,,,,,,,,,,,,,,,,,,,,,,,,,,,,,,,,,,,,,,,,,,,,,,,,,,,,,,,,,,,,,,,,,,
770N 24V,100-101,Larghezza max anta,770N 24V,,"2 m (3,5 m con elettroserratura)",,,,,,,,,,,,,,,,,,,,,,,,,,,,,,,,,,,,,,,,,,,,,,,,,,,,,,,,,,,,,,,,,,,,,,,,,,,,,,,,,,,,,,,,,,,,,,,,,,,,,,,,,,,,,,,,,,,,,,,,,,,,,,,,,,,,,,,,,,,,,,,,,,,,,,,,,,,,,,,,,,,,,,,,,,,,,,,,,,,,,,,,,,,,,,,,,,,,,,,,,,,,,,,,,,,,,,,,,,,,,,,,,,,,,,,,,,,,,,,,,,,,,,,,,,,,,,,,,,,,,,,,,,,,,,,,,,,,,,,,,,,,,,,,,,,,,,,,,,,,,,,,,,,,,,,,,,,,,,,,,,,,,,,,,,,,,
770N 24V,100-101,Dimensioni (LxPxH),770N 24V,,"362 x 153 x 127 (cassetta portante 430 x 307,5 x 214) mm",,,,,,,,,,,,,,,,,,,,,,,,,,,,,,,,,,,,,,,,,,,,,,,,,,,,,,,,,,,,,,,,,,,,,,,,,,,,,,,,,,,,,,,,,,,,,,,,,,,,,,,,,,,,,,,,,,,,,,,,,,,,,,,,,,,,,,,,,,,,,,,,,,,,,,,,,,,,,,,,,,,,,,,,,,,,,,,,,,,,,,,,,,,,,,,,,,,,,,,,,,,,,,,,,,,,,,,,,,,,,,,,,,,,,,,,,,,,,,,,,,,,,,,,,,,,,,,,,,,,,,,,,,,,,,,,,,,,,,,,,,,,,,,,,,,,,,,,,,,,,,,,,,,,,,,,,,,,,,,,,,,,,,,,,,,,,
770N 24V,100-101,Apparecchiatura elettronica,770N 24V,,Non compresa,,,,,,,,,,,,,,,,,,,,,,,,,,,,,,,,,,,,,,,,,,,,,,,,,,,,,,,,,,,,,,,,,,,,,,,,,,,,,,,,,,,,,,,,,,,,,,,,,,,,,,,,,,,,,,,,,,,,,,,,,,,,,,,,,,,,,,,,,,,,,,,,,,,,,,,,,,,,,,,,,,,,,,,,,,,,,,,,,,,,,,,,,,,,,,,,,,,,,,,,,,,,,,,,,,,,,,,,,,,,,,,,,,,,,,,,,,,,,,,,,,,,,,,,,,,,,,,,,,,,,,,,,,,,,,,,,,,,,,,,,,,,,,,,,,,,,,,,,,,,,,,,,,,,,,,,,,,,,,,,,,,,,,,,,,,,,
S800H ENC,102-103,Tensione di alimentazione di rete,S800H ENC CBAC 100°,108720,220-240V~ 50/60 Hz,S800H ENC SBW 100°,108724,220-240V~ 50/60 Hz,S800H ENC CBAC 180°,108722,220-240V~ 50/60 Hz,S800H ENC SBW 180°,108725,220-240V~ 50/60 Hz,,,,,,,,,,,,,,,,,,,,,,,,,,,,,,,,,,,,,,,,,,,,,,,,,,,,,,,,,,,,,,,,,,,,,,,,,,,,,,,,,,,,,,,,,,,,,,,,,,,,,,,,,,,,,,,,,,,,,,,,,,,,,,,,,,,,,,,,,,,,,,,,,,,,,,,,,,,,,,,,,,,,,,,,,,,,,,,,,,,,,,,,,,,,,,,,,,,,,,,,,,,,,,,,,,,,,,,,,,,,,,,,,,,,,,,,,,,,,,,,,,,,,,,,,,,,,,,,,,,,,,,,,,,,,,,,,,,,,,,,,,,,,,,,,,,,,,,,,,,,,,,,,,,,,,,,,,,,,,,,,,,,
S800H ENC,102-103,Motore elettrico,S800H ENC CBAC 100°,108720,Con spazzole 24V,S800H ENC SBW 100°,108724,Con spazzole 24V,S800H ENC CBAC 180°,108722,Con spazzole 24V,S800H ENC SBW 180°,108725,Con spazzole 24V,,,,,,,,,,,,,,,,,,,,,,,,,,,,,,,,,,,,,,,,,,,,,,,,,,,,,,,,,,,,,,,,,,,,,,,,,,,,,,,,,,,,,,,,,,,,,,,,,,,,,,,,,,,,,,,,,,,,,,,,,,,,,,,,,,,,,,,,,,,,,,,,,,,,,,,,,,,,,,,,,,,,,,,,,,,,,,,,,,,,,,,,,,,,,,,,,,,,,,,,,,,,,,,,,,,,,,,,,,,,,,,,,,,,,,,,,,,,,,,,,,,,,,,,,,,,,,,,,,,,,,,,,,,,,,,,,,,,,,,,,,,,,,,,,,,,,,,,,,,,,,,,,,,,,,,,,,,,,,,,,,,,
S800H ENC,102-103,Potenza max,S800H ENC CBAC 100°,108720,60 W,S800H ENC SBW 100°,108724,60 W,S800H ENC CBAC 180°,108722,60 W,S800H ENC SBW 180°,108725,60 W,,,,,,,,,,,,,,,,,,,,,,,,,,,,,,,,,,,,,,,,,,,,,,,,,,,,,,,,,,,,,,,,,,,,,,,,,,,,,,,,,,,,,,,,,,,,,,,,,,,,,,,,,,,,,,,,,,,,,,,,,,,,,,,,,,,,,,,,,,,,,,,,,,,,,,,,,,,,,,,,,,,,,,,,,,,,,,,,,,,,,,,,,,,,,,,,,,,,,,,,,,,,,,,,,,,,,,,,,,,,,,,,,,,,,,,,,,,,,,,,,,,,,,,,,,,,,,,,,,,,,,,,,,,,,,,,,,,,,,,,,,,,,,,,,,,,,,,,,,,,,,,,,,,,,,,,,,,,,,,,,,,,
S800H ENC,102-103,Velocità angolare max,S800H ENC CBAC 100°,108720,"5,5°/s (con E024S) - 8,2°/s (con E124)",S800H ENC SBW 100°,108724,"5,5°/s (con E024S) - 8,2°/s (con E124)",S800H ENC CBAC 180°,108722,"5,5°/s (con E024S) - 8,2°/s (con E124)",S800H ENC SBW 180°,108725,"5,5°/s (con E024S) - 8,2°/s (con E124)",,,,,,,,,,,,,,,,,,,,,,,,,,,,,,,,,,,,,,,,,,,,,,,,,,,,,,,,,,,,,,,,,,,,,,,,,,,,,,,,,,,,,,,,,,,,,,,,,,,,,,,,,,,,,,,,,,,,,,,,,,,,,,,,,,,,,,,,,,,,,,,,,,,,,,,,,,,,,,,,,,,,,,,,,,,,,,,,,,,,,,,,,,,,,,,,,,,,,,,,,,,,,,,,,,,,,,,,,,,,,,,,,,,,,,,,,,,,,,,,,,,,,,,,,,,,,,,,,,,,,,,,,,,,,,,,,,,,,,,,,,,,,,,,,,,,,,,,,,,,,,,,,,,,,,,,,,,,,,,,,,,,
S800H ENC,102-103,Peso max anta,S800H ENC CBAC 100°,108720,800 Kg,S800H ENC SBW 100°,108724,800 Kg,S800H ENC CBAC 180°,108722,800 Kg,S800H ENC SBW 180°,108725,800 Kg,,,,,,,,,,,,,,,,,,,,,,,,,,,,,,,,,,,,,,,,,,,,,,,,,,,,,,,,,,,,,,,,,,,,,,,,,,,,,,,,,,,,,,,,,,,,,,,,,,,,,,,,,,,,,,,,,,,,,,,,,,,,,,,,,,,,,,,,,,,,,,,,,,,,,,,,,,,,,,,,,,,,,,,,,,,,,,,,,,,,,,,,,,,,,,,,,,,,,,,,,,,,,,,,,,,,,,,,,,,,,,,,,,,,,,,,,,,,,,,,,,,,,,,,,,,,,,,,,,,,,,,,,,,,,,,,,,,,,,,,,,,,,,,,,,,,,,,,,,,,,,,,,,,,,,,,,,,,,,,,,,,,
S800H ENC,102-103,Temperatura ambiente di esercizio,S800H ENC CBAC 100°,108720,-20°C ÷ +55°C,S800H ENC SBW 100°,108724,-20°C ÷ +55°C,S800H ENC CBAC 180°,108722,-20°C ÷ +55°C,S800H ENC SBW 180°,108725,-20°C ÷ +55°C,,,,,,,,,,,,,,,,,,,,,,,,,,,,,,,,,,,,,,,,,,,,,,,,,,,,,,,,,,,,,,,,,,,,,,,,,,,,,,,,,,,,,,,,,,,,,,,,,,,,,,,,,,,,,,,,,,,,,,,,,,,,,,,,,,,,,,,,,,,,,,,,,,,,,,,,,,,,,,,,,,,,,,,,,,,,,,,,,,,,,,,,,,,,,,,,,,,,,,,,,,,,,,,,,,,,,,,,,,,,,,,,,,,,,,,,,,,,,,,,,,,,,,,,,,,,,,,,,,,,,,,,,,,,,,,,,,,,,,,,,,,,,,,,,,,,,,,,,,,,,,,,,,,,,,,,,,,,,,,,,,,,
S800H ENC,102-103,Grado di protezione,S800H ENC CBAC 100°,108720,IP67,S800H ENC SBW 100°,108724,IP67,S800H ENC CBAC 180°,108722,IP67,S800H ENC SBW 180°,108725,IP67,,,,,,,,,,,,,,,,,,,,,,,,,,,,,,,,,,,,,,,,,,,,,,,,,,,,,,,,,,,,,,,,,,,,,,,,,,,,,,,,,,,,,,,,,,,,,,,,,,,,,,,,,,,,,,,,,,,,,,,,,,,,,,,,,,,,,,,,,,,,,,,,,,,,,,,,,,,,,,,,,,,,,,,,,,,,,,,,,,,,,,,,,,,,,,,,,,,,,,,,,,,,,,,,,,,,,,,,,,,,,,,,,,,,,,,,,,,,,,,,,,,,,,,,,,,,,,,,,,,,,,,,,,,,,,,,,,,,,,,,,,,,,,,,,,,,,,,,,,,,,,,,,,,,,,,,,,,,,,,,,,,,
S800H ENC,102-103,Peso,S800H ENC CBAC 100°,108720,14 Kg,S800H ENC SBW 100°,108724,15 Kg,S800H ENC CBAC 180°,108722,15 Kg,S800H ENC SBW 180°,108725,15 Kg,,,,,,,,,,,,,,,,,,,,,,,,,,,,,,,,,,,,,,,,,,,,,,,,,,,,,,,,,,,,,,,,,,,,,,,,,,,,,,,,,,,,,,,,,,,,,,,,,,,,,,,,,,,,,,,,,,,,,,,,,,,,,,,,,,,,,,,,,,,,,,,,,,,,,,,,,,,,,,,,,,,,,,,,,,,,,,,,,,,,,,,,,,,,,,,,,,,,,,,,,,,,,,,,,,,,,,,,,,,,,,,,,,,,,,,,,,,,,,,,,,,,,,,,,,,,,,,,,,,,,,,,,,,,,,,,,,,,,,,,,,,,,,,,,,,,,,,,,,,,,,,,,,,,,,,,,,,,,,,,,,,,
S800H ENC,102-103,Frequenza di utilizzo,S800H ENC CBAC 100°,108720,Uso continuo,S800H ENC SBW 100°,108724,Uso continuo,S800H ENC CBAC 180°,108722,Uso continuo,S800H ENC SBW 180°,108725,Uso continuo,,,,,,,,,,,,,,,,,,,,,,,,,,,,,,,,,,,,,,,,,,,,,,,,,,,,,,,,,,,,,,,,,,,,,,,,,,,,,,,,,,,,,,,,,,,,,,,,,,,,,,,,,,,,,,,,,,,,,,,,,,,,,,,,,,,,,,,,,,,,,,,,,,,,,,,,,,,,,,,,,,,,,,,,,,,,,,,,,,,,,,,,,,,,,,,,,,,,,,,,,,,,,,,,,,,,,,,,,,,,,,,,,,,,,,,,,,,,,,,,,,,,,,,,,,,,,,,,,,,,,,,,,,,,,,,,,,,,,,,,,,,,,,,,,,,,,,,,,,,,,,,,,,,,,,,,,,,,,,,,,,,,
S800H ENC,102-103,Larghezza max anta,S800H ENC CBAC 100°,108720,2 m,S800H ENC SBW 100°,108724,4 m,S800H ENC CBAC 180°,108722,2 m,S800H ENC SBW 180°,108725,4 m,,,,,,,,,,,,,,,,,,,,,,,,,,,,,,,,,,,,,,,,,,,,,,,,,,,,,,,,,,,,,,,,,,,,,,,,,,,,,,,,,,,,,,,,,,,,,,,,,,,,,,,,,,,,,,,,,,,,,,,,,,,,,,,,,,,,,,,,,,,,,,,,,,,,,,,,,,,,,,,,,,,,,,,,,,,,,,,,,,,,,,,,,,,,,,,,,,,,,,,,,,,,,,,,,,,,,,,,,,,,,,,,,,,,,,,,,,,,,,,,,,,,,,,,,,,,,,,,,,,,,,,,,,,,,,,,,,,,,,,,,,,,,,,,,,,,,,,,,,,,,,,,,,,,,,,,,,,,,,,,,,,,
S800H ENC,102-103,Tipo di olio,S800H ENC CBAC 100°,108720,FAAC HP OIL,S800H ENC SBW 100°,108724,FAAC HP OIL,S800H ENC CBAC 180°,108722,FAAC HP OIL,S800H ENC SBW 180°,108725,FAAC HP OIL,,,,,,,,,,,,,,,,,,,,,,,,,,,,,,,,,,,,,,,,,,,,,,,,,,,,,,,,,,,,,,,,,,,,,,,,,,,,,,,,,,,,,,,,,,,,,,,,,,,,,,,,,,,,,,,,,,,,,,,,,,,,,,,,,,,,,,,,,,,,,,,,,,,,,,,,,,,,,,,,,,,,,,,,,,,,,,,,,,,,,,,,,,,,,,,,,,,,,,,,,,,,,,,,,,,,,,,,,,,,,,,,,,,,,,,,,,,,,,,,,,,,,,,,,,,,,,,,,,,,,,,,,,,,,,,,,,,,,,,,,,,,,,,,,,,,,,,,,,,,,,,,,,,,,,,,,,,,,,,,,,,,
S800H ENC,102-103,Dimensioni (LxPxH),S800H ENC CBAC 100°,108720,Attuatore 380 x 220 x 160 - cassetta portante 507 x 283 x 200 mm,S800H ENC SBW 100°,108724,Attuatore 450 x 220 x 160 - cassetta portante 507 x 283 x 200 mm,S800H ENC CBAC 180°,108722,Attuatore 450 x 220 x 160 - cassetta portante 507 x 283 x 200 mm,S800H ENC SBW 180°,108725,Attuatore 450 x 220 x 160 - cassetta portante 507 x 283 x 200 mm,,,,,,,,,,,,,,,,,,,,,,,,,,,,,,,,,,,,,,,,,,,,,,,,,,,,,,,,,,,,,,,,,,,,,,,,,,,,,,,,,,,,,,,,,,,,,,,,,,,,,,,,,,,,,,,,,,,,,,,,,,,,,,,,,,,,,,,,,,,,,,,,,,,,,,,,,,,,,,,,,,,,,,,,,,,,,,,,,,,,,,,,,,,,,,,,,,,,,,,,,,,,,,,,,,,,,,,,,,,,,,,,,,,,,,,,,,,,,,,,,,,,,,,,,,,,,,,,,,,,,,,,,,,,,,,,,,,,,,,,,,,,,,,,,,,,,,,,,,,,,,,,,,,,,,,,,,,,,,,,,,,,
S800H ENC,102-103,Apparecchiatura elettronica,S800H ENC CBAC 100°,108720,Non compresa,S800H ENC SBW 100°,108724,Non compresa,S800H ENC CBAC 180°,108722,Non compresa,S800H ENC SBW 180°,108725,Non compresa,,,,,,,,,,,,,,,,,,,,,,,,,,,,,,,,,,,,,,,,,,,,,,,,,,,,,,,,,,,,,,,,,,,,,,,,,,,,,,,,,,,,,,,,,,,,,,,,,,,,,,,,,,,,,,,,,,,,,,,,,,,,,,,,,,,,,,,,,,,,,,,,,,,,,,,,,,,,,,,,,,,,,,,,,,,,,,,,,,,,,,,,,,,,,,,,,,,,,,,,,,,,,,,,,,,,,,,,,,,,,,,,,,,,,,,,,,,,,,,,,,,,,,,,,,,,,,,,,,,,,,,,,,,,,,,,,,,,,,,,,,,,,,,,,,,,,,,,,,,,,,,,,,,,,,,,,,,,,,,,,,,,
S800 ENC,104-106,Tensione di alimentazione di rete,S800 ENC CBAC 100°,108800,220-240V~ 50/60 Hz,S800 ENC SBW 100°,108802,220-240V~ 50/60 Hz,S800 ENC CBAC 180°,108801,220-240V~ 50/60 Hz,S800 ENC SBW 180°,108803,220-240V~ 50/60 Hz,,,,,,,,,,,,,,,,,,,,,,,,,,,,,,,,,,,,,,,,,,,,,,,,,,,,,,,,,,,,,,,,,,,,,,,,,,,,,,,,,,,,,,,,,,,,,,,,,,,,,,,,,,,,,,,,,,,,,,,,,,,,,,,,,,,,,,,,,,,,,,,,,,,,,,,,,,,,,,,,,,,,,,,,,,,,,,,,,,,,,,,,,,,,,,,,,,,,,,,,,,,,,,,,,,,,,,,,,,,,,,,,,,,,,,,,,,,,,,,,,,,,,,,,,,,,,,,,,,,,,,,,,,,,,,,,,,,,,,,,,,,,,,,,,,,,,,,,,,,,,,,,,,,,,,,,,,,,,,,,,,,,
S800 ENC,104-106,Motore elettrico,S800 ENC CBAC 100°,108800,Asincrono monofase,S800 ENC SBW 100°,108802,Asincrono monofase,S800 ENC CBAC 180°,108801,Asincrono monofase,S800 ENC SBW 180°,108803,Asincrono monofase,,,,,,,,,,,,,,,,,,,,,,,,,,,,,,,,,,,,,,,,,,,,,,,,,,,,,,,,,,,,,,,,,,,,,,,,,,,,,,,,,,,,,,,,,,,,,,,,,,,,,,,,,,,,,,,,,,,,,,,,,,,,,,,,,,,,,,,,,,,,,,,,,,,,,,,,,,,,,,,,,,,,,,,,,,,,,,,,,,,,,,,,,,,,,,,,,,,,,,,,,,,,,,,,,,,,,,,,,,,,,,,,,,,,,,,,,,,,,,,,,,,,,,,,,,,,,,,,,,,,,,,,,,,,,,,,,,,,,,,,,,,,,,,,,,,,,,,,,,,,,,,,,,,,,,,,,,,,,,,,,,,,
S800 ENC,104-106,Potenza max,S800 ENC CBAC 100°,108800,220 W,S800 ENC SBW 100°,108802,220 W,S800 ENC CBAC 180°,108801,220 W,S800 ENC SBW 180°,108803,220 W,,,,,,,,,,,,,,,,,,,,,,,,,,,,,,,,,,,,,,,,,,,,,,,,,,,,,,,,,,,,,,,,,,,,,,,,,,,,,,,,,,,,,,,,,,,,,,,,,,,,,,,,,,,,,,,,,,,,,,,,,,,,,,,,,,,,,,,,,,,,,,,,,,,,,,,,,,,,,,,,,,,,,,,,,,,,,,,,,,,,,,,,,,,,,,,,,,,,,,,,,,,,,,,,,,,,,,,,,,,,,,,,,,,,,,,,,,,,,,,,,,,,,,,,,,,,,,,,,,,,,,,,,,,,,,,,,,,,,,,,,,,,,,,,,,,,,,,,,,,,,,,,,,,,,,,,,,,,,,,,,,,,
S800 ENC,104-106,Velocità angolare max,S800 ENC CBAC 100°,108800,"7,8°/s",S800 ENC SBW 100°,108802,"7,8°/s",S800 ENC CBAC 180°,108801,"7,8°/s",S800 ENC SBW 180°,108803,"7,8°/s",,,,,,,,,,,,,,,,,,,,,,,,,,,,,,,,,,,,,,,,,,,,,,,,,,,,,,,,,,,,,,,,,,,,,,,,,,,,,,,,,,,,,,,,,,,,,,,,,,,,,,,,,,,,,,,,,,,,,,,,,,,,,,,,,,,,,,,,,,,,,,,,,,,,,,,,,,,,,,,,,,,,,,,,,,,,,,,,,,,,,,,,,,,,,,,,,,,,,,,,,,,,,,,,,,,,,,,,,,,,,,,,,,,,,,,,,,,,,,,,,,,,,,,,,,,,,,,,,,,,,,,,,,,,,,,,,,,,,,,,,,,,,,,,,,,,,,,,,,,,,,,,,,,,,,,,,,,,,,,,,,,,
S800 ENC,104-106,Peso max anta,S800 ENC CBAC 100°,108800,800 Kg,S800 ENC SBW 100°,108802,800 Kg,S800 ENC CBAC 180°,108801,800 Kg,S800 ENC SBW 180°,108803,800 Kg,,,,,,,,,,,,,,,,,,,,,,,,,,,,,,,,,,,,,,,,,,,,,,,,,,,,,,,,,,,,,,,,,,,,,,,,,,,,,,,,,,,,,,,,,,,,,,,,,,,,,,,,,,,,,,,,,,,,,,,,,,,,,,,,,,,,,,,,,,,,,,,,,,,,,,,,,,,,,,,,,,,,,,,,,,,,,,,,,,,,,,,,,,,,,,,,,,,,,,,,,,,,,,,,,,,,,,,,,,,,,,,,,,,,,,,,,,,,,,,,,,,,,,,,,,,,,,,,,,,,,,,,,,,,,,,,,,,,,,,,,,,,,,,,,,,,,,,,,,,,,,,,,,,,,,,,,,,,,,,,,,,,
S800 ENC,104-106,Temperatura ambiente di esercizio,S800 ENC CBAC 100°,108800,-20°C ÷ +55°C,S800 ENC SBW 100°,108802,-20°C ÷ +55°C,S800 ENC CBAC 180°,108801,-20°C ÷ +55°C,S800 ENC SBW 180°,108803,-20°C ÷ +55°C,,,,,,,,,,,,,,,,,,,,,,,,,,,,,,,,,,,,,,,,,,,,,,,,,,,,,,,,,,,,,,,,,,,,,,,,,,,,,,,,,,,,,,,,,,,,,,,,,,,,,,,,,,,,,,,,,,,,,,,,,,,,,,,,,,,,,,,,,,,,,,,,,,,,,,,,,,,,,,,,,,,,,,,,,,,,,,,,,,,,,,,,,,,,,,,,,,,,,,,,,,,,,,,,,,,,,,,,,,,,,,,,,,,,,,,,,,,,,,,,,,,,,,,,,,,,,,,,,,,,,,,,,,,,,,,,,,,,,,,,,,,,,,,,,,,,,,,,,,,,,,,,,,,,,,,,,,,,,,,,,,,,
S800 ENC,104-106,Grado di protezione,S800 ENC CBAC 100°,108800,IP67,S800 ENC SBW 100°,108802,IP67,S800 ENC CBAC 180°,108801,IP67,S800 ENC SBW 180°,108803,IP67,,,,,,,,,,,,,,,,,,,,,,,,,,,,,,,,,,,,,,,,,,,,,,,,,,,,,,,,,,,,,,,,,,,,,,,,,,,,,,,,,,,,,,,,,,,,,,,,,,,,,,,,,,,,,,,,,,,,,,,,,,,,,,,,,,,,,,,,,,,,,,,,,,,,,,,,,,,,,,,,,,,,,,,,,,,,,,,,,,,,,,,,,,,,,,,,,,,,,,,,,,,,,,,,,,,,,,,,,,,,,,,,,,,,,,,,,,,,,,,,,,,,,,,,,,,,,,,,,,,,,,,,,,,,,,,,,,,,,,,,,,,,,,,,,,,,,,,,,,,,,,,,,,,,,,,,,,,,,,,,,,,,
S800 ENC,104-106,Peso,S800 ENC CBAC 100°,108800,16 Kg,S800 ENC SBW 100°,108802,"16,5 Kg",S800 ENC CBAC 180°,108801,"16,5 Kg",S800 ENC SBW 180°,108803,"16,5 Kg",,,,,,,,,,,,,,,,,,,,,,,,,,,,,,,,,,,,,,,,,,,,,,,,,,,,,,,,,,,,,,,,,,,,,,,,,,,,,,,,,,,,,,,,,,,,,,,,,,,,,,,,,,,,,,,,,,,,,,,,,,,,,,,,,,,,,,,,,,,,,,,,,,,,,,,,,,,,,,,,,,,,,,,,,,,,,,,,,,,,,,,,,,,,,,,,,,,,,,,,,,,,,,,,,,,,,,,,,,,,,,,,,,,,,,,,,,,,,,,,,,,,,,,,,,,,,,,,,,,,,,,,,,,,,,,,,,,,,,,,,,,,,,,,,,,,,,,,,,,,,,,,,,,,,,,,,,,,,,,,,,,,
S800 ENC,104-106,Frequenza di utilizzo,S800 ENC CBAC 100°,108800,45 cicli/ora,S800 ENC SBW 100°,108802,30 cicli/ora,S800 ENC CBAC 180°,108801,30 cicli/ora,S800 ENC SBW 180°,108803,30 cicli/ora,,,,,,,,,,,,,,,,,,,,,,,,,,,,,,,,,,,,,,,,,,,,,,,,,,,,,,,,,,,,,,,,,,,,,,,,,,,,,,,,,,,,,,,,,,,,,,,,,,,,,,,,,,,,,,,,,,,,,,,,,,,,,,,,,,,,,,,,,,,,,,,,,,,,,,,,,,,,,,,,,,,,,,,,,,,,,,,,,,,,,,,,,,,,,,,,,,,,,,,,,,,,,,,,,,,,,,,,,,,,,,,,,,,,,,,,,,,,,,,,,,,,,,,,,,,,,,,,,,,,,,,,,,,,,,,,,,,,,,,,,,,,,,,,,,,,,,,,,,,,,,,,,,,,,,,,,,,,,,,,,,,,
S800 ENC,104-106,Larghezza max anta,S800 ENC CBAC 100°,108800,2 m,S800 ENC SBW 100°,108802,4 m,S800 ENC CBAC 180°,108801,2 m,S800 ENC SBW 180°,108803,4 m,,,,,,,,,,,,,,,,,,,,,,,,,,,,,,,,,,,,,,,,,,,,,,,,,,,,,,,,,,,,,,,,,,,,,,,,,,,,,,,,,,,,,,,,,,,,,,,,,,,,,,,,,,,,,,,,,,,,,,,,,,,,,,,,,,,,,,,,,,,,,,,,,,,,,,,,,,,,,,,,,,,,,,,,,,,,,,,,,,,,,,,,,,,,,,,,,,,,,,,,,,,,,,,,,,,,,,,,,,,,,,,,,,,,,,,,,,,,,,,,,,,,,,,,,,,,,,,,,,,,,,,,,,,,,,,,,,,,,,,,,,,,,,,,,,,,,,,,,,,,,,,,,,,,,,,,,,,,,,,,,,,,
S800 ENC,104-106,Tipo di olio,S800 ENC CBAC 100°,108800,FAAC HP OIL,S800 ENC SBW 100°,108802,FAAC HP OIL,S800 ENC CBAC 180°,108801,FAAC HP OIL,S800 ENC SBW 180°,108803,FAAC HP OIL,,,,,,,,,,,,,,,,,,,,,,,,,,,,,,,,,,,,,,,,,,,,,,,,,,,,,,,,,,,,,,,,,,,,,,,,,,,,,,,,,,,,,,,,,,,,,,,,,,,,,,,,,,,,,,,,,,,,,,,,,,,,,,,,,,,,,,,,,,,,,,,,,,,,,,,,,,,,,,,,,,,,,,,,,,,,,,,,,,,,,,,,,,,,,,,,,,,,,,,,,,,,,,,,,,,,,,,,,,,,,,,,,,,,,,,,,,,,,,,,,,,,,,,,,,,,,,,,,,,,,,,,,,,,,,,,,,,,,,,,,,,,,,,,,,,,,,,,,,,,,,,,,,,,,,,,,,,,,,,,,,,,
S800 ENC,104-106,Dimensioni (LxPxH),S800 ENC CBAC 100°,108800,Attuatore 380 x 220 x 160 - cassetta portante 507 x 283 x 200 mm,S800 ENC SBW 100°,108802,Attuatore 450 x 220 x 160 - cassetta portante 507 x 283 x 200 mm,S800 ENC CBAC 180°,108801,Attuatore 450 x 220 x 160 - cassetta portante 507 x 283 x 200 mm,S800 ENC SBW 180°,108803,Attuatore 450 x 220 x 160 - cassetta portante 507 x 283 x 200 mm,,,,,,,,,,,,,,,,,,,,,,,,,,,,,,,,,,,,,,,,,,,,,,,,,,,,,,,,,,,,,,,,,,,,,,,,,,,,,,,,,,,,,,,,,,,,,,,,,,,,,,,,,,,,,,,,,,,,,,,,,,,,,,,,,,,,,,,,,,,,,,,,,,,,,,,,,,,,,,,,,,,,,,,,,,,,,,,,,,,,,,,,,,,,,,,,,,,,,,,,,,,,,,,,,,,,,,,,,,,,,,,,,,,,,,,,,,,,,,,,,,,,,,,,,,,,,,,,,,,,,,,,,,,,,,,,,,,,,,,,,,,,,,,,,,,,,,,,,,,,,,,,,,,,,,,,,,,,,,,,,,,,
S800 ENC,104-106,Apparecchiatura elettronica,S800 ENC CBAC 100°,108800,Non compresa,S800 ENC SBW 100°,108802,Non compresa,S800 ENC CBAC 180°,108801,Non compresa,S800 ENC SBW 180°,108803,Non compresa,,,,,,,,,,,,,,,,,,,,,,,,,,,,,,,,,,,,,,,,,,,,,,,,,,,,,,,,,,,,,,,,,,,,,,,,,,,,,,,,,,,,,,,,,,,,,,,,,,,,,,,,,,,,,,,,,,,,,,,,,,,,,,,,,,,,,,,,,,,,,,,,,,,,,,,,,,,,,,,,,,,,,,,,,,,,,,,,,,,,,,,,,,,,,,,,,,,,,,,,,,,,,,,,,,,,,,,,,,,,,,,,,,,,,,,,,,,,,,,,,,,,,,,,,,,,,,,,,,,,,,,,,,,,,,,,,,,,,,,,,,,,,,,,,,,,,,,,,,,,,,,,,,,,,,,,,,,,,,,,,,,,
C4000I,108-109,Tensione di alimentazione di rete,C4000I,109001,220-240V ~ 50/60 Hz,,,,,,,,,,,,,,,,,,,,,,,,,,,,,,,,,,,,,,,,,,,,,,,,,,,,,,,,,,,,,,,,,,,,,,,,,,,,,,,,,,,,,,,,,,,,,,,,,,,,,,,,,,,,,,,,,,,,,,,,,,,,,,,,,,,,,,,,,,,,,,,,,,,,,,,,,,,,,,,,,,,,,,,,,,,,,,,,,,,,,,,,,,,,,,,,,,,,,,,,,,,,,,,,,,,,,,,,,,,,,,,,,,,,,,,,,,,,,,,,,,,,,,,,,,,,,,,,,,,,,,,,,,,,,,,,,,,,,,,,,,,,,,,,,,,,,,,,,,,,,,,,,,,,,,,,,,,,,,,,,,,,,,,,,,,,,
C4000I,108-109,Motore elettrico,C4000I,109001,24 V,,,,,,,,,,,,,,,,,,,,,,,,,,,,,,,,,,,,,,,,,,,,,,,,,,,,,,,,,,,,,,,,,,,,,,,,,,,,,,,,,,,,,,,,,,,,,,,,,,,,,,,,,,,,,,,,,,,,,,,,,,,,,,,,,,,,,,,,,,,,,,,,,,,,,,,,,,,,,,,,,,,,,,,,,,,,,,,,,,,,,,,,,,,,,,,,,,,,,,,,,,,,,,,,,,,,,,,,,,,,,,,,,,,,,,,,,,,,,,,,,,,,,,,,,,,,,,,,,,,,,,,,,,,,,,,,,,,,,,,,,,,,,,,,,,,,,,,,,,,,,,,,,,,,,,,,,,,,,,,,,,,,,,,,,,,,,
C4000I,108-109,Potenza max,C4000I,109001,150 W,,,,,,,,,,,,,,,,,,,,,,,,,,,,,,,,,,,,,,,,,,,,,,,,,,,,,,,,,,,,,,,,,,,,,,,,,,,,,,,,,,,,,,,,,,,,,,,,,,,,,,,,,,,,,,,,,,,,,,,,,,,,,,,,,,,,,,,,,,,,,,,,,,,,,,,,,,,,,,,,,,,,,,,,,,,,,,,,,,,,,,,,,,,,,,,,,,,,,,,,,,,,,,,,,,,,,,,,,,,,,,,,,,,,,,,,,,,,,,,,,,,,,,,,,,,,,,,,,,,,,,,,,,,,,,,,,,,,,,,,,,,,,,,,,,,,,,,,,,,,,,,,,,,,,,,,,,,,,,,,,,,,,,,,,,,,,
C4000I,108-109,Forza max di spinta,C4000I,109001,125 N,,,,,,,,,,,,,,,,,,,,,,,,,,,,,,,,,,,,,,,,,,,,,,,,,,,,,,,,,,,,,,,,,,,,,,,,,,,,,,,,,,,,,,,,,,,,,,,,,,,,,,,,,,,,,,,,,,,,,,,,,,,,,,,,,,,,,,,,,,,,,,,,,,,,,,,,,,,,,,,,,,,,,,,,,,,,,,,,,,,,,,,,,,,,,,,,,,,,,,,,,,,,,,,,,,,,,,,,,,,,,,,,,,,,,,,,,,,,,,,,,,,,,,,,,,,,,,,,,,,,,,,,,,,,,,,,,,,,,,,,,,,,,,,,,,,,,,,,,,,,,,,,,,,,,,,,,,,,,,,,,,,,,,,,,,,,,
C4000I,108-109,Pignone,C4000I,109001,Z16 modulo 4,,,,,,,,,,,,,,,,,,,,,,,,,,,,,,,,,,,,,,,,,,,,,,,,,,,,,,,,,,,,,,,,,,,,,,,,,,,,,,,,,,,,,,,,,,,,,,,,,,,,,,,,,,,,,,,,,,,,,,,,,,,,,,,,,,,,,,,,,,,,,,,,,,,,,,,,,,,,,,,,,,,,,,,,,,,,,,,,,,,,,,,,,,,,,,,,,,,,,,,,,,,,,,,,,,,,,,,,,,,,,,,,,,,,,,,,,,,,,,,,,,,,,,,,,,,,,,,,,,,,,,,,,,,,,,,,,,,,,,,,,,,,,,,,,,,,,,,,,,,,,,,,,,,,,,,,,,,,,,,,,,,,,,,,,,,,,
C4000I,108-109,Larghezza max anta,C4000I,109001,8 m,,,,,,,,,,,,,,,,,,,,,,,,,,,,,,,,,,,,,,,,,,,,,,,,,,,,,,,,,,,,,,,,,,,,,,,,,,,,,,,,,,,,,,,,,,,,,,,,,,,,,,,,,,,,,,,,,,,,,,,,,,,,,,,,,,,,,,,,,,,,,,,,,,,,,,,,,,,,,,,,,,,,,,,,,,,,,,,,,,,,,,,,,,,,,,,,,,,,,,,,,,,,,,,,,,,,,,,,,,,,,,,,,,,,,,,,,,,,,,,,,,,,,,,,,,,,,,,,,,,,,,,,,,,,,,,,,,,,,,,,,,,,,,,,,,,,,,,,,,,,,,,,,,,,,,,,,,,,,,,,,,,,,,,,,,,,,
C4000I,108-109,Peso max anta,C4000I,109001,400 kg,,,,,,,,,,,,,,,,,,,,,,,,,,,,,,,,,,,,,,,,,,,,,,,,,,,,,,,,,,,,,,,,,,,,,,,,,,,,,,,,,,,,,,,,,,,,,,,,,,,,,,,,,,,,,,,,,,,,,,,,,,,,,,,,,,,,,,,,,,,,,,,,,,,,,,,,,,,,,,,,,,,,,,,,,,,,,,,,,,,,,,,,,,,,,,,,,,,,,,,,,,,,,,,,,,,,,,,,,,,,,,,,,,,,,,,,,,,,,,,,,,,,,,,,,,,,,,,,,,,,,,,,,,,,,,,,,,,,,,,,,,,,,,,,,,,,,,,,,,,,,,,,,,,,,,,,,,,,,,,,,,,,,,,,,,,,,
C4000I,108-109,Peso max anta cantilever,C4000I,109001,250 kg,,,,,,,,,,,,,,,,,,,,,,,,,,,,,,,,,,,,,,,,,,,,,,,,,,,,,,,,,,,,,,,,,,,,,,,,,,,,,,,,,,,,,,,,,,,,,,,,,,,,,,,,,,,,,,,,,,,,,,,,,,,,,,,,,,,,,,,,,,,,,,,,,,,,,,,,,,,,,,,,,,,,,,,,,,,,,,,,,,,,,,,,,,,,,,,,,,,,,,,,,,,,,,,,,,,,,,,,,,,,,,,,,,,,,,,,,,,,,,,,,,,,,,,,,,,,,,,,,,,,,,,,,,,,,,,,,,,,,,,,,,,,,,,,,,,,,,,,,,,,,,,,,,,,,,,,,,,,,,,,,,,,,,,,,,,,,
C4000I,108-109,Velocità dell'anta,C4000I,109001,16 m/min,,,,,,,,,,,,,,,,,,,,,,,,,,,,,,,,,,,,,,,,,,,,,,,,,,,,,,,,,,,,,,,,,,,,,,,,,,,,,,,,,,,,,,,,,,,,,,,,,,,,,,,,,,,,,,,,,,,,,,,,,,,,,,,,,,,,,,,,,,,,,,,,,,,,,,,,,,,,,,,,,,,,,,,,,,,,,,,,,,,,,,,,,,,,,,,,,,,,,,,,,,,,,,,,,,,,,,,,,,,,,,,,,,,,,,,,,,,,,,,,,,,,,,,,,,,,,,,,,,,,,,,,,,,,,,,,,,,,,,,,,,,,,,,,,,,,,,,,,,,,,,,,,,,,,,,,,,,,,,,,,,,,,,,,,,,,,
C4000I,108-109,Temperatura ambiente di esercizio,C4000I,109001,-20 °C +55 °C,,,,,,,,,,,,,,,,,,,,,,,,,,,,,,,,,,,,,,,,,,,,,,,,,,,,,,,,,,,,,,,,,,,,,,,,,,,,,,,,,,,,,,,,,,,,,,,,,,,,,,,,,,,,,,,,,,,,,,,,,,,,,,,,,,,,,,,,,,,,,,,,,,,,,,,,,,,,,,,,,,,,,,,,,,,,,,,,,,,,,,,,,,,,,,,,,,,,,,,,,,,,,,,,,,,,,,,,,,,,,,,,,,,,,,,,,,,,,,,,,,,,,,,,,,,,,,,,,,,,,,,,,,,,,,,,,,,,,,,,,,,,,,,,,,,,,,,,,,,,,,,,,,,,,,,,,,,,,,,,,,,,,,,,,,,,,
C4000I,108-109,Tipo di utilizzo,C4000I,109001,Residenziale,,,,,,,,,,,,,,,,,,,,,,,,,,,,,,,,,,,,,,,,,,,,,,,,,,,,,,,,,,,,,,,,,,,,,,,,,,,,,,,,,,,,,,,,,,,,,,,,,,,,,,,,,,,,,,,,,,,,,,,,,,,,,,,,,,,,,,,,,,,,,,,,,,,,,,,,,,,,,,,,,,,,,,,,,,,,,,,,,,,,,,,,,,,,,,,,,,,,,,,,,,,,,,,,,,,,,,,,,,,,,,,,,,,,,,,,,,,,,,,,,,,,,,,,,,,,,,,,,,,,,,,,,,,,,,,,,,,,,,,,,,,,,,,,,,,,,,,,,,,,,,,,,,,,,,,,,,,,,,,,,,,,,,,,,,,,,
C4000I,108-109,Tempo di utilizzo continuo (ROT),C4000I,109001,Continuo,,,,,,,,,,,,,,,,,,,,,,,,,,,,,,,,,,,,,,,,,,,,,,,,,,,,,,,,,,,,,,,,,,,,,,,,,,,,,,,,,,,,,,,,,,,,,,,,,,,,,,,,,,,,,,,,,,,,,,,,,,,,,,,,,,,,,,,,,,,,,,,,,,,,,,,,,,,,,,,,,,,,,,,,,,,,,,,,,,,,,,,,,,,,,,,,,,,,,,,,,,,,,,,,,,,,,,,,,,,,,,,,,,,,,,,,,,,,,,,,,,,,,,,,,,,,,,,,,,,,,,,,,,,,,,,,,,,,,,,,,,,,,,,,,,,,,,,,,,,,,,,,,,,,,,,,,,,,,,,,,,,,,,,,,,,,,
C4000I,108-109,Grado di protezione,C4000I,109001,IP30,,,,,,,,,,,,,,,,,,,,,,,,,,,,,,,,,,,,,,,,,,,,,,,,,,,,,,,,,,,,,,,,,,,,,,,,,,,,,,,,,,,,,,,,,,,,,,,,,,,,,,,,,,,,,,,,,,,,,,,,,,,,,,,,,,,,,,,,,,,,,,,,,,,,,,,,,,,,,,,,,,,,,,,,,,,,,,,,,,,,,,,,,,,,,,,,,,,,,,,,,,,,,,,,,,,,,,,,,,,,,,,,,,,,,,,,,,,,,,,,,,,,,,,,,,,,,,,,,,,,,,,,,,,,,,,,,,,,,,,,,,,,,,,,,,,,,,,,,,,,,,,,,,,,,,,,,,,,,,,,,,,,,,,,,,,,,
C4000I,108-109,Dimensioni (LxPxH),C4000I,109001,110 x 180 x 250 mm,,,,,,,,,,,,,,,,,,,,,,,,,,,,,,,,,,,,,,,,,,,,,,,,,,,,,,,,,,,,,,,,,,,,,,,,,,,,,,,,,,,,,,,,,,,,,,,,,,,,,,,,,,,,,,,,,,,,,,,,,,,,,,,,,,,,,,,,,,,,,,,,,,,,,,,,,,,,,,,,,,,,,,,,,,,,,,,,,,,,,,,,,,,,,,,,,,,,,,,,,,,,,,,,,,,,,,,,,,,,,,,,,,,,,,,,,,,,,,,,,,,,,,,,,,,,,,,,,,,,,,,,,,,,,,,,,,,,,,,,,,,,,,,,,,,,,,,,,,,,,,,,,,,,,,,,,,,,,,,,,,,,,,,,,,,,,
C4000I,108-109,Peso,C4000I,109001,"3,5 kg",,,,,,,,,,,,,,,,,,,,,,,,,,,,,,,,,,,,,,,,,,,,,,,,,,,,,,,,,,,,,,,,,,,,,,,,,,,,,,,,,,,,,,,,,,,,,,,,,,,,,,,,,,,,,,,,,,,,,,,,,,,,,,,,,,,,,,,,,,,,,,,,,,,,,,,,,,,,,,,,,,,,,,,,,,,,,,,,,,,,,,,,,,,,,,,,,,,,,,,,,,,,,,,,,,,,,,,,,,,,,,,,,,,,,,,,,,,,,,,,,,,,,,,,,,,,,,,,,,,,,,,,,,,,,,,,,,,,,,,,,,,,,,,,,,,,,,,,,,,,,,,,,,,,,,,,,,,,,,,,,,,,,,,,,,,,,
C720,110-111,Tensione di alimentazione di rete,C720 24V,109320,220-240V~ 50/60 Hz,,,,,,,,,,,,,,,,,,,,,,,,,,,,,,,,,,,,,,,,,,,,,,,,,,,,,,,,,,,,,,,,,,,,,,,,,,,,,,,,,,,,,,,,,,,,,,,,,,,,,,,,,,,,,,,,,,,,,,,,,,,,,,,,,,,,,,,,,,,,,,,,,,,,,,,,,,,,,,,,,,,,,,,,,,,,,,,,,,,,,,,,,,,,,,,,,,,,,,,,,,,,,,,,,,,,,,,,,,,,,,,,,,,,,,,,,,,,,,,,,,,,,,,,,,,,,,,,,,,,,,,,,,,,,,,,,,,,,,,,,,,,,,,,,,,,,,,,,,,,,,,,,,,,,,,,,,,,,,,,,,,,,,,,,,,,,
C720,110-111,Motore elettrico,C720 24V,109320,Motore a spazzole 24V,,,,,,,,,,,,,,,,,,,,,,,,,,,,,,,,,,,,,,,,,,,,,,,,,,,,,,,,,,,,,,,,,,,,,,,,,,,,,,,,,,,,,,,,,,,,,,,,,,,,,,,,,,,,,,,,,,,,,,,,,,,,,,,,,,,,,,,,,,,,,,,,,,,,,,,,,,,,,,,,,,,,,,,,,,,,,,,,,,,,,,,,,,,,,,,,,,,,,,,,,,,,,,,,,,,,,,,,,,,,,,,,,,,,,,,,,,,,,,,,,,,,,,,,,,,,,,,,,,,,,,,,,,,,,,,,,,,,,,,,,,,,,,,,,,,,,,,,,,,,,,,,,,,,,,,,,,,,,,,,,,,,,,,,,,,,,
C720,110-111,Potenza max,C720 24V,109320,170 W,,,,,,,,,,,,,,,,,,,,,,,,,,,,,,,,,,,,,,,,,,,,,,,,,,,,,,,,,,,,,,,,,,,,,,,,,,,,,,,,,,,,,,,,,,,,,,,,,,,,,,,,,,,,,,,,,,,,,,,,,,,,,,,,,,,,,,,,,,,,,,,,,,,,,,,,,,,,,,,,,,,,,,,,,,,,,,,,,,,,,,,,,,,,,,,,,,,,,,,,,,,,,,,,,,,,,,,,,,,,,,,,,,,,,,,,,,,,,,,,,,,,,,,,,,,,,,,,,,,,,,,,,,,,,,,,,,,,,,,,,,,,,,,,,,,,,,,,,,,,,,,,,,,,,,,,,,,,,,,,,,,,,,,,,,,,,
C720,110-111,Coppia max,C720 24V,109320,18 Nm,,,,,,,,,,,,,,,,,,,,,,,,,,,,,,,,,,,,,,,,,,,,,,,,,,,,,,,,,,,,,,,,,,,,,,,,,,,,,,,,,,,,,,,,,,,,,,,,,,,,,,,,,,,,,,,,,,,,,,,,,,,,,,,,,,,,,,,,,,,,,,,,,,,,,,,,,,,,,,,,,,,,,,,,,,,,,,,,,,,,,,,,,,,,,,,,,,,,,,,,,,,,,,,,,,,,,,,,,,,,,,,,,,,,,,,,,,,,,,,,,,,,,,,,,,,,,,,,,,,,,,,,,,,,,,,,,,,,,,,,,,,,,,,,,,,,,,,,,,,,,,,,,,,,,,,,,,,,,,,,,,,,,,,,,,,,,
C720,110-111,Forza max di spinta,C720 24V,109320,320 N,,,,,,,,,,,,,,,,,,,,,,,,,,,,,,,,,,,,,,,,,,,,,,,,,,,,,,,,,,,,,,,,,,,,,,,,,,,,,,,,,,,,,,,,,,,,,,,,,,,,,,,,,,,,,,,,,,,,,,,,,,,,,,,,,,,,,,,,,,,,,,,,,,,,,,,,,,,,,,,,,,,,,,,,,,,,,,,,,,,,,,,,,,,,,,,,,,,,,,,,,,,,,,,,,,,,,,,,,,,,,,,,,,,,,,,,,,,,,,,,,,,,,,,,,,,,,,,,,,,,,,,,,,,,,,,,,,,,,,,,,,,,,,,,,,,,,,,,,,,,,,,,,,,,,,,,,,,,,,,,,,,,,,,,,,,,,
C720,110-111,Rapporto di riduzione,C720 24V,109320,1:49,,,,,,,,,,,,,,,,,,,,,,,,,,,,,,,,,,,,,,,,,,,,,,,,,,,,,,,,,,,,,,,,,,,,,,,,,,,,,,,,,,,,,,,,,,,,,,,,,,,,,,,,,,,,,,,,,,,,,,,,,,,,,,,,,,,,,,,,,,,,,,,,,,,,,,,,,,,,,,,,,,,,,,,,,,,,,,,,,,,,,,,,,,,,,,,,,,,,,,,,,,,,,,,,,,,,,,,,,,,,,,,,,,,,,,,,,,,,,,,,,,,,,,,,,,,,,,,,,,,,,,,,,,,,,,,,,,,,,,,,,,,,,,,,,,,,,,,,,,,,,,,,,,,,,,,,,,,,,,,,,,,,,,,,,,,,,
C720,110-111,Larghezza max anta,C720 24V,109320,15 m,,,,,,,,,,,,,,,,,,,,,,,,,,,,,,,,,,,,,,,,,,,,,,,,,,,,,,,,,,,,,,,,,,,,,,,,,,,,,,,,,,,,,,,,,,,,,,,,,,,,,,,,,,,,,,,,,,,,,,,,,,,,,,,,,,,,,,,,,,,,,,,,,,,,,,,,,,,,,,,,,,,,,,,,,,,,,,,,,,,,,,,,,,,,,,,,,,,,,,,,,,,,,,,,,,,,,,,,,,,,,,,,,,,,,,,,,,,,,,,,,,,,,,,,,,,,,,,,,,,,,,,,,,,,,,,,,,,,,,,,,,,,,,,,,,,,,,,,,,,,,,,,,,,,,,,,,,,,,,,,,,,,,,,,,,,,,
C720,110-111,Velocità dell'anta,C720 24V,109320,18 m/min (regolabile),,,,,,,,,,,,,,,,,,,,,,,,,,,,,,,,,,,,,,,,,,,,,,,,,,,,,,,,,,,,,,,,,,,,,,,,,,,,,,,,,,,,,,,,,,,,,,,,,,,,,,,,,,,,,,,,,,,,,,,,,,,,,,,,,,,,,,,,,,,,,,,,,,,,,,,,,,,,,,,,,,,,,,,,,,,,,,,,,,,,,,,,,,,,,,,,,,,,,,,,,,,,,,,,,,,,,,,,,,,,,,,,,,,,,,,,,,,,,,,,,,,,,,,,,,,,,,,,,,,,,,,,,,,,,,,,,,,,,,,,,,,,,,,,,,,,,,,,,,,,,,,,,,,,,,,,,,,,,,,,,,,,,,,,,,,,,
C720,110-111,Finecorsa,C720 24V,109320,Magnetico,,,,,,,,,,,,,,,,,,,,,,,,,,,,,,,,,,,,,,,,,,,,,,,,,,,,,,,,,,,,,,,,,,,,,,,,,,,,,,,,,,,,,,,,,,,,,,,,,,,,,,,,,,,,,,,,,,,,,,,,,,,,,,,,,,,,,,,,,,,,,,,,,,,,,,,,,,,,,,,,,,,,,,,,,,,,,,,,,,,,,,,,,,,,,,,,,,,,,,,,,,,,,,,,,,,,,,,,,,,,,,,,,,,,,,,,,,,,,,,,,,,,,,,,,,,,,,,,,,,,,,,,,,,,,,,,,,,,,,,,,,,,,,,,,,,,,,,,,,,,,,,,,,,,,,,,,,,,,,,,,,,,,,,,,,,,,
C720,110-111,Pignone,C720 24V,109320,Z28 modulo 4,,,,,,,,,,,,,,,,,,,,,,,,,,,,,,,,,,,,,,,,,,,,,,,,,,,,,,,,,,,,,,,,,,,,,,,,,,,,,,,,,,,,,,,,,,,,,,,,,,,,,,,,,,,,,,,,,,,,,,,,,,,,,,,,,,,,,,,,,,,,,,,,,,,,,,,,,,,,,,,,,,,,,,,,,,,,,,,,,,,,,,,,,,,,,,,,,,,,,,,,,,,,,,,,,,,,,,,,,,,,,,,,,,,,,,,,,,,,,,,,,,,,,,,,,,,,,,,,,,,,,,,,,,,,,,,,,,,,,,,,,,,,,,,,,,,,,,,,,,,,,,,,,,,,,,,,,,,,,,,,,,,,,,,,,,,,,
C720,110-111,Regolazione della forza,C720 24V,109320,Tramite scheda elettronica,,,,,,,,,,,,,,,,,,,,,,,,,,,,,,,,,,,,,,,,,,,,,,,,,,,,,,,,,,,,,,,,,,,,,,,,,,,,,,,,,,,,,,,,,,,,,,,,,,,,,,,,,,,,,,,,,,,,,,,,,,,,,,,,,,,,,,,,,,,,,,,,,,,,,,,,,,,,,,,,,,,,,,,,,,,,,,,,,,,,,,,,,,,,,,,,,,,,,,,,,,,,,,,,,,,,,,,,,,,,,,,,,,,,,,,,,,,,,,,,,,,,,,,,,,,,,,,,,,,,,,,,,,,,,,,,,,,,,,,,,,,,,,,,,,,,,,,,,,,,,,,,,,,,,,,,,,,,,,,,,,,,,,,,,,,,,
C720,110-111,Temperatura ambiente di esercizio,C720 24V,109320,-20°C ÷ +55°C,,,,,,,,,,,,,,,,,,,,,,,,,,,,,,,,,,,,,,,,,,,,,,,,,,,,,,,,,,,,,,,,,,,,,,,,,,,,,,,,,,,,,,,,,,,,,,,,,,,,,,,,,,,,,,,,,,,,,,,,,,,,,,,,,,,,,,,,,,,,,,,,,,,,,,,,,,,,,,,,,,,,,,,,,,,,,,,,,,,,,,,,,,,,,,,,,,,,,,,,,,,,,,,,,,,,,,,,,,,,,,,,,,,,,,,,,,,,,,,,,,,,,,,,,,,,,,,,,,,,,,,,,,,,,,,,,,,,,,,,,,,,,,,,,,,,,,,,,,,,,,,,,,,,,,,,,,,,,,,,,,,,,,,,,,,,,
C720,110-111,Grado di protezione,C720 24V,109320,IP44,,,,,,,,,,,,,,,,,,,,,,,,,,,,,,,,,,,,,,,,,,,,,,,,,,,,,,,,,,,,,,,,,,,,,,,,,,,,,,,,,,,,,,,,,,,,,,,,,,,,,,,,,,,,,,,,,,,,,,,,,,,,,,,,,,,,,,,,,,,,,,,,,,,,,,,,,,,,,,,,,,,,,,,,,,,,,,,,,,,,,,,,,,,,,,,,,,,,,,,,,,,,,,,,,,,,,,,,,,,,,,,,,,,,,,,,,,,,,,,,,,,,,,,,,,,,,,,,,,,,,,,,,,,,,,,,,,,,,,,,,,,,,,,,,,,,,,,,,,,,,,,,,,,,,,,,,,,,,,,,,,,,,,,,,,,,,
C720,110-111,Peso,C720 24V,109320,8 Kg,,,,,,,,,,,,,,,,,,,,,,,,,,,,,,,,,,,,,,,,,,,,,,,,,,,,,,,,,,,,,,,,,,,,,,,,,,,,,,,,,,,,,,,,,,,,,,,,,,,,,,,,,,,,,,,,,,,,,,,,,,,,,,,,,,,,,,,,,,,,,,,,,,,,,,,,,,,,,,,,,,,,,,,,,,,,,,,,,,,,,,,,,,,,,,,,,,,,,,,,,,,,,,,,,,,,,,,,,,,,,,,,,,,,,,,,,,,,,,,,,,,,,,,,,,,,,,,,,,,,,,,,,,,,,,,,,,,,,,,,,,,,,,,,,,,,,,,,,,,,,,,,,,,,,,,,,,,,,,,,,,,,,,,,,,,,,
C720,110-111,Dimensioni (LxPxH),C720 24V,109320,304 x 180 x 282 mm,,,,,,,,,,,,,,,,,,,,,,,,,,,,,,,,,,,,,,,,,,,,,,,,,,,,,,,,,,,,,,,,,,,,,,,,,,,,,,,,,,,,,,,,,,,,,,,,,,,,,,,,,,,,,,,,,,,,,,,,,,,,,,,,,,,,,,,,,,,,,,,,,,,,,,,,,,,,,,,,,,,,,,,,,,,,,,,,,,,,,,,,,,,,,,,,,,,,,,,,,,,,,,,,,,,,,,,,,,,,,,,,,,,,,,,,,,,,,,,,,,,,,,,,,,,,,,,,,,,,,,,,,,,,,,,,,,,,,,,,,,,,,,,,,,,,,,,,,,,,,,,,,,,,,,,,,,,,,,,,,,,,,,,,,,,,,
C720,110-111,Peso max anta,C720 24V,109320,400 Kg,,,,,,,,,,,,,,,,,,,,,,,,,,,,,,,,,,,,,,,,,,,,,,,,,,,,,,,,,,,,,,,,,,,,,,,,,,,,,,,,,,,,,,,,,,,,,,,,,,,,,,,,,,,,,,,,,,,,,,,,,,,,,,,,,,,,,,,,,,,,,,,,,,,,,,,,,,,,,,,,,,,,,,,,,,,,,,,,,,,,,,,,,,,,,,,,,,,,,,,,,,,,,,,,,,,,,,,,,,,,,,,,,,,,,,,,,,,,,,,,,,,,,,,,,,,,,,,,,,,,,,,,,,,,,,,,,,,,,,,,,,,,,,,,,,,,,,,,,,,,,,,,,,,,,,,,,,,,,,,,,,,,,,,,,,,,,
C720,110-111,Frequenza di utilizzo,C720 24V,109320,100 %,,,,,,,,,,,,,,,,,,,,,,,,,,,,,,,,,,,,,,,,,,,,,,,,,,,,,,,,,,,,,,,,,,,,,,,,,,,,,,,,,,,,,,,,,,,,,,,,,,,,,,,,,,,,,,,,,,,,,,,,,,,,,,,,,,,,,,,,,,,,,,,,,,,,,,,,,,,,,,,,,,,,,,,,,,,,,,,,,,,,,,,,,,,,,,,,,,,,,,,,,,,,,,,,,,,,,,,,,,,,,,,,,,,,,,,,,,,,,,,,,,,,,,,,,,,,,,,,,,,,,,,,,,,,,,,,,,,,,,,,,,,,,,,,,,,,,,,,,,,,,,,,,,,,,,,,,,,,,,,,,,,,,,,,,,,,,
C720,110-111,Apparecchiatura elettronica,C720 24V,109320,E721 incorporata,,,,,,,,,,,,,,,,,,,,,,,,,,,,,,,,,,,,,,,,,,,,,,,,,,,,,,,,,,,,,,,,,,,,,,,,,,,,,,,,,,,,,,,,,,,,,,,,,,,,,,,,,,,,,,,,,,,,,,,,,,,,,,,,,,,,,,,,,,,,,,,,,,,,,,,,,,,,,,,,,,,,,,,,,,,,,,,,,,,,,,,,,,,,,,,,,,,,,,,,,,,,,,,,,,,,,,,,,,,,,,,,,,,,,,,,,,,,,,,,,,,,,,,,,,,,,,,,,,,,,,,,,,,,,,,,,,,,,,,,,,,,,,,,,,,,,,,,,,,,,,,,,,,,,,,,,,,,,,,,,,,,,,,,,,,,,
C721,112-113,Tensione di alimentazione di rete,C721 24V,109321,220-240V~ 50/60 Hz,,,,,,,,,,,,,,,,,,,,,,,,,,,,,,,,,,,,,,,,,,,,,,,,,,,,,,,,,,,,,,,,,,,,,,,,,,,,,,,,,,,,,,,,,,,,,,,,,,,,,,,,,,,,,,,,,,,,,,,,,,,,,,,,,,,,,,,,,,,,,,,,,,,,,,,,,,,,,,,,,,,,,,,,,,,,,,,,,,,,,,,,,,,,,,,,,,,,,,,,,,,,,,,,,,,,,,,,,,,,,,,,,,,,,,,,,,,,,,,,,,,,,,,,,,,,,,,,,,,,,,,,,,,,,,,,,,,,,,,,,,,,,,,,,,,,,,,,,,,,,,,,,,,,,,,,,,,,,,,,,,,,,,,,,,,,,
C721,112-113,Motore elettrico,C721 24V,109321,Motore a spazzole 24V,,,,,,,,,,,,,,,,,,,,,,,,,,,,,,,,,,,,,,,,,,,,,,,,,,,,,,,,,,,,,,,,,,,,,,,,,,,,,,,,,,,,,,,,,,,,,,,,,,,,,,,,,,,,,,,,,,,,,,,,,,,,,,,,,,,,,,,,,,,,,,,,,,,,,,,,,,,,,,,,,,,,,,,,,,,,,,,,,,,,,,,,,,,,,,,,,,,,,,,,,,,,,,,,,,,,,,,,,,,,,,,,,,,,,,,,,,,,,,,,,,,,,,,,,,,,,,,,,,,,,,,,,,,,,,,,,,,,,,,,,,,,,,,,,,,,,,,,,,,,,,,,,,,,,,,,,,,,,,,,,,,,,,,,,,,,,
C721,112-113,Potenza max,C721 24V,109321,290 W,,,,,,,,,,,,,,,,,,,,,,,,,,,,,,,,,,,,,,,,,,,,,,,,,,,,,,,,,,,,,,,,,,,,,,,,,,,,,,,,,,,,,,,,,,,,,,,,,,,,,,,,,,,,,,,,,,,,,,,,,,,,,,,,,,,,,,,,,,,,,,,,,,,,,,,,,,,,,,,,,,,,,,,,,,,,,,,,,,,,,,,,,,,,,,,,,,,,,,,,,,,,,,,,,,,,,,,,,,,,,,,,,,,,,,,,,,,,,,,,,,,,,,,,,,,,,,,,,,,,,,,,,,,,,,,,,,,,,,,,,,,,,,,,,,,,,,,,,,,,,,,,,,,,,,,,,,,,,,,,,,,,,,,,,,,,,
C721,112-113,Coppia max,C721 24V,109321,30 Nm,,,,,,,,,,,,,,,,,,,,,,,,,,,,,,,,,,,,,,,,,,,,,,,,,,,,,,,,,,,,,,,,,,,,,,,,,,,,,,,,,,,,,,,,,,,,,,,,,,,,,,,,,,,,,,,,,,,,,,,,,,,,,,,,,,,,,,,,,,,,,,,,,,,,,,,,,,,,,,,,,,,,,,,,,,,,,,,,,,,,,,,,,,,,,,,,,,,,,,,,,,,,,,,,,,,,,,,,,,,,,,,,,,,,,,,,,,,,,,,,,,,,,,,,,,,,,,,,,,,,,,,,,,,,,,,,,,,,,,,,,,,,,,,,,,,,,,,,,,,,,,,,,,,,,,,,,,,,,,,,,,,,,,,,,,,,,
C721,112-113,Forza max di spinta,C721 24V,109321,530 N,,,,,,,,,,,,,,,,,,,,,,,,,,,,,,,,,,,,,,,,,,,,,,,,,,,,,,,,,,,,,,,,,,,,,,,,,,,,,,,,,,,,,,,,,,,,,,,,,,,,,,,,,,,,,,,,,,,,,,,,,,,,,,,,,,,,,,,,,,,,,,,,,,,,,,,,,,,,,,,,,,,,,,,,,,,,,,,,,,,,,,,,,,,,,,,,,,,,,,,,,,,,,,,,,,,,,,,,,,,,,,,,,,,,,,,,,,,,,,,,,,,,,,,,,,,,,,,,,,,,,,,,,,,,,,,,,,,,,,,,,,,,,,,,,,,,,,,,,,,,,,,,,,,,,,,,,,,,,,,,,,,,,,,,,,,,,
C721,112-113,Rapporto di riduzione,C721 24V,109321,1:49,,,,,,,,,,,,,,,,,,,,,,,,,,,,,,,,,,,,,,,,,,,,,,,,,,,,,,,,,,,,,,,,,,,,,,,,,,,,,,,,,,,,,,,,,,,,,,,,,,,,,,,,,,,,,,,,,,,,,,,,,,,,,,,,,,,,,,,,,,,,,,,,,,,,,,,,,,,,,,,,,,,,,,,,,,,,,,,,,,,,,,,,,,,,,,,,,,,,,,,,,,,,,,,,,,,,,,,,,,,,,,,,,,,,,,,,,,,,,,,,,,,,,,,,,,,,,,,,,,,,,,,,,,,,,,,,,,,,,,,,,,,,,,,,,,,,,,,,,,,,,,,,,,,,,,,,,,,,,,,,,,,,,,,,,,,,,
C721,112-113,Larghezza max anta,C721 24V,109321,15 m,,,,,,,,,,,,,,,,,,,,,,,,,,,,,,,,,,,,,,,,,,,,,,,,,,,,,,,,,,,,,,,,,,,,,,,,,,,,,,,,,,,,,,,,,,,,,,,,,,,,,,,,,,,,,,,,,,,,,,,,,,,,,,,,,,,,,,,,,,,,,,,,,,,,,,,,,,,,,,,,,,,,,,,,,,,,,,,,,,,,,,,,,,,,,,,,,,,,,,,,,,,,,,,,,,,,,,,,,,,,,,,,,,,,,,,,,,,,,,,,,,,,,,,,,,,,,,,,,,,,,,,,,,,,,,,,,,,,,,,,,,,,,,,,,,,,,,,,,,,,,,,,,,,,,,,,,,,,,,,,,,,,,,,,,,,,,
C721,112-113,Velocità dell'anta,C721 24V,109321,18 m/min (regolabile),,,,,,,,,,,,,,,,,,,,,,,,,,,,,,,,,,,,,,,,,,,,,,,,,,,,,,,,,,,,,,,,,,,,,,,,,,,,,,,,,,,,,,,,,,,,,,,,,,,,,,,,,,,,,,,,,,,,,,,,,,,,,,,,,,,,,,,,,,,,,,,,,,,,,,,,,,,,,,,,,,,,,,,,,,,,,,,,,,,,,,,,,,,,,,,,,,,,,,,,,,,,,,,,,,,,,,,,,,,,,,,,,,,,,,,,,,,,,,,,,,,,,,,,,,,,,,,,,,,,,,,,,,,,,,,,,,,,,,,,,,,,,,,,,,,,,,,,,,,,,,,,,,,,,,,,,,,,,,,,,,,,,,,,,,,,,
C721,112-113,Finecorsa,C721 24V,109321,Magnetico,,,,,,,,,,,,,,,,,,,,,,,,,,,,,,,,,,,,,,,,,,,,,,,,,,,,,,,,,,,,,,,,,,,,,,,,,,,,,,,,,,,,,,,,,,,,,,,,,,,,,,,,,,,,,,,,,,,,,,,,,,,,,,,,,,,,,,,,,,,,,,,,,,,,,,,,,,,,,,,,,,,,,,,,,,,,,,,,,,,,,,,,,,,,,,,,,,,,,,,,,,,,,,,,,,,,,,,,,,,,,,,,,,,,,,,,,,,,,,,,,,,,,,,,,,,,,,,,,,,,,,,,,,,,,,,,,,,,,,,,,,,,,,,,,,,,,,,,,,,,,,,,,,,,,,,,,,,,,,,,,,,,,,,,,,,,,
C721,112-113,Pignone,C721 24V,109321,Z28 modulo 4,,,,,,,,,,,,,,,,,,,,,,,,,,,,,,,,,,,,,,,,,,,,,,,,,,,,,,,,,,,,,,,,,,,,,,,,,,,,,,,,,,,,,,,,,,,,,,,,,,,,,,,,,,,,,,,,,,,,,,,,,,,,,,,,,,,,,,,,,,,,,,,,,,,,,,,,,,,,,,,,,,,,,,,,,,,,,,,,,,,,,,,,,,,,,,,,,,,,,,,,,,,,,,,,,,,,,,,,,,,,,,,,,,,,,,,,,,,,,,,,,,,,,,,,,,,,,,,,,,,,,,,,,,,,,,,,,,,,,,,,,,,,,,,,,,,,,,,,,,,,,,,,,,,,,,,,,,,,,,,,,,,,,,,,,,,,,
C721,112-113,Regolazione della forza,C721 24V,109321,Tramite scheda elettronica,,,,,,,,,,,,,,,,,,,,,,,,,,,,,,,,,,,,,,,,,,,,,,,,,,,,,,,,,,,,,,,,,,,,,,,,,,,,,,,,,,,,,,,,,,,,,,,,,,,,,,,,,,,,,,,,,,,,,,,,,,,,,,,,,,,,,,,,,,,,,,,,,,,,,,,,,,,,,,,,,,,,,,,,,,,,,,,,,,,,,,,,,,,,,,,,,,,,,,,,,,,,,,,,,,,,,,,,,,,,,,,,,,,,,,,,,,,,,,,,,,,,,,,,,,,,,,,,,,,,,,,,,,,,,,,,,,,,,,,,,,,,,,,,,,,,,,,,,,,,,,,,,,,,,,,,,,,,,,,,,,,,,,,,,,,,,
C721,112-113,Temperatura ambiente di esercizio,C721 24V,109321,-20°C ÷ +55°C,,,,,,,,,,,,,,,,,,,,,,,,,,,,,,,,,,,,,,,,,,,,,,,,,,,,,,,,,,,,,,,,,,,,,,,,,,,,,,,,,,,,,,,,,,,,,,,,,,,,,,,,,,,,,,,,,,,,,,,,,,,,,,,,,,,,,,,,,,,,,,,,,,,,,,,,,,,,,,,,,,,,,,,,,,,,,,,,,,,,,,,,,,,,,,,,,,,,,,,,,,,,,,,,,,,,,,,,,,,,,,,,,,,,,,,,,,,,,,,,,,,,,,,,,,,,,,,,,,,,,,,,,,,,,,,,,,,,,,,,,,,,,,,,,,,,,,,,,,,,,,,,,,,,,,,,,,,,,,,,,,,,,,,,,,,,,
C721,112-113,Grado di protezione,C721 24V,109321,IP44,,,,,,,,,,,,,,,,,,,,,,,,,,,,,,,,,,,,,,,,,,,,,,,,,,,,,,,,,,,,,,,,,,,,,,,,,,,,,,,,,,,,,,,,,,,,,,,,,,,,,,,,,,,,,,,,,,,,,,,,,,,,,,,,,,,,,,,,,,,,,,,,,,,,,,,,,,,,,,,,,,,,,,,,,,,,,,,,,,,,,,,,,,,,,,,,,,,,,,,,,,,,,,,,,,,,,,,,,,,,,,,,,,,,,,,,,,,,,,,,,,,,,,,,,,,,,,,,,,,,,,,,,,,,,,,,,,,,,,,,,,,,,,,,,,,,,,,,,,,,,,,,,,,,,,,,,,,,,,,,,,,,,,,,,,,,,
C721,112-113,Peso,C721 24V,109321,8 Kg,,,,,,,,,,,,,,,,,,,,,,,,,,,,,,,,,,,,,,,,,,,,,,,,,,,,,,,,,,,,,,,,,,,,,,,,,,,,,,,,,,,,,,,,,,,,,,,,,,,,,,,,,,,,,,,,,,,,,,,,,,,,,,,,,,,,,,,,,,,,,,,,,,,,,,,,,,,,,,,,,,,,,,,,,,,,,,,,,,,,,,,,,,,,,,,,,,,,,,,,,,,,,,,,,,,,,,,,,,,,,,,,,,,,,,,,,,,,,,,,,,,,,,,,,,,,,,,,,,,,,,,,,,,,,,,,,,,,,,,,,,,,,,,,,,,,,,,,,,,,,,,,,,,,,,,,,,,,,,,,,,,,,,,,,,,,,
C721,112-113,Dimensioni (LxPxH),C721 24V,109321,304 x 180 x 282 mm,,,,,,,,,,,,,,,,,,,,,,,,,,,,,,,,,,,,,,,,,,,,,,,,,,,,,,,,,,,,,,,,,,,,,,,,,,,,,,,,,,,,,,,,,,,,,,,,,,,,,,,,,,,,,,,,,,,,,,,,,,,,,,,,,,,,,,,,,,,,,,,,,,,,,,,,,,,,,,,,,,,,,,,,,,,,,,,,,,,,,,,,,,,,,,,,,,,,,,,,,,,,,,,,,,,,,,,,,,,,,,,,,,,,,,,,,,,,,,,,,,,,,,,,,,,,,,,,,,,,,,,,,,,,,,,,,,,,,,,,,,,,,,,,,,,,,,,,,,,,,,,,,,,,,,,,,,,,,,,,,,,,,,,,,,,,,
C721,112-113,Peso max anta,C721 24V,109321,800 Kg,,,,,,,,,,,,,,,,,,,,,,,,,,,,,,,,,,,,,,,,,,,,,,,,,,,,,,,,,,,,,,,,,,,,,,,,,,,,,,,,,,,,,,,,,,,,,,,,,,,,,,,,,,,,,,,,,,,,,,,,,,,,,,,,,,,,,,,,,,,,,,,,,,,,,,,,,,,,,,,,,,,,,,,,,,,,,,,,,,,,,,,,,,,,,,,,,,,,,,,,,,,,,,,,,,,,,,,,,,,,,,,,,,,,,,,,,,,,,,,,,,,,,,,,,,,,,,,,,,,,,,,,,,,,,,,,,,,,,,,,,,,,,,,,,,,,,,,,,,,,,,,,,,,,,,,,,,,,,,,,,,,,,,,,,,,,,
C721,112-113,Frequenza di utilizzo,C721 24V,109321,100 %,,,,,,,,,,,,,,,,,,,,,,,,,,,,,,,,,,,,,,,,,,,,,,,,,,,,,,,,,,,,,,,,,,,,,,,,,,,,,,,,,,,,,,,,,,,,,,,,,,,,,,,,,,,,,,,,,,,,,,,,,,,,,,,,,,,,,,,,,,,,,,,,,,,,,,,,,,,,,,,,,,,,,,,,,,,,,,,,,,,,,,,,,,,,,,,,,,,,,,,,,,,,,,,,,,,,,,,,,,,,,,,,,,,,,,,,,,,,,,,,,,,,,,,,,,,,,,,,,,,,,,,,,,,,,,,,,,,,,,,,,,,,,,,,,,,,,,,,,,,,,,,,,,,,,,,,,,,,,,,,,,,,,,,,,,,,,
C721,112-113,Apparecchiatura elettronica,C721 24V,109321,E721 incorporata,,,,,,,,,,,,,,,,,,,,,,,,,,,,,,,,,,,,,,,,,,,,,,,,,,,,,,,,,,,,,,,,,,,,,,,,,,,,,,,,,,,,,,,,,,,,,,,,,,,,,,,,,,,,,,,,,,,,,,,,,,,,,,,,,,,,,,,,,,,,,,,,,,,,,,,,,,,,,,,,,,,,,,,,,,,,,,,,,,,,,,,,,,,,,,,,,,,,,,,,,,,,,,,,,,,,,,,,,,,,,,,,,,,,,,,,,,,,,,,,,,,,,,,,,,,,,,,,,,,,,,,,,,,,,,,,,,,,,,,,,,,,,,,,,,,,,,,,,,,,,,,,,,,,,,,,,,,,,,,,,,,,,,,,,,,,,
746 C,122-123,Tensione di alimentazione di rete,746 C Z16,109745,220-240V~ 50/60 Hz,746 C Z20,109746,220-240V~ 50/60 Hz,,,,,,,,,,,,,,,,,,,,,,,,,,,,,,,,,,,,,,,,,,,,,,,,,,,,,,,,,,,,,,,,,,,,,,,,,,,,,,,,,,,,,,,,,,,,,,,,,,,,,,,,,,,,,,,,,,,,,,,,,,,,,,,,,,,,,,,,,,,,,,,,,,,,,,,,,,,,,,,,,,,,,,,,,,,,,,,,,,,,,,,,,,,,,,,,,,,,,,,,,,,,,,,,,,,,,,,,,,,,,,,,,,,,,,,,,,,,,,,,,,,,,,,,,,,,,,,,,,,,,,,,,,,,,,,,,,,,,,,,,,,,,,,,,,,,,,,,,,,,,,,,,,,,,,,,,,,,,,,,,,,,,,,,,,
746 C,122-123,Potenza max,746 C Z16,109745,150 W,746 C Z20,109746,150 W,,,,,,,,,,,,,,,,,,,,,,,,,,,,,,,,,,,,,,,,,,,,,,,,,,,,,,,,,,,,,,,,,,,,,,,,,,,,,,,,,,,,,,,,,,,,,,,,,,,,,,,,,,,,,,,,,,,,,,,,,,,,,,,,,,,,,,,,,,,,,,,,,,,,,,,,,,,,,,,,,,,,,,,,,,,,,,,,,,,,,,,,,,,,,,,,,,,,,,,,,,,,,,,,,,,,,,,,,,,,,,,,,,,,,,,,,,,,,,,,,,,,,,,,,,,,,,,,,,,,,,,,,,,,,,,,,,,,,,,,,,,,,,,,,,,,,,,,,,,,,,,,,,,,,,,,,,,,,,,,,,,,,,,,,,
746 C,122-123,Pignone,746 C Z16,109745,Z16 modulo 4,746 C Z20,109746,Z20 modulo 4,,,,,,,,,,,,,,,,,,,,,,,,,,,,,,,,,,,,,,,,,,,,,,,,,,,,,,,,,,,,,,,,,,,,,,,,,,,,,,,,,,,,,,,,,,,,,,,,,,,,,,,,,,,,,,,,,,,,,,,,,,,,,,,,,,,,,,,,,,,,,,,,,,,,,,,,,,,,,,,,,,,,,,,,,,,,,,,,,,,,,,,,,,,,,,,,,,,,,,,,,,,,,,,,,,,,,,,,,,,,,,,,,,,,,,,,,,,,,,,,,,,,,,,,,,,,,,,,,,,,,,,,,,,,,,,,,,,,,,,,,,,,,,,,,,,,,,,,,,,,,,,,,,,,,,,,,,,,,,,,,,,,,,,,,,
746 C,122-123,Forza max di spinta,746 C Z16,109745,830 N,746 C Z20,109746,665 N,,,,,,,,,,,,,,,,,,,,,,,,,,,,,,,,,,,,,,,,,,,,,,,,,,,,,,,,,,,,,,,,,,,,,,,,,,,,,,,,,,,,,,,,,,,,,,,,,,,,,,,,,,,,,,,,,,,,,,,,,,,,,,,,,,,,,,,,,,,,,,,,,,,,,,,,,,,,,,,,,,,,,,,,,,,,,,,,,,,,,,,,,,,,,,,,,,,,,,,,,,,,,,,,,,,,,,,,,,,,,,,,,,,,,,,,,,,,,,,,,,,,,,,,,,,,,,,,,,,,,,,,,,,,,,,,,,,,,,,,,,,,,,,,,,,,,,,,,,,,,,,,,,,,,,,,,,,,,,,,,,,,,,,,,,
746 C,122-123,Peso max anta,746 C Z16,109745,600 Kg,746 C Z20,109746,400 Kg,,,,,,,,,,,,,,,,,,,,,,,,,,,,,,,,,,,,,,,,,,,,,,,,,,,,,,,,,,,,,,,,,,,,,,,,,,,,,,,,,,,,,,,,,,,,,,,,,,,,,,,,,,,,,,,,,,,,,,,,,,,,,,,,,,,,,,,,,,,,,,,,,,,,,,,,,,,,,,,,,,,,,,,,,,,,,,,,,,,,,,,,,,,,,,,,,,,,,,,,,,,,,,,,,,,,,,,,,,,,,,,,,,,,,,,,,,,,,,,,,,,,,,,,,,,,,,,,,,,,,,,,,,,,,,,,,,,,,,,,,,,,,,,,,,,,,,,,,,,,,,,,,,,,,,,,,,,,,,,,,,,,,,,,,,
746 C,122-123,Velocità max anta,746 C Z16,109745,9.6 m/min,746 C Z20,109746,12 m/min,,,,,,,,,,,,,,,,,,,,,,,,,,,,,,,,,,,,,,,,,,,,,,,,,,,,,,,,,,,,,,,,,,,,,,,,,,,,,,,,,,,,,,,,,,,,,,,,,,,,,,,,,,,,,,,,,,,,,,,,,,,,,,,,,,,,,,,,,,,,,,,,,,,,,,,,,,,,,,,,,,,,,,,,,,,,,,,,,,,,,,,,,,,,,,,,,,,,,,,,,,,,,,,,,,,,,,,,,,,,,,,,,,,,,,,,,,,,,,,,,,,,,,,,,,,,,,,,,,,,,,,,,,,,,,,,,,,,,,,,,,,,,,,,,,,,,,,,,,,,,,,,,,,,,,,,,,,,,,,,,,,,,,,,,,
746 C,122-123,Lunghezza max anta,746 C Z16,109745,40 m,746 C Z20,109746,50 m,,,,,,,,,,,,,,,,,,,,,,,,,,,,,,,,,,,,,,,,,,,,,,,,,,,,,,,,,,,,,,,,,,,,,,,,,,,,,,,,,,,,,,,,,,,,,,,,,,,,,,,,,,,,,,,,,,,,,,,,,,,,,,,,,,,,,,,,,,,,,,,,,,,,,,,,,,,,,,,,,,,,,,,,,,,,,,,,,,,,,,,,,,,,,,,,,,,,,,,,,,,,,,,,,,,,,,,,,,,,,,,,,,,,,,,,,,,,,,,,,,,,,,,,,,,,,,,,,,,,,,,,,,,,,,,,,,,,,,,,,,,,,,,,,,,,,,,,,,,,,,,,,,,,,,,,,,,,,,,,,,,,,,,,,,
746 C,122-123,Spazio di fermata,746 C Z16,109745,30 mm,746 C Z20,109746,30 mm,,,,,,,,,,,,,,,,,,,,,,,,,,,,,,,,,,,,,,,,,,,,,,,,,,,,,,,,,,,,,,,,,,,,,,,,,,,,,,,,,,,,,,,,,,,,,,,,,,,,,,,,,,,,,,,,,,,,,,,,,,,,,,,,,,,,,,,,,,,,,,,,,,,,,,,,,,,,,,,,,,,,,,,,,,,,,,,,,,,,,,,,,,,,,,,,,,,,,,,,,,,,,,,,,,,,,,,,,,,,,,,,,,,,,,,,,,,,,,,,,,,,,,,,,,,,,,,,,,,,,,,,,,,,,,,,,,,,,,,,,,,,,,,,,,,,,,,,,,,,,,,,,,,,,,,,,,,,,,,,,,,,,,,,,,
746 C,122-123,Grado di protezione,746 C Z16,109745,IP44,746 C Z20,109746,IP44,,,,,,,,,,,,,,,,,,,,,,,,,,,,,,,,,,,,,,,,,,,,,,,,,,,,,,,,,,,,,,,,,,,,,,,,,,,,,,,,,,,,,,,,,,,,,,,,,,,,,,,,,,,,,,,,,,,,,,,,,,,,,,,,,,,,,,,,,,,,,,,,,,,,,,,,,,,,,,,,,,,,,,,,,,,,,,,,,,,,,,,,,,,,,,,,,,,,,,,,,,,,,,,,,,,,,,,,,,,,,,,,,,,,,,,,,,,,,,,,,,,,,,,,,,,,,,,,,,,,,,,,,,,,,,,,,,,,,,,,,,,,,,,,,,,,,,,,,,,,,,,,,,,,,,,,,,,,,,,,,,,,,,,,,,
746 C,122-123,Condensatore di spunto,746 C Z16,109745,12.5 µF,746 C Z20,109746,12.5 µF,,,,,,,,,,,,,,,,,,,,,,,,,,,,,,,,,,,,,,,,,,,,,,,,,,,,,,,,,,,,,,,,,,,,,,,,,,,,,,,,,,,,,,,,,,,,,,,,,,,,,,,,,,,,,,,,,,,,,,,,,,,,,,,,,,,,,,,,,,,,,,,,,,,,,,,,,,,,,,,,,,,,,,,,,,,,,,,,,,,,,,,,,,,,,,,,,,,,,,,,,,,,,,,,,,,,,,,,,,,,,,,,,,,,,,,,,,,,,,,,,,,,,,,,,,,,,,,,,,,,,,,,,,,,,,,,,,,,,,,,,,,,,,,,,,,,,,,,,,,,,,,,,,,,,,,,,,,,,,,,,,,,,,,,,,
746 C,122-123,Temperatura ambiente di esercizio,746 C Z16,109745,-20° ÷ +55°C *,746 C Z20,109746,-20° ÷ +55°C *,,,,,,,,,,,,,,,,,,,,,,,,,,,,,,,,,,,,,,,,,,,,,,,,,,,,,,,,,,,,,,,,,,,,,,,,,,,,,,,,,,,,,,,,,,,,,,,,,,,,,,,,,,,,,,,,,,,,,,,,,,,,,,,,,,,,,,,,,,,,,,,,,,,,,,,,,,,,,,,,,,,,,,,,,,,,,,,,,,,,,,,,,,,,,,,,,,,,,,,,,,,,,,,,,,,,,,,,,,,,,,,,,,,,,,,,,,,,,,,,,,,,,,,,,,,,,,,,,,,,,,,,,,,,,,,,,,,,,,,,,,,,,,,,,,,,,,,,,,,,,,,,,,,,,,,,,,,,,,,,,,,,,,,,,,
746 C,122-123,Frequenza di utilizzo,746 C Z16,109745,Uso continuo*,746 C Z20,109746,Uso continuo*,,,,,,,,,,,,,,,,,,,,,,,,,,,,,,,,,,,,,,,,,,,,,,,,,,,,,,,,,,,,,,,,,,,,,,,,,,,,,,,,,,,,,,,,,,,,,,,,,,,,,,,,,,,,,,,,,,,,,,,,,,,,,,,,,,,,,,,,,,,,,,,,,,,,,,,,,,,,,,,,,,,,,,,,,,,,,,,,,,,,,,,,,,,,,,,,,,,,,,,,,,,,,,,,,,,,,,,,,,,,,,,,,,,,,,,,,,,,,,,,,,,,,,,,,,,,,,,,,,,,,,,,,,,,,,,,,,,,,,,,,,,,,,,,,,,,,,,,,,,,,,,,,,,,,,,,,,,,,,,,,,,,,,,,,,
746 C,122-123,Termoprotezione,746 C Z16,109745,120°C autoripristinanti,746 C Z20,109746,120°C autoripristinanti,,,,,,,,,,,,,,,,,,,,,,,,,,,,,,,,,,,,,,,,,,,,,,,,,,,,,,,,,,,,,,,,,,,,,,,,,,,,,,,,,,,,,,,,,,,,,,,,,,,,,,,,,,,,,,,,,,,,,,,,,,,,,,,,,,,,,,,,,,,,,,,,,,,,,,,,,,,,,,,,,,,,,,,,,,,,,,,,,,,,,,,,,,,,,,,,,,,,,,,,,,,,,,,,,,,,,,,,,,,,,,,,,,,,,,,,,,,,,,,,,,,,,,,,,,,,,,,,,,,,,,,,,,,,,,,,,,,,,,,,,,,,,,,,,,,,,,,,,,,,,,,,,,,,,,,,,,,,,,,,,,,,,,,,,,
746 C,122-123,Peso,746 C Z16,109745,16.2 Kg,746 C Z20,109746,16.5 Kg,,,,,,,,,,,,,,,,,,,,,,,,,,,,,,,,,,,,,,,,,,,,,,,,,,,,,,,,,,,,,,,,,,,,,,,,,,,,,,,,,,,,,,,,,,,,,,,,,,,,,,,,,,,,,,,,,,,,,,,,,,,,,,,,,,,,,,,,,,,,,,,,,,,,,,,,,,,,,,,,,,,,,,,,,,,,,,,,,,,,,,,,,,,,,,,,,,,,,,,,,,,,,,,,,,,,,,,,,,,,,,,,,,,,,,,,,,,,,,,,,,,,,,,,,,,,,,,,,,,,,,,,,,,,,,,,,,,,,,,,,,,,,,,,,,,,,,,,,,,,,,,,,,,,,,,,,,,,,,,,,,,,,,,,,,
844 C,124-125,Tensione di alimentazione di rete,844 C Z16,109925,220-240V~ 50/60 Hz,,,,,,,,,,,,,,,,,,,,,,,,,,,,,,,,,,,,,,,,,,,,,,,,,,,,,,,,,,,,,,,,,,,,,,,,,,,,,,,,,,,,,,,,,,,,,,,,,,,,,,,,,,,,,,,,,,,,,,,,,,,,,,,,,,,,,,,,,,,,,,,,,,,,,,,,,,,,,,,,,,,,,,,,,,,,,,,,,,,,,,,,,,,,,,,,,,,,,,,,,,,,,,,,,,,,,,,,,,,,,,,,,,,,,,,,,,,,,,,,,,,,,,,,,,,,,,,,,,,,,,,,,,,,,,,,,,,,,,,,,,,,,,,,,,,,,,,,,,,,,,,,,,,,,,,,,,,,,,,,,,,,,,,,,,,,,
844 C,124-125,Potenza max,844 C Z16,109925,230 W,,,,,,,,,,,,,,,,,,,,,,,,,,,,,,,,,,,,,,,,,,,,,,,,,,,,,,,,,,,,,,,,,,,,,,,,,,,,,,,,,,,,,,,,,,,,,,,,,,,,,,,,,,,,,,,,,,,,,,,,,,,,,,,,,,,,,,,,,,,,,,,,,,,,,,,,,,,,,,,,,,,,,,,,,,,,,,,,,,,,,,,,,,,,,,,,,,,,,,,,,,,,,,,,,,,,,,,,,,,,,,,,,,,,,,,,,,,,,,,,,,,,,,,,,,,,,,,,,,,,,,,,,,,,,,,,,,,,,,,,,,,,,,,,,,,,,,,,,,,,,,,,,,,,,,,,,,,,,,,,,,,,,,,,,,,,,
844 C,124-125,Pignone,844 C Z16,109925,Z16 modulo 4,,,,,,,,,,,,,,,,,,,,,,,,,,,,,,,,,,,,,,,,,,,,,,,,,,,,,,,,,,,,,,,,,,,,,,,,,,,,,,,,,,,,,,,,,,,,,,,,,,,,,,,,,,,,,,,,,,,,,,,,,,,,,,,,,,,,,,,,,,,,,,,,,,,,,,,,,,,,,,,,,,,,,,,,,,,,,,,,,,,,,,,,,,,,,,,,,,,,,,,,,,,,,,,,,,,,,,,,,,,,,,,,,,,,,,,,,,,,,,,,,,,,,,,,,,,,,,,,,,,,,,,,,,,,,,,,,,,,,,,,,,,,,,,,,,,,,,,,,,,,,,,,,,,,,,,,,,,,,,,,,,,,,,,,,,,,,
844 C,124-125,Forza max di spinta,844 C Z16,109925,1300 N,,,,,,,,,,,,,,,,,,,,,,,,,,,,,,,,,,,,,,,,,,,,,,,,,,,,,,,,,,,,,,,,,,,,,,,,,,,,,,,,,,,,,,,,,,,,,,,,,,,,,,,,,,,,,,,,,,,,,,,,,,,,,,,,,,,,,,,,,,,,,,,,,,,,,,,,,,,,,,,,,,,,,,,,,,,,,,,,,,,,,,,,,,,,,,,,,,,,,,,,,,,,,,,,,,,,,,,,,,,,,,,,,,,,,,,,,,,,,,,,,,,,,,,,,,,,,,,,,,,,,,,,,,,,,,,,,,,,,,,,,,,,,,,,,,,,,,,,,,,,,,,,,,,,,,,,,,,,,,,,,,,,,,,,,,,,,
844 C,124-125,Peso max anta,844 C Z16,109925,1800 Kg,,,,,,,,,,,,,,,,,,,,,,,,,,,,,,,,,,,,,,,,,,,,,,,,,,,,,,,,,,,,,,,,,,,,,,,,,,,,,,,,,,,,,,,,,,,,,,,,,,,,,,,,,,,,,,,,,,,,,,,,,,,,,,,,,,,,,,,,,,,,,,,,,,,,,,,,,,,,,,,,,,,,,,,,,,,,,,,,,,,,,,,,,,,,,,,,,,,,,,,,,,,,,,,,,,,,,,,,,,,,,,,,,,,,,,,,,,,,,,,,,,,,,,,,,,,,,,,,,,,,,,,,,,,,,,,,,,,,,,,,,,,,,,,,,,,,,,,,,,,,,,,,,,,,,,,,,,,,,,,,,,,,,,,,,,,,,
844 C,124-125,Velocità max anta,844 C Z16,109925,9.6 m/min,,,,,,,,,,,,,,,,,,,,,,,,,,,,,,,,,,,,,,,,,,,,,,,,,,,,,,,,,,,,,,,,,,,,,,,,,,,,,,,,,,,,,,,,,,,,,,,,,,,,,,,,,,,,,,,,,,,,,,,,,,,,,,,,,,,,,,,,,,,,,,,,,,,,,,,,,,,,,,,,,,,,,,,,,,,,,,,,,,,,,,,,,,,,,,,,,,,,,,,,,,,,,,,,,,,,,,,,,,,,,,,,,,,,,,,,,,,,,,,,,,,,,,,,,,,,,,,,,,,,,,,,,,,,,,,,,,,,,,,,,,,,,,,,,,,,,,,,,,,,,,,,,,,,,,,,,,,,,,,,,,,,,,,,,,,,,
844 C,124-125,Lunghezza max anta,844 C Z16,109925,40 m,,,,,,,,,,,,,,,,,,,,,,,,,,,,,,,,,,,,,,,,,,,,,,,,,,,,,,,,,,,,,,,,,,,,,,,,,,,,,,,,,,,,,,,,,,,,,,,,,,,,,,,,,,,,,,,,,,,,,,,,,,,,,,,,,,,,,,,,,,,,,,,,,,,,,,,,,,,,,,,,,,,,,,,,,,,,,,,,,,,,,,,,,,,,,,,,,,,,,,,,,,,,,,,,,,,,,,,,,,,,,,,,,,,,,,,,,,,,,,,,,,,,,,,,,,,,,,,,,,,,,,,,,,,,,,,,,,,,,,,,,,,,,,,,,,,,,,,,,,,,,,,,,,,,,,,,,,,,,,,,,,,,,,,,,,,,,
844 C,124-125,Spazio di fermata,844 C Z16,109925,30 mm,,,,,,,,,,,,,,,,,,,,,,,,,,,,,,,,,,,,,,,,,,,,,,,,,,,,,,,,,,,,,,,,,,,,,,,,,,,,,,,,,,,,,,,,,,,,,,,,,,,,,,,,,,,,,,,,,,,,,,,,,,,,,,,,,,,,,,,,,,,,,,,,,,,,,,,,,,,,,,,,,,,,,,,,,,,,,,,,,,,,,,,,,,,,,,,,,,,,,,,,,,,,,,,,,,,,,,,,,,,,,,,,,,,,,,,,,,,,,,,,,,,,,,,,,,,,,,,,,,,,,,,,,,,,,,,,,,,,,,,,,,,,,,,,,,,,,,,,,,,,,,,,,,,,,,,,,,,,,,,,,,,,,,,,,,,,,
844 C,124-125,Grado di protezione,844 C Z16,109925,IP44,,,,,,,,,,,,,,,,,,,,,,,,,,,,,,,,,,,,,,,,,,,,,,,,,,,,,,,,,,,,,,,,,,,,,,,,,,,,,,,,,,,,,,,,,,,,,,,,,,,,,,,,,,,,,,,,,,,,,,,,,,,,,,,,,,,,,,,,,,,,,,,,,,,,,,,,,,,,,,,,,,,,,,,,,,,,,,,,,,,,,,,,,,,,,,,,,,,,,,,,,,,,,,,,,,,,,,,,,,,,,,,,,,,,,,,,,,,,,,,,,,,,,,,,,,,,,,,,,,,,,,,,,,,,,,,,,,,,,,,,,,,,,,,,,,,,,,,,,,,,,,,,,,,,,,,,,,,,,,,,,,,,,,,,,,,,,
844 C,124-125,Condensatore di spunto,844 C Z16,109925,18 µF,,,,,,,,,,,,,,,,,,,,,,,,,,,,,,,,,,,,,,,,,,,,,,,,,,,,,,,,,,,,,,,,,,,,,,,,,,,,,,,,,,,,,,,,,,,,,,,,,,,,,,,,,,,,,,,,,,,,,,,,,,,,,,,,,,,,,,,,,,,,,,,,,,,,,,,,,,,,,,,,,,,,,,,,,,,,,,,,,,,,,,,,,,,,,,,,,,,,,,,,,,,,,,,,,,,,,,,,,,,,,,,,,,,,,,,,,,,,,,,,,,,,,,,,,,,,,,,,,,,,,,,,,,,,,,,,,,,,,,,,,,,,,,,,,,,,,,,,,,,,,,,,,,,,,,,,,,,,,,,,,,,,,,,,,,,,,
844 C,124-125,Temperatura ambiente di esercizio,844 C Z16,109925,-20° ÷ +55°C *,,,,,,,,,,,,,,,,,,,,,,,,,,,,,,,,,,,,,,,,,,,,,,,,,,,,,,,,,,,,,,,,,,,,,,,,,,,,,,,,,,,,,,,,,,,,,,,,,,,,,,,,,,,,,,,,,,,,,,,,,,,,,,,,,,,,,,,,,,,,,,,,,,,,,,,,,,,,,,,,,,,,,,,,,,,,,,,,,,,,,,,,,,,,,,,,,,,,,,,,,,,,,,,,,,,,,,,,,,,,,,,,,,,,,,,,,,,,,,,,,,,,,,,,,,,,,,,,,,,,,,,,,,,,,,,,,,,,,,,,,,,,,,,,,,,,,,,,,,,,,,,,,,,,,,,,,,,,,,,,,,,,,,,,,,,,,
844 C,124-125,Frequenza di utilizzo,844 C Z16,109925,Uso continuo,,,,,,,,,,,,,,,,,,,,,,,,,,,,,,,,,,,,,,,,,,,,,,,,,,,,,,,,,,,,,,,,,,,,,,,,,,,,,,,,,,,,,,,,,,,,,,,,,,,,,,,,,,,,,,,,,,,,,,,,,,,,,,,,,,,,,,,,,,,,,,,,,,,,,,,,,,,,,,,,,,,,,,,,,,,,,,,,,,,,,,,,,,,,,,,,,,,,,,,,,,,,,,,,,,,,,,,,,,,,,,,,,,,,,,,,,,,,,,,,,,,,,,,,,,,,,,,,,,,,,,,,,,,,,,,,,,,,,,,,,,,,,,,,,,,,,,,,,,,,,,,,,,,,,,,,,,,,,,,,,,,,,,,,,,,,,
844 C,124-125,Termoprotezione,844 C Z16,109925,120°C autoripristinanti,,,,,,,,,,,,,,,,,,,,,,,,,,,,,,,,,,,,,,,,,,,,,,,,,,,,,,,,,,,,,,,,,,,,,,,,,,,,,,,,,,,,,,,,,,,,,,,,,,,,,,,,,,,,,,,,,,,,,,,,,,,,,,,,,,,,,,,,,,,,,,,,,,,,,,,,,,,,,,,,,,,,,,,,,,,,,,,,,,,,,,,,,,,,,,,,,,,,,,,,,,,,,,,,,,,,,,,,,,,,,,,,,,,,,,,,,,,,,,,,,,,,,,,,,,,,,,,,,,,,,,,,,,,,,,,,,,,,,,,,,,,,,,,,,,,,,,,,,,,,,,,,,,,,,,,,,,,,,,,,,,,,,,,,,,,,,
844 C,124-125,Peso,844 C Z16,109925,16.9 Kg,,,,,,,,,,,,,,,,,,,,,,,,,,,,,,,,,,,,,,,,,,,,,,,,,,,,,,,,,,,,,,,,,,,,,,,,,,,,,,,,,,,,,,,,,,,,,,,,,,,,,,,,,,,,,,,,,,,,,,,,,,,,,,,,,,,,,,,,,,,,,,,,,,,,,,,,,,,,,,,,,,,,,,,,,,,,,,,,,,,,,,,,,,,,,,,,,,,,,,,,,,,,,,,,,,,,,,,,,,,,,,,,,,,,,,,,,,,,,,,,,,,,,,,,,,,,,,,,,,,,,,,,,,,,,,,,,,,,,,,,,,,,,,,,,,,,,,,,,,,,,,,,,,,,,,,,,,,,,,,,,,,,,,,,,,,,,
844 3PH,126-127,Tensione di alimentazione di rete,844 C 3PH,109928,380-415V~ 3 50/60 Hz,,,,,,,,,,,,,,,,,,,,,,,,,,,,,,,,,,,,,,,,,,,,,,,,,,,,,,,,,,,,,,,,,,,,,,,,,,,,,,,,,,,,,,,,,,,,,,,,,,,,,,,,,,,,,,,,,,,,,,,,,,,,,,,,,,,,,,,,,,,,,,,,,,,,,,,,,,,,,,,,,,,,,,,,,,,,,,,,,,,,,,,,,,,,,,,,,,,,,,,,,,,,,,,,,,,,,,,,,,,,,,,,,,,,,,,,,,,,,,,,,,,,,,,,,,,,,,,,,,,,,,,,,,,,,,,,,,,,,,,,,,,,,,,,,,,,,,,,,,,,,,,,,,,,,,,,,,,,,,,,,,,,,,,,,,,,,
844 3PH,126-127,Motore elettrico,844 C 3PH,109928,Asincrono trifase,,,,,,,,,,,,,,,,,,,,,,,,,,,,,,,,,,,,,,,,,,,,,,,,,,,,,,,,,,,,,,,,,,,,,,,,,,,,,,,,,,,,,,,,,,,,,,,,,,,,,,,,,,,,,,,,,,,,,,,,,,,,,,,,,,,,,,,,,,,,,,,,,,,,,,,,,,,,,,,,,,,,,,,,,,,,,,,,,,,,,,,,,,,,,,,,,,,,,,,,,,,,,,,,,,,,,,,,,,,,,,,,,,,,,,,,,,,,,,,,,,,,,,,,,,,,,,,,,,,,,,,,,,,,,,,,,,,,,,,,,,,,,,,,,,,,,,,,,,,,,,,,,,,,,,,,,,,,,,,,,,,,,,,,,,,,,
844 3PH,126-127,Potenza max,844 C 3PH,109928,950 W,,,,,,,,,,,,,,,,,,,,,,,,,,,,,,,,,,,,,,,,,,,,,,,,,,,,,,,,,,,,,,,,,,,,,,,,,,,,,,,,,,,,,,,,,,,,,,,,,,,,,,,,,,,,,,,,,,,,,,,,,,,,,,,,,,,,,,,,,,,,,,,,,,,,,,,,,,,,,,,,,,,,,,,,,,,,,,,,,,,,,,,,,,,,,,,,,,,,,,,,,,,,,,,,,,,,,,,,,,,,,,,,,,,,,,,,,,,,,,,,,,,,,,,,,,,,,,,,,,,,,,,,,,,,,,,,,,,,,,,,,,,,,,,,,,,,,,,,,,,,,,,,,,,,,,,,,,,,,,,,,,,,,,,,,,,,,
844 3PH,126-127,Coppia max,844 C 3PH,109928,62 Nm (*),,,,,,,,,,,,,,,,,,,,,,,,,,,,,,,,,,,,,,,,,,,,,,,,,,,,,,,,,,,,,,,,,,,,,,,,,,,,,,,,,,,,,,,,,,,,,,,,,,,,,,,,,,,,,,,,,,,,,,,,,,,,,,,,,,,,,,,,,,,,,,,,,,,,,,,,,,,,,,,,,,,,,,,,,,,,,,,,,,,,,,,,,,,,,,,,,,,,,,,,,,,,,,,,,,,,,,,,,,,,,,,,,,,,,,,,,,,,,,,,,,,,,,,,,,,,,,,,,,,,,,,,,,,,,,,,,,,,,,,,,,,,,,,,,,,,,,,,,,,,,,,,,,,,,,,,,,,,,,,,,,,,,,,,,,,,,
844 3PH,126-127,Forza max di spinta,844 C 3PH,109928,2500 N (Z12) - 1900 N (Z16) - 1500 N (Z20) (*),,,,,,,,,,,,,,,,,,,,,,,,,,,,,,,,,,,,,,,,,,,,,,,,,,,,,,,,,,,,,,,,,,,,,,,,,,,,,,,,,,,,,,,,,,,,,,,,,,,,,,,,,,,,,,,,,,,,,,,,,,,,,,,,,,,,,,,,,,,,,,,,,,,,,,,,,,,,,,,,,,,,,,,,,,,,,,,,,,,,,,,,,,,,,,,,,,,,,,,,,,,,,,,,,,,,,,,,,,,,,,,,,,,,,,,,,,,,,,,,,,,,,,,,,,,,,,,,,,,,,,,,,,,,,,,,,,,,,,,,,,,,,,,,,,,,,,,,,,,,,,,,,,,,,,,,,,,,,,,,,,,,,,,,,,,,,
844 3PH,126-127,Rapporto di riduzione,844 C 3PH,109928,1:30,,,,,,,,,,,,,,,,,,,,,,,,,,,,,,,,,,,,,,,,,,,,,,,,,,,,,,,,,,,,,,,,,,,,,,,,,,,,,,,,,,,,,,,,,,,,,,,,,,,,,,,,,,,,,,,,,,,,,,,,,,,,,,,,,,,,,,,,,,,,,,,,,,,,,,,,,,,,,,,,,,,,,,,,,,,,,,,,,,,,,,,,,,,,,,,,,,,,,,,,,,,,,,,,,,,,,,,,,,,,,,,,,,,,,,,,,,,,,,,,,,,,,,,,,,,,,,,,,,,,,,,,,,,,,,,,,,,,,,,,,,,,,,,,,,,,,,,,,,,,,,,,,,,,,,,,,,,,,,,,,,,,,,,,,,,,,
844 3PH,126-127,Larghezza max anta,844 C 3PH,109928,30 m (Z12) - 40 m (Z16) - 50 m (Z20),,,,,,,,,,,,,,,,,,,,,,,,,,,,,,,,,,,,,,,,,,,,,,,,,,,,,,,,,,,,,,,,,,,,,,,,,,,,,,,,,,,,,,,,,,,,,,,,,,,,,,,,,,,,,,,,,,,,,,,,,,,,,,,,,,,,,,,,,,,,,,,,,,,,,,,,,,,,,,,,,,,,,,,,,,,,,,,,,,,,,,,,,,,,,,,,,,,,,,,,,,,,,,,,,,,,,,,,,,,,,,,,,,,,,,,,,,,,,,,,,,,,,,,,,,,,,,,,,,,,,,,,,,,,,,,,,,,,,,,,,,,,,,,,,,,,,,,,,,,,,,,,,,,,,,,,,,,,,,,,,,,,,,,,,,,,,
844 3PH,126-127,Velocità dell'anta,844 C 3PH,109928,"9,5 m/min (Z16) - 7,2 m/min (Z12) - 12,0 m/min (Z20)",,,,,,,,,,,,,,,,,,,,,,,,,,,,,,,,,,,,,,,,,,,,,,,,,,,,,,,,,,,,,,,,,,,,,,,,,,,,,,,,,,,,,,,,,,,,,,,,,,,,,,,,,,,,,,,,,,,,,,,,,,,,,,,,,,,,,,,,,,,,,,,,,,,,,,,,,,,,,,,,,,,,,,,,,,,,,,,,,,,,,,,,,,,,,,,,,,,,,,,,,,,,,,,,,,,,,,,,,,,,,,,,,,,,,,,,,,,,,,,,,,,,,,,,,,,,,,,,,,,,,,,,,,,,,,,,,,,,,,,,,,,,,,,,,,,,,,,,,,,,,,,,,,,,,,,,,,,,,,,,,,,,,,,,,,,,,
844 3PH,126-127,Regolazione velocità e controllo motore,844 C 3PH,109928,No,,,,,,,,,,,,,,,,,,,,,,,,,,,,,,,,,,,,,,,,,,,,,,,,,,,,,,,,,,,,,,,,,,,,,,,,,,,,,,,,,,,,,,,,,,,,,,,,,,,,,,,,,,,,,,,,,,,,,,,,,,,,,,,,,,,,,,,,,,,,,,,,,,,,,,,,,,,,,,,,,,,,,,,,,,,,,,,,,,,,,,,,,,,,,,,,,,,,,,,,,,,,,,,,,,,,,,,,,,,,,,,,,,,,,,,,,,,,,,,,,,,,,,,,,,,,,,,,,,,,,,,,,,,,,,,,,,,,,,,,,,,,,,,,,,,,,,,,,,,,,,,,,,,,,,,,,,,,,,,,,,,,,,,,,,,,,
844 3PH,126-127,Finecorsa,844 C 3PH,109928,Induttivo con lamierino,,,,,,,,,,,,,,,,,,,,,,,,,,,,,,,,,,,,,,,,,,,,,,,,,,,,,,,,,,,,,,,,,,,,,,,,,,,,,,,,,,,,,,,,,,,,,,,,,,,,,,,,,,,,,,,,,,,,,,,,,,,,,,,,,,,,,,,,,,,,,,,,,,,,,,,,,,,,,,,,,,,,,,,,,,,,,,,,,,,,,,,,,,,,,,,,,,,,,,,,,,,,,,,,,,,,,,,,,,,,,,,,,,,,,,,,,,,,,,,,,,,,,,,,,,,,,,,,,,,,,,,,,,,,,,,,,,,,,,,,,,,,,,,,,,,,,,,,,,,,,,,,,,,,,,,,,,,,,,,,,,,,,,,,,,,,,
844 3PH,126-127,Pignone,844 C 3PH,109928,No,,,,,,,,,,,,,,,,,,,,,,,,,,,,,,,,,,,,,,,,,,,,,,,,,,,,,,,,,,,,,,,,,,,,,,,,,,,,,,,,,,,,,,,,,,,,,,,,,,,,,,,,,,,,,,,,,,,,,,,,,,,,,,,,,,,,,,,,,,,,,,,,,,,,,,,,,,,,,,,,,,,,,,,,,,,,,,,,,,,,,,,,,,,,,,,,,,,,,,,,,,,,,,,,,,,,,,,,,,,,,,,,,,,,,,,,,,,,,,,,,,,,,,,,,,,,,,,,,,,,,,,,,,,,,,,,,,,,,,,,,,,,,,,,,,,,,,,,,,,,,,,,,,,,,,,,,,,,,,,,,,,,,,,,,,,,,
844 3PH,126-127,Encoder,844 C 3PH,109928,No,,,,,,,,,,,,,,,,,,,,,,,,,,,,,,,,,,,,,,,,,,,,,,,,,,,,,,,,,,,,,,,,,,,,,,,,,,,,,,,,,,,,,,,,,,,,,,,,,,,,,,,,,,,,,,,,,,,,,,,,,,,,,,,,,,,,,,,,,,,,,,,,,,,,,,,,,,,,,,,,,,,,,,,,,,,,,,,,,,,,,,,,,,,,,,,,,,,,,,,,,,,,,,,,,,,,,,,,,,,,,,,,,,,,,,,,,,,,,,,,,,,,,,,,,,,,,,,,,,,,,,,,,,,,,,,,,,,,,,,,,,,,,,,,,,,,,,,,,,,,,,,,,,,,,,,,,,,,,,,,,,,,,,,,,,,,,
844 3PH,126-127,Temperatura ambiente di esercizio,844 C 3PH,109928,-20°C ÷ +55°C,,,,,,,,,,,,,,,,,,,,,,,,,,,,,,,,,,,,,,,,,,,,,,,,,,,,,,,,,,,,,,,,,,,,,,,,,,,,,,,,,,,,,,,,,,,,,,,,,,,,,,,,,,,,,,,,,,,,,,,,,,,,,,,,,,,,,,,,,,,,,,,,,,,,,,,,,,,,,,,,,,,,,,,,,,,,,,,,,,,,,,,,,,,,,,,,,,,,,,,,,,,,,,,,,,,,,,,,,,,,,,,,,,,,,,,,,,,,,,,,,,,,,,,,,,,,,,,,,,,,,,,,,,,,,,,,,,,,,,,,,,,,,,,,,,,,,,,,,,,,,,,,,,,,,,,,,,,,,,,,,,,,,,,,,,,,,
844 3PH,126-127,Termoprotezione,844 C 3PH,109928,155°C,,,,,,,,,,,,,,,,,,,,,,,,,,,,,,,,,,,,,,,,,,,,,,,,,,,,,,,,,,,,,,,,,,,,,,,,,,,,,,,,,,,,,,,,,,,,,,,,,,,,,,,,,,,,,,,,,,,,,,,,,,,,,,,,,,,,,,,,,,,,,,,,,,,,,,,,,,,,,,,,,,,,,,,,,,,,,,,,,,,,,,,,,,,,,,,,,,,,,,,,,,,,,,,,,,,,,,,,,,,,,,,,,,,,,,,,,,,,,,,,,,,,,,,,,,,,,,,,,,,,,,,,,,,,,,,,,,,,,,,,,,,,,,,,,,,,,,,,,,,,,,,,,,,,,,,,,,,,,,,,,,,,,,,,,,,,,
844 3PH,126-127,Grado di protezione,844 C 3PH,109928,IP44,,,,,,,,,,,,,,,,,,,,,,,,,,,,,,,,,,,,,,,,,,,,,,,,,,,,,,,,,,,,,,,,,,,,,,,,,,,,,,,,,,,,,,,,,,,,,,,,,,,,,,,,,,,,,,,,,,,,,,,,,,,,,,,,,,,,,,,,,,,,,,,,,,,,,,,,,,,,,,,,,,,,,,,,,,,,,,,,,,,,,,,,,,,,,,,,,,,,,,,,,,,,,,,,,,,,,,,,,,,,,,,,,,,,,,,,,,,,,,,,,,,,,,,,,,,,,,,,,,,,,,,,,,,,,,,,,,,,,,,,,,,,,,,,,,,,,,,,,,,,,,,,,,,,,,,,,,,,,,,,,,,,,,,,,,,,,
844 3PH,126-127,Peso,844 C 3PH,109928,15 Kg,,,,,,,,,,,,,,,,,,,,,,,,,,,,,,,,,,,,,,,,,,,,,,,,,,,,,,,,,,,,,,,,,,,,,,,,,,,,,,,,,,,,,,,,,,,,,,,,,,,,,,,,,,,,,,,,,,,,,,,,,,,,,,,,,,,,,,,,,,,,,,,,,,,,,,,,,,,,,,,,,,,,,,,,,,,,,,,,,,,,,,,,,,,,,,,,,,,,,,,,,,,,,,,,,,,,,,,,,,,,,,,,,,,,,,,,,,,,,,,,,,,,,,,,,,,,,,,,,,,,,,,,,,,,,,,,,,,,,,,,,,,,,,,,,,,,,,,,,,,,,,,,,,,,,,,,,,,,,,,,,,,,,,,,,,,,,
844 3PH,126-127,Tipo di olio,844 C 3PH,109928,FAAC HP OIL,,,,,,,,,,,,,,,,,,,,,,,,,,,,,,,,,,,,,,,,,,,,,,,,,,,,,,,,,,,,,,,,,,,,,,,,,,,,,,,,,,,,,,,,,,,,,,,,,,,,,,,,,,,,,,,,,,,,,,,,,,,,,,,,,,,,,,,,,,,,,,,,,,,,,,,,,,,,,,,,,,,,,,,,,,,,,,,,,,,,,,,,,,,,,,,,,,,,,,,,,,,,,,,,,,,,,,,,,,,,,,,,,,,,,,,,,,,,,,,,,,,,,,,,,,,,,,,,,,,,,,,,,,,,,,,,,,,,,,,,,,,,,,,,,,,,,,,,,,,,,,,,,,,,,,,,,,,,,,,,,,,,,,,,,,,,,
844 3PH,126-127,Dimensioni (LxPxH),844 C 3PH,109928,277 x 155 x 388 mm,,,,,,,,,,,,,,,,,,,,,,,,,,,,,,,,,,,,,,,,,,,,,,,,,,,,,,,,,,,,,,,,,,,,,,,,,,,,,,,,,,,,,,,,,,,,,,,,,,,,,,,,,,,,,,,,,,,,,,,,,,,,,,,,,,,,,,,,,,,,,,,,,,,,,,,,,,,,,,,,,,,,,,,,,,,,,,,,,,,,,,,,,,,,,,,,,,,,,,,,,,,,,,,,,,,,,,,,,,,,,,,,,,,,,,,,,,,,,,,,,,,,,,,,,,,,,,,,,,,,,,,,,,,,,,,,,,,,,,,,,,,,,,,,,,,,,,,,,,,,,,,,,,,,,,,,,,,,,,,,,,,,,,,,,,,,,
844 3PH,126-127,Peso max anta,844 C 3PH,109928,2.200 Kg (Z12) - 1.600 Kg (Z16) - 1.000 Kg (Z20),,,,,,,,,,,,,,,,,,,,,,,,,,,,,,,,,,,,,,,,,,,,,,,,,,,,,,,,,,,,,,,,,,,,,,,,,,,,,,,,,,,,,,,,,,,,,,,,,,,,,,,,,,,,,,,,,,,,,,,,,,,,,,,,,,,,,,,,,,,,,,,,,,,,,,,,,,,,,,,,,,,,,,,,,,,,,,,,,,,,,,,,,,,,,,,,,,,,,,,,,,,,,,,,,,,,,,,,,,,,,,,,,,,,,,,,,,,,,,,,,,,,,,,,,,,,,,,,,,,,,,,,,,,,,,,,,,,,,,,,,,,,,,,,,,,,,,,,,,,,,,,,,,,,,,,,,,,,,,,,,,,,,,,,,,,,,
844 3PH,126-127,Frequenza di utilizzo,844 C 3PH,109928,70%,,,,,,,,,,,,,,,,,,,,,,,,,,,,,,,,,,,,,,,,,,,,,,,,,,,,,,,,,,,,,,,,,,,,,,,,,,,,,,,,,,,,,,,,,,,,,,,,,,,,,,,,,,,,,,,,,,,,,,,,,,,,,,,,,,,,,,,,,,,,,,,,,,,,,,,,,,,,,,,,,,,,,,,,,,,,,,,,,,,,,,,,,,,,,,,,,,,,,,,,,,,,,,,,,,,,,,,,,,,,,,,,,,,,,,,,,,,,,,,,,,,,,,,,,,,,,,,,,,,,,,,,,,,,,,,,,,,,,,,,,,,,,,,,,,,,,,,,,,,,,,,,,,,,,,,,,,,,,,,,,,,,,,,,,,,,,
844 3PH,126-127,Apparecchiatura elettronica,844 C 3PH,109928,Incorporata,,,,,,,,,,,,,,,,,,,,,,,,,,,,,,,,,,,,,,,,,,,,,,,,,,,,,,,,,,,,,,,,,,,,,,,,,,,,,,,,,,,,,,,,,,,,,,,,,,,,,,,,,,,,,,,,,,,,,,,,,,,,,,,,,,,,,,,,,,,,,,,,,,,,,,,,,,,,,,,,,,,,,,,,,,,,,,,,,,,,,,,,,,,,,,,,,,,,,,,,,,,,,,,,,,,,,,,,,,,,,,,,,,,,,,,,,,,,,,,,,,,,,,,,,,,,,,,,,,,,,,,,,,,,,,,,,,,,,,,,,,,,,,,,,,,,,,,,,,,,,,,,,,,,,,,,,,,,,,,,,,,,,,,,,,,,,
884 MC 3PH,128-129,Tensione di alimentazione di rete,884 MC 3PH,109885,220-240V / 380-415V~ 3PH 50/60 Hz,,,,,,,,,,,,,,,,,,,,,,,,,,,,,,,,,,,,,,,,,,,,,,,,,,,,,,,,,,,,,,,,,,,,,,,,,,,,,,,,,,,,,,,,,,,,,,,,,,,,,,,,,,,,,,,,,,,,,,,,,,,,,,,,,,,,,,,,,,,,,,,,,,,,,,,,,,,,,,,,,,,,,,,,,,,,,,,,,,,,,,,,,,,,,,,,,,,,,,,,,,,,,,,,,,,,,,,,,,,,,,,,,,,,,,,,,,,,,,,,,,,,,,,,,,,,,,,,,,,,,,,,,,,,,,,,,,,,,,,,,,,,,,,,,,,,,,,,,,,,,,,,,,,,,,,,,,,,,,,,,,,,,,,,,,,,,
884 MC 3PH,128-129,Motore elettrico,884 MC 3PH,109885,Asincrono trifase,,,,,,,,,,,,,,,,,,,,,,,,,,,,,,,,,,,,,,,,,,,,,,,,,,,,,,,,,,,,,,,,,,,,,,,,,,,,,,,,,,,,,,,,,,,,,,,,,,,,,,,,,,,,,,,,,,,,,,,,,,,,,,,,,,,,,,,,,,,,,,,,,,,,,,,,,,,,,,,,,,,,,,,,,,,,,,,,,,,,,,,,,,,,,,,,,,,,,,,,,,,,,,,,,,,,,,,,,,,,,,,,,,,,,,,,,,,,,,,,,,,,,,,,,,,,,,,,,,,,,,,,,,,,,,,,,,,,,,,,,,,,,,,,,,,,,,,,,,,,,,,,,,,,,,,,,,,,,,,,,,,,,,,,,,,,,
884 MC 3PH,128-129,Potenza max,884 MC 3PH,109885,850 W,,,,,,,,,,,,,,,,,,,,,,,,,,,,,,,,,,,,,,,,,,,,,,,,,,,,,,,,,,,,,,,,,,,,,,,,,,,,,,,,,,,,,,,,,,,,,,,,,,,,,,,,,,,,,,,,,,,,,,,,,,,,,,,,,,,,,,,,,,,,,,,,,,,,,,,,,,,,,,,,,,,,,,,,,,,,,,,,,,,,,,,,,,,,,,,,,,,,,,,,,,,,,,,,,,,,,,,,,,,,,,,,,,,,,,,,,,,,,,,,,,,,,,,,,,,,,,,,,,,,,,,,,,,,,,,,,,,,,,,,,,,,,,,,,,,,,,,,,,,,,,,,,,,,,,,,,,,,,,,,,,,,,,,,,,,,,
884 MC 3PH,128-129,Coppia max,884 MC 3PH,109885,0 ÷ 155 Nm (*),,,,,,,,,,,,,,,,,,,,,,,,,,,,,,,,,,,,,,,,,,,,,,,,,,,,,,,,,,,,,,,,,,,,,,,,,,,,,,,,,,,,,,,,,,,,,,,,,,,,,,,,,,,,,,,,,,,,,,,,,,,,,,,,,,,,,,,,,,,,,,,,,,,,,,,,,,,,,,,,,,,,,,,,,,,,,,,,,,,,,,,,,,,,,,,,,,,,,,,,,,,,,,,,,,,,,,,,,,,,,,,,,,,,,,,,,,,,,,,,,,,,,,,,,,,,,,,,,,,,,,,,,,,,,,,,,,,,,,,,,,,,,,,,,,,,,,,,,,,,,,,,,,,,,,,,,,,,,,,,,,,,,,,,,,,,,
884 MC 3PH,128-129,Forza max di spinta,884 MC 3PH,109885,3.200 N (*),,,,,,,,,,,,,,,,,,,,,,,,,,,,,,,,,,,,,,,,,,,,,,,,,,,,,,,,,,,,,,,,,,,,,,,,,,,,,,,,,,,,,,,,,,,,,,,,,,,,,,,,,,,,,,,,,,,,,,,,,,,,,,,,,,,,,,,,,,,,,,,,,,,,,,,,,,,,,,,,,,,,,,,,,,,,,,,,,,,,,,,,,,,,,,,,,,,,,,,,,,,,,,,,,,,,,,,,,,,,,,,,,,,,,,,,,,,,,,,,,,,,,,,,,,,,,,,,,,,,,,,,,,,,,,,,,,,,,,,,,,,,,,,,,,,,,,,,,,,,,,,,,,,,,,,,,,,,,,,,,,,,,,,,,,,,,
884 MC 3PH,128-129,Rapporto di riduzione,884 MC 3PH,109885,"1:43,2",,,,,,,,,,,,,,,,,,,,,,,,,,,,,,,,,,,,,,,,,,,,,,,,,,,,,,,,,,,,,,,,,,,,,,,,,,,,,,,,,,,,,,,,,,,,,,,,,,,,,,,,,,,,,,,,,,,,,,,,,,,,,,,,,,,,,,,,,,,,,,,,,,,,,,,,,,,,,,,,,,,,,,,,,,,,,,,,,,,,,,,,,,,,,,,,,,,,,,,,,,,,,,,,,,,,,,,,,,,,,,,,,,,,,,,,,,,,,,,,,,,,,,,,,,,,,,,,,,,,,,,,,,,,,,,,,,,,,,,,,,,,,,,,,,,,,,,,,,,,,,,,,,,,,,,,,,,,,,,,,,,,,,,,,,,,,
884 MC 3PH,128-129,Larghezza max anta,884 MC 3PH,109885,42 m,,,,,,,,,,,,,,,,,,,,,,,,,,,,,,,,,,,,,,,,,,,,,,,,,,,,,,,,,,,,,,,,,,,,,,,,,,,,,,,,,,,,,,,,,,,,,,,,,,,,,,,,,,,,,,,,,,,,,,,,,,,,,,,,,,,,,,,,,,,,,,,,,,,,,,,,,,,,,,,,,,,,,,,,,,,,,,,,,,,,,,,,,,,,,,,,,,,,,,,,,,,,,,,,,,,,,,,,,,,,,,,,,,,,,,,,,,,,,,,,,,,,,,,,,,,,,,,,,,,,,,,,,,,,,,,,,,,,,,,,,,,,,,,,,,,,,,,,,,,,,,,,,,,,,,,,,,,,,,,,,,,,,,,,,,,,,
884 MC 3PH,128-129,Regolazione velocità e controllo motore,884 MC 3PH,109885,No,,,,,,,,,,,,,,,,,,,,,,,,,,,,,,,,,,,,,,,,,,,,,,,,,,,,,,,,,,,,,,,,,,,,,,,,,,,,,,,,,,,,,,,,,,,,,,,,,,,,,,,,,,,,,,,,,,,,,,,,,,,,,,,,,,,,,,,,,,,,,,,,,,,,,,,,,,,,,,,,,,,,,,,,,,,,,,,,,,,,,,,,,,,,,,,,,,,,,,,,,,,,,,,,,,,,,,,,,,,,,,,,,,,,,,,,,,,,,,,,,,,,,,,,,,,,,,,,,,,,,,,,,,,,,,,,,,,,,,,,,,,,,,,,,,,,,,,,,,,,,,,,,,,,,,,,,,,,,,,,,,,,,,,,,,,,,
884 MC 3PH,128-129,Finecorsa,884 MC 3PH,109885,Microinterrutore a levetta e rullino,,,,,,,,,,,,,,,,,,,,,,,,,,,,,,,,,,,,,,,,,,,,,,,,,,,,,,,,,,,,,,,,,,,,,,,,,,,,,,,,,,,,,,,,,,,,,,,,,,,,,,,,,,,,,,,,,,,,,,,,,,,,,,,,,,,,,,,,,,,,,,,,,,,,,,,,,,,,,,,,,,,,,,,,,,,,,,,,,,,,,,,,,,,,,,,,,,,,,,,,,,,,,,,,,,,,,,,,,,,,,,,,,,,,,,,,,,,,,,,,,,,,,,,,,,,,,,,,,,,,,,,,,,,,,,,,,,,,,,,,,,,,,,,,,,,,,,,,,,,,,,,,,,,,,,,,,,,,,,,,,,,,,,,,,,,,,
884 MC 3PH,128-129,Pignone,884 MC 3PH,109885,No,,,,,,,,,,,,,,,,,,,,,,,,,,,,,,,,,,,,,,,,,,,,,,,,,,,,,,,,,,,,,,,,,,,,,,,,,,,,,,,,,,,,,,,,,,,,,,,,,,,,,,,,,,,,,,,,,,,,,,,,,,,,,,,,,,,,,,,,,,,,,,,,,,,,,,,,,,,,,,,,,,,,,,,,,,,,,,,,,,,,,,,,,,,,,,,,,,,,,,,,,,,,,,,,,,,,,,,,,,,,,,,,,,,,,,,,,,,,,,,,,,,,,,,,,,,,,,,,,,,,,,,,,,,,,,,,,,,,,,,,,,,,,,,,,,,,,,,,,,,,,,,,,,,,,,,,,,,,,,,,,,,,,,,,,,,,,
884 MC 3PH,128-129,Encoder,884 MC 3PH,109885,No,,,,,,,,,,,,,,,,,,,,,,,,,,,,,,,,,,,,,,,,,,,,,,,,,,,,,,,,,,,,,,,,,,,,,,,,,,,,,,,,,,,,,,,,,,,,,,,,,,,,,,,,,,,,,,,,,,,,,,,,,,,,,,,,,,,,,,,,,,,,,,,,,,,,,,,,,,,,,,,,,,,,,,,,,,,,,,,,,,,,,,,,,,,,,,,,,,,,,,,,,,,,,,,,,,,,,,,,,,,,,,,,,,,,,,,,,,,,,,,,,,,,,,,,,,,,,,,,,,,,,,,,,,,,,,,,,,,,,,,,,,,,,,,,,,,,,,,,,,,,,,,,,,,,,,,,,,,,,,,,,,,,,,,,,,,,,
884 MC 3PH,128-129,Regolazione della forza,884 MC 3PH,109885,Frizione bidisco in bagno d’olio,,,,,,,,,,,,,,,,,,,,,,,,,,,,,,,,,,,,,,,,,,,,,,,,,,,,,,,,,,,,,,,,,,,,,,,,,,,,,,,,,,,,,,,,,,,,,,,,,,,,,,,,,,,,,,,,,,,,,,,,,,,,,,,,,,,,,,,,,,,,,,,,,,,,,,,,,,,,,,,,,,,,,,,,,,,,,,,,,,,,,,,,,,,,,,,,,,,,,,,,,,,,,,,,,,,,,,,,,,,,,,,,,,,,,,,,,,,,,,,,,,,,,,,,,,,,,,,,,,,,,,,,,,,,,,,,,,,,,,,,,,,,,,,,,,,,,,,,,,,,,,,,,,,,,,,,,,,,,,,,,,,,,,,,,,,,,
884 MC 3PH,128-129,Temperatura ambiente di esercizio,884 MC 3PH,109885,-20°C ÷ +65°C,,,,,,,,,,,,,,,,,,,,,,,,,,,,,,,,,,,,,,,,,,,,,,,,,,,,,,,,,,,,,,,,,,,,,,,,,,,,,,,,,,,,,,,,,,,,,,,,,,,,,,,,,,,,,,,,,,,,,,,,,,,,,,,,,,,,,,,,,,,,,,,,,,,,,,,,,,,,,,,,,,,,,,,,,,,,,,,,,,,,,,,,,,,,,,,,,,,,,,,,,,,,,,,,,,,,,,,,,,,,,,,,,,,,,,,,,,,,,,,,,,,,,,,,,,,,,,,,,,,,,,,,,,,,,,,,,,,,,,,,,,,,,,,,,,,,,,,,,,,,,,,,,,,,,,,,,,,,,,,,,,,,,,,,,,,,,
884 MC 3PH,128-129,Termoprotezione,884 MC 3PH,109885,155°C,,,,,,,,,,,,,,,,,,,,,,,,,,,,,,,,,,,,,,,,,,,,,,,,,,,,,,,,,,,,,,,,,,,,,,,,,,,,,,,,,,,,,,,,,,,,,,,,,,,,,,,,,,,,,,,,,,,,,,,,,,,,,,,,,,,,,,,,,,,,,,,,,,,,,,,,,,,,,,,,,,,,,,,,,,,,,,,,,,,,,,,,,,,,,,,,,,,,,,,,,,,,,,,,,,,,,,,,,,,,,,,,,,,,,,,,,,,,,,,,,,,,,,,,,,,,,,,,,,,,,,,,,,,,,,,,,,,,,,,,,,,,,,,,,,,,,,,,,,,,,,,,,,,,,,,,,,,,,,,,,,,,,,,,,,,,,
884 MC 3PH,128-129,Grado di protezione,884 MC 3PH,109885,IP55,,,,,,,,,,,,,,,,,,,,,,,,,,,,,,,,,,,,,,,,,,,,,,,,,,,,,,,,,,,,,,,,,,,,,,,,,,,,,,,,,,,,,,,,,,,,,,,,,,,,,,,,,,,,,,,,,,,,,,,,,,,,,,,,,,,,,,,,,,,,,,,,,,,,,,,,,,,,,,,,,,,,,,,,,,,,,,,,,,,,,,,,,,,,,,,,,,,,,,,,,,,,,,,,,,,,,,,,,,,,,,,,,,,,,,,,,,,,,,,,,,,,,,,,,,,,,,,,,,,,,,,,,,,,,,,,,,,,,,,,,,,,,,,,,,,,,,,,,,,,,,,,,,,,,,,,,,,,,,,,,,,,,,,,,,,,,
884 MC 3PH,128-129,Peso,884 MC 3PH,109885,50 Kg,,,,,,,,,,,,,,,,,,,,,,,,,,,,,,,,,,,,,,,,,,,,,,,,,,,,,,,,,,,,,,,,,,,,,,,,,,,,,,,,,,,,,,,,,,,,,,,,,,,,,,,,,,,,,,,,,,,,,,,,,,,,,,,,,,,,,,,,,,,,,,,,,,,,,,,,,,,,,,,,,,,,,,,,,,,,,,,,,,,,,,,,,,,,,,,,,,,,,,,,,,,,,,,,,,,,,,,,,,,,,,,,,,,,,,,,,,,,,,,,,,,,,,,,,,,,,,,,,,,,,,,,,,,,,,,,,,,,,,,,,,,,,,,,,,,,,,,,,,,,,,,,,,,,,,,,,,,,,,,,,,,,,,,,,,,,,
884 MC 3PH,128-129,Tipo di olio,884 MC 3PH,109885,FAAC HP OIL,,,,,,,,,,,,,,,,,,,,,,,,,,,,,,,,,,,,,,,,,,,,,,,,,,,,,,,,,,,,,,,,,,,,,,,,,,,,,,,,,,,,,,,,,,,,,,,,,,,,,,,,,,,,,,,,,,,,,,,,,,,,,,,,,,,,,,,,,,,,,,,,,,,,,,,,,,,,,,,,,,,,,,,,,,,,,,,,,,,,,,,,,,,,,,,,,,,,,,,,,,,,,,,,,,,,,,,,,,,,,,,,,,,,,,,,,,,,,,,,,,,,,,,,,,,,,,,,,,,,,,,,,,,,,,,,,,,,,,,,,,,,,,,,,,,,,,,,,,,,,,,,,,,,,,,,,,,,,,,,,,,,,,,,,,,,,
884 MC 3PH,128-129,Dimensioni (LxPxH),884 MC 3PH,109885,430 x 310 x 586 mm,,,,,,,,,,,,,,,,,,,,,,,,,,,,,,,,,,,,,,,,,,,,,,,,,,,,,,,,,,,,,,,,,,,,,,,,,,,,,,,,,,,,,,,,,,,,,,,,,,,,,,,,,,,,,,,,,,,,,,,,,,,,,,,,,,,,,,,,,,,,,,,,,,,,,,,,,,,,,,,,,,,,,,,,,,,,,,,,,,,,,,,,,,,,,,,,,,,,,,,,,,,,,,,,,,,,,,,,,,,,,,,,,,,,,,,,,,,,,,,,,,,,,,,,,,,,,,,,,,,,,,,,,,,,,,,,,,,,,,,,,,,,,,,,,,,,,,,,,,,,,,,,,,,,,,,,,,,,,,,,,,,,,,,,,,,,,
884 MC 3PH,128-129,Peso max anta,884 MC 3PH,109885,3.500 Kg,,,,,,,,,,,,,,,,,,,,,,,,,,,,,,,,,,,,,,,,,,,,,,,,,,,,,,,,,,,,,,,,,,,,,,,,,,,,,,,,,,,,,,,,,,,,,,,,,,,,,,,,,,,,,,,,,,,,,,,,,,,,,,,,,,,,,,,,,,,,,,,,,,,,,,,,,,,,,,,,,,,,,,,,,,,,,,,,,,,,,,,,,,,,,,,,,,,,,,,,,,,,,,,,,,,,,,,,,,,,,,,,,,,,,,,,,,,,,,,,,,,,,,,,,,,,,,,,,,,,,,,,,,,,,,,,,,,,,,,,,,,,,,,,,,,,,,,,,,,,,,,,,,,,,,,,,,,,,,,,,,,,,,,,,,,,,
884 MC 3PH,128-129,Frequenza di utilizzo,884 MC 3PH,109885,100% (fino a 2.000 Kg) - 50% (oltre 2.000 Kg),,,,,,,,,,,,,,,,,,,,,,,,,,,,,,,,,,,,,,,,,,,,,,,,,,,,,,,,,,,,,,,,,,,,,,,,,,,,,,,,,,,,,,,,,,,,,,,,,,,,,,,,,,,,,,,,,,,,,,,,,,,,,,,,,,,,,,,,,,,,,,,,,,,,,,,,,,,,,,,,,,,,,,,,,,,,,,,,,,,,,,,,,,,,,,,,,,,,,,,,,,,,,,,,,,,,,,,,,,,,,,,,,,,,,,,,,,,,,,,,,,,,,,,,,,,,,,,,,,,,,,,,,,,,,,,,,,,,,,,,,,,,,,,,,,,,,,,,,,,,,,,,,,,,,,,,,,,,,,,,,,,,,,,,,,,,,
884 MC 3PH,128-129,Apparecchiatura elettronica,884 MC 3PH,109885,E844 3PH incorporata,,,,,,,,,,,,,,,,,,,,,,,,,,,,,,,,,,,,,,,,,,,,,,,,,,,,,,,,,,,,,,,,,,,,,,,,,,,,,,,,,,,,,,,,,,,,,,,,,,,,,,,,,,,,,,,,,,,,,,,,,,,,,,,,,,,,,,,,,,,,,,,,,,,,,,,,,,,,,,,,,,,,,,,,,,,,,,,,,,,,,,,,,,,,,,,,,,,,,,,,,,,,,,,,,,,,,,,,,,,,,,,,,,,,,,,,,,,,,,,,,,,,,,,,,,,,,,,,,,,,,,,,,,,,,,,,,,,,,,,,,,,,,,,,,,,,,,,,,,,,,,,,,,,,,,,,,,,,,,,,,,,,,,,,,,,,,
C851,130-132,Tensione di alimentazione di rete,C851,109903,220-240V~ 50/60 Hz,,,,,,,,,,,,,,,,,,,,,,,,,,,,,,,,,,,,,,,,,,,,,,,,,,,,,,,,,,,,,,,,,,,,,,,,,,,,,,,,,,,,,,,,,,,,,,,,,,,,,,,,,,,,,,,,,,,,,,,,,,,,,,,,,,,,,,,,,,,,,,,,,,,,,,,,,,,,,,,,,,,,,,,,,,,,,,,,,,,,,,,,,,,,,,,,,,,,,,,,,,,,,,,,,,,,,,,,,,,,,,,,,,,,,,,,,,,,,,,,,,,,,,,,,,,,,,,,,,,,,,,,,,,,,,,,,,,,,,,,,,,,,,,,,,,,,,,,,,,,,,,,,,,,,,,,,,,,,,,,,,,,,,,,,,,,,
C851,130-132,Motore elettrico,C851,109903,1.1 KW trifase a quattro poli,,,,,,,,,,,,,,,,,,,,,,,,,,,,,,,,,,,,,,,,,,,,,,,,,,,,,,,,,,,,,,,,,,,,,,,,,,,,,,,,,,,,,,,,,,,,,,,,,,,,,,,,,,,,,,,,,,,,,,,,,,,,,,,,,,,,,,,,,,,,,,,,,,,,,,,,,,,,,,,,,,,,,,,,,,,,,,,,,,,,,,,,,,,,,,,,,,,,,,,,,,,,,,,,,,,,,,,,,,,,,,,,,,,,,,,,,,,,,,,,,,,,,,,,,,,,,,,,,,,,,,,,,,,,,,,,,,,,,,,,,,,,,,,,,,,,,,,,,,,,,,,,,,,,,,,,,,,,,,,,,,,,,,,,,,,,,
C851,130-132,Potenza max,C851,109903,1.800 W,,,,,,,,,,,,,,,,,,,,,,,,,,,,,,,,,,,,,,,,,,,,,,,,,,,,,,,,,,,,,,,,,,,,,,,,,,,,,,,,,,,,,,,,,,,,,,,,,,,,,,,,,,,,,,,,,,,,,,,,,,,,,,,,,,,,,,,,,,,,,,,,,,,,,,,,,,,,,,,,,,,,,,,,,,,,,,,,,,,,,,,,,,,,,,,,,,,,,,,,,,,,,,,,,,,,,,,,,,,,,,,,,,,,,,,,,,,,,,,,,,,,,,,,,,,,,,,,,,,,,,,,,,,,,,,,,,,,,,,,,,,,,,,,,,,,,,,,,,,,,,,,,,,,,,,,,,,,,,,,,,,,,,,,,,,,,
C851,130-132,Coppia max,C851,109903,168 Nm (*),,,,,,,,,,,,,,,,,,,,,,,,,,,,,,,,,,,,,,,,,,,,,,,,,,,,,,,,,,,,,,,,,,,,,,,,,,,,,,,,,,,,,,,,,,,,,,,,,,,,,,,,,,,,,,,,,,,,,,,,,,,,,,,,,,,,,,,,,,,,,,,,,,,,,,,,,,,,,,,,,,,,,,,,,,,,,,,,,,,,,,,,,,,,,,,,,,,,,,,,,,,,,,,,,,,,,,,,,,,,,,,,,,,,,,,,,,,,,,,,,,,,,,,,,,,,,,,,,,,,,,,,,,,,,,,,,,,,,,,,,,,,,,,,,,,,,,,,,,,,,,,,,,,,,,,,,,,,,,,,,,,,,,,,,,,,,
C851,130-132,Forza max di spinta,C851,109903,3.000 N (*),,,,,,,,,,,,,,,,,,,,,,,,,,,,,,,,,,,,,,,,,,,,,,,,,,,,,,,,,,,,,,,,,,,,,,,,,,,,,,,,,,,,,,,,,,,,,,,,,,,,,,,,,,,,,,,,,,,,,,,,,,,,,,,,,,,,,,,,,,,,,,,,,,,,,,,,,,,,,,,,,,,,,,,,,,,,,,,,,,,,,,,,,,,,,,,,,,,,,,,,,,,,,,,,,,,,,,,,,,,,,,,,,,,,,,,,,,,,,,,,,,,,,,,,,,,,,,,,,,,,,,,,,,,,,,,,,,,,,,,,,,,,,,,,,,,,,,,,,,,,,,,,,,,,,,,,,,,,,,,,,,,,,,,,,,,,,
C851,130-132,Larghezza max anta,C851,109903,20 m,,,,,,,,,,,,,,,,,,,,,,,,,,,,,,,,,,,,,,,,,,,,,,,,,,,,,,,,,,,,,,,,,,,,,,,,,,,,,,,,,,,,,,,,,,,,,,,,,,,,,,,,,,,,,,,,,,,,,,,,,,,,,,,,,,,,,,,,,,,,,,,,,,,,,,,,,,,,,,,,,,,,,,,,,,,,,,,,,,,,,,,,,,,,,,,,,,,,,,,,,,,,,,,,,,,,,,,,,,,,,,,,,,,,,,,,,,,,,,,,,,,,,,,,,,,,,,,,,,,,,,,,,,,,,,,,,,,,,,,,,,,,,,,,,,,,,,,,,,,,,,,,,,,,,,,,,,,,,,,,,,,,,,,,,,,,,
C851,130-132,Velocità dell'anta,C851,109903,20 ÷ 40 m/min (regolabile),,,,,,,,,,,,,,,,,,,,,,,,,,,,,,,,,,,,,,,,,,,,,,,,,,,,,,,,,,,,,,,,,,,,,,,,,,,,,,,,,,,,,,,,,,,,,,,,,,,,,,,,,,,,,,,,,,,,,,,,,,,,,,,,,,,,,,,,,,,,,,,,,,,,,,,,,,,,,,,,,,,,,,,,,,,,,,,,,,,,,,,,,,,,,,,,,,,,,,,,,,,,,,,,,,,,,,,,,,,,,,,,,,,,,,,,,,,,,,,,,,,,,,,,,,,,,,,,,,,,,,,,,,,,,,,,,,,,,,,,,,,,,,,,,,,,,,,,,,,,,,,,,,,,,,,,,,,,,,,,,,,,,,,,,,,,,
C851,130-132,Regolazione velocità e controllo motore,C851,109903,Su scheda elettronica,,,,,,,,,,,,,,,,,,,,,,,,,,,,,,,,,,,,,,,,,,,,,,,,,,,,,,,,,,,,,,,,,,,,,,,,,,,,,,,,,,,,,,,,,,,,,,,,,,,,,,,,,,,,,,,,,,,,,,,,,,,,,,,,,,,,,,,,,,,,,,,,,,,,,,,,,,,,,,,,,,,,,,,,,,,,,,,,,,,,,,,,,,,,,,,,,,,,,,,,,,,,,,,,,,,,,,,,,,,,,,,,,,,,,,,,,,,,,,,,,,,,,,,,,,,,,,,,,,,,,,,,,,,,,,,,,,,,,,,,,,,,,,,,,,,,,,,,,,,,,,,,,,,,,,,,,,,,,,,,,,,,,,,,,,,,,
C851,130-132,Finecorsa,C851,109903,meccanici integrati + magnetico,,,,,,,,,,,,,,,,,,,,,,,,,,,,,,,,,,,,,,,,,,,,,,,,,,,,,,,,,,,,,,,,,,,,,,,,,,,,,,,,,,,,,,,,,,,,,,,,,,,,,,,,,,,,,,,,,,,,,,,,,,,,,,,,,,,,,,,,,,,,,,,,,,,,,,,,,,,,,,,,,,,,,,,,,,,,,,,,,,,,,,,,,,,,,,,,,,,,,,,,,,,,,,,,,,,,,,,,,,,,,,,,,,,,,,,,,,,,,,,,,,,,,,,,,,,,,,,,,,,,,,,,,,,,,,,,,,,,,,,,,,,,,,,,,,,,,,,,,,,,,,,,,,,,,,,,,,,,,,,,,,,,,,,,,,,,,
C851,130-132,Pignone,C851,109903,Z28 modulo 4,,,,,,,,,,,,,,,,,,,,,,,,,,,,,,,,,,,,,,,,,,,,,,,,,,,,,,,,,,,,,,,,,,,,,,,,,,,,,,,,,,,,,,,,,,,,,,,,,,,,,,,,,,,,,,,,,,,,,,,,,,,,,,,,,,,,,,,,,,,,,,,,,,,,,,,,,,,,,,,,,,,,,,,,,,,,,,,,,,,,,,,,,,,,,,,,,,,,,,,,,,,,,,,,,,,,,,,,,,,,,,,,,,,,,,,,,,,,,,,,,,,,,,,,,,,,,,,,,,,,,,,,,,,,,,,,,,,,,,,,,,,,,,,,,,,,,,,,,,,,,,,,,,,,,,,,,,,,,,,,,,,,,,,,,,,,,
C851,130-132,Temperatura ambiente di esercizio,C851,109903,-20°C ÷ +55°C,,,,,,,,,,,,,,,,,,,,,,,,,,,,,,,,,,,,,,,,,,,,,,,,,,,,,,,,,,,,,,,,,,,,,,,,,,,,,,,,,,,,,,,,,,,,,,,,,,,,,,,,,,,,,,,,,,,,,,,,,,,,,,,,,,,,,,,,,,,,,,,,,,,,,,,,,,,,,,,,,,,,,,,,,,,,,,,,,,,,,,,,,,,,,,,,,,,,,,,,,,,,,,,,,,,,,,,,,,,,,,,,,,,,,,,,,,,,,,,,,,,,,,,,,,,,,,,,,,,,,,,,,,,,,,,,,,,,,,,,,,,,,,,,,,,,,,,,,,,,,,,,,,,,,,,,,,,,,,,,,,,,,,,,,,,,,
C851,130-132,Termoprotezione,C851,109903,75°C,,,,,,,,,,,,,,,,,,,,,,,,,,,,,,,,,,,,,,,,,,,,,,,,,,,,,,,,,,,,,,,,,,,,,,,,,,,,,,,,,,,,,,,,,,,,,,,,,,,,,,,,,,,,,,,,,,,,,,,,,,,,,,,,,,,,,,,,,,,,,,,,,,,,,,,,,,,,,,,,,,,,,,,,,,,,,,,,,,,,,,,,,,,,,,,,,,,,,,,,,,,,,,,,,,,,,,,,,,,,,,,,,,,,,,,,,,,,,,,,,,,,,,,,,,,,,,,,,,,,,,,,,,,,,,,,,,,,,,,,,,,,,,,,,,,,,,,,,,,,,,,,,,,,,,,,,,,,,,,,,,,,,,,,,,,,,
C851,130-132,Grado di protezione,C851,109903,IP54,,,,,,,,,,,,,,,,,,,,,,,,,,,,,,,,,,,,,,,,,,,,,,,,,,,,,,,,,,,,,,,,,,,,,,,,,,,,,,,,,,,,,,,,,,,,,,,,,,,,,,,,,,,,,,,,,,,,,,,,,,,,,,,,,,,,,,,,,,,,,,,,,,,,,,,,,,,,,,,,,,,,,,,,,,,,,,,,,,,,,,,,,,,,,,,,,,,,,,,,,,,,,,,,,,,,,,,,,,,,,,,,,,,,,,,,,,,,,,,,,,,,,,,,,,,,,,,,,,,,,,,,,,,,,,,,,,,,,,,,,,,,,,,,,,,,,,,,,,,,,,,,,,,,,,,,,,,,,,,,,,,,,,,,,,,,,
C851,130-132,Peso,C851,109903,40 Kg,,,,,,,,,,,,,,,,,,,,,,,,,,,,,,,,,,,,,,,,,,,,,,,,,,,,,,,,,,,,,,,,,,,,,,,,,,,,,,,,,,,,,,,,,,,,,,,,,,,,,,,,,,,,,,,,,,,,,,,,,,,,,,,,,,,,,,,,,,,,,,,,,,,,,,,,,,,,,,,,,,,,,,,,,,,,,,,,,,,,,,,,,,,,,,,,,,,,,,,,,,,,,,,,,,,,,,,,,,,,,,,,,,,,,,,,,,,,,,,,,,,,,,,,,,,,,,,,,,,,,,,,,,,,,,,,,,,,,,,,,,,,,,,,,,,,,,,,,,,,,,,,,,,,,,,,,,,,,,,,,,,,,,,,,,,,,
C851,130-132,Dimensioni (LxPxH),C851,109903,510 x 295 x 467 mm,,,,,,,,,,,,,,,,,,,,,,,,,,,,,,,,,,,,,,,,,,,,,,,,,,,,,,,,,,,,,,,,,,,,,,,,,,,,,,,,,,,,,,,,,,,,,,,,,,,,,,,,,,,,,,,,,,,,,,,,,,,,,,,,,,,,,,,,,,,,,,,,,,,,,,,,,,,,,,,,,,,,,,,,,,,,,,,,,,,,,,,,,,,,,,,,,,,,,,,,,,,,,,,,,,,,,,,,,,,,,,,,,,,,,,,,,,,,,,,,,,,,,,,,,,,,,,,,,,,,,,,,,,,,,,,,,,,,,,,,,,,,,,,,,,,,,,,,,,,,,,,,,,,,,,,,,,,,,,,,,,,,,,,,,,,,,
C851,130-132,Peso max anta,C851,109903,1.800 Kg,,,,,,,,,,,,,,,,,,,,,,,,,,,,,,,,,,,,,,,,,,,,,,,,,,,,,,,,,,,,,,,,,,,,,,,,,,,,,,,,,,,,,,,,,,,,,,,,,,,,,,,,,,,,,,,,,,,,,,,,,,,,,,,,,,,,,,,,,,,,,,,,,,,,,,,,,,,,,,,,,,,,,,,,,,,,,,,,,,,,,,,,,,,,,,,,,,,,,,,,,,,,,,,,,,,,,,,,,,,,,,,,,,,,,,,,,,,,,,,,,,,,,,,,,,,,,,,,,,,,,,,,,,,,,,,,,,,,,,,,,,,,,,,,,,,,,,,,,,,,,,,,,,,,,,,,,,,,,,,,,,,,,,,,,,,,,
C851,130-132,Frequenza di utilizzo,C851,109903,100% (T=25 °C),,,,,,,,,,,,,,,,,,,,,,,,,,,,,,,,,,,,,,,,,,,,,,,,,,,,,,,,,,,,,,,,,,,,,,,,,,,,,,,,,,,,,,,,,,,,,,,,,,,,,,,,,,,,,,,,,,,,,,,,,,,,,,,,,,,,,,,,,,,,,,,,,,,,,,,,,,,,,,,,,,,,,,,,,,,,,,,,,,,,,,,,,,,,,,,,,,,,,,,,,,,,,,,,,,,,,,,,,,,,,,,,,,,,,,,,,,,,,,,,,,,,,,,,,,,,,,,,,,,,,,,,,,,,,,,,,,,,,,,,,,,,,,,,,,,,,,,,,,,,,,,,,,,,,,,,,,,,,,,,,,,,,,,,,,,,,
C851,130-132,Apparecchiatura elettronica,C851,109903,E850S incorporata,,,,,,,,,,,,,,,,,,,,,,,,,,,,,,,,,,,,,,,,,,,,,,,,,,,,,,,,,,,,,,,,,,,,,,,,,,,,,,,,,,,,,,,,,,,,,,,,,,,,,,,,,,,,,,,,,,,,,,,,,,,,,,,,,,,,,,,,,,,,,,,,,,,,,,,,,,,,,,,,,,,,,,,,,,,,,,,,,,,,,,,,,,,,,,,,,,,,,,,,,,,,,,,,,,,,,,,,,,,,,,,,,,,,,,,,,,,,,,,,,,,,,,,,,,,,,,,,,,,,,,,,,,,,,,,,,,,,,,,,,,,,,,,,,,,,,,,,,,,,,,,,,,,,,,,,,,,,,,,,,,,,,,,,,,,,,
D600,134-135,Tensione di alimentazione di rete,D600,110600,220-240V~ 50/60 Hz,,,,,,,,,,,,,,,,,,,,,,,,,,,,,,,,,,,,,,,,,,,,,,,,,,,,,,,,,,,,,,,,,,,,,,,,,,,,,,,,,,,,,,,,,,,,,,,,,,,,,,,,,,,,,,,,,,,,,,,,,,,,,,,,,,,,,,,,,,,,,,,,,,,,,,,,,,,,,,,,,,,,,,,,,,,,,,,,,,,,,,,,,,,,,,,,,,,,,,,,,,,,,,,,,,,,,,,,,,,,,,,,,,,,,,,,,,,,,,,,,,,,,,,,,,,,,,,,,,,,,,,,,,,,,,,,,,,,,,,,,,,,,,,,,,,,,,,,,,,,,,,,,,,,,,,,,,,,,,,,,,,,,,,,,,,,,
D600,134-135,Motore elettrico,D600,110600,Con spazzole 24V,,,,,,,,,,,,,,,,,,,,,,,,,,,,,,,,,,,,,,,,,,,,,,,,,,,,,,,,,,,,,,,,,,,,,,,,,,,,,,,,,,,,,,,,,,,,,,,,,,,,,,,,,,,,,,,,,,,,,,,,,,,,,,,,,,,,,,,,,,,,,,,,,,,,,,,,,,,,,,,,,,,,,,,,,,,,,,,,,,,,,,,,,,,,,,,,,,,,,,,,,,,,,,,,,,,,,,,,,,,,,,,,,,,,,,,,,,,,,,,,,,,,,,,,,,,,,,,,,,,,,,,,,,,,,,,,,,,,,,,,,,,,,,,,,,,,,,,,,,,,,,,,,,,,,,,,,,,,,,,,,,,,,,,,,,,,,
D600,134-135,Potenza max,D600,110600,220 W,,,,,,,,,,,,,,,,,,,,,,,,,,,,,,,,,,,,,,,,,,,,,,,,,,,,,,,,,,,,,,,,,,,,,,,,,,,,,,,,,,,,,,,,,,,,,,,,,,,,,,,,,,,,,,,,,,,,,,,,,,,,,,,,,,,,,,,,,,,,,,,,,,,,,,,,,,,,,,,,,,,,,,,,,,,,,,,,,,,,,,,,,,,,,,,,,,,,,,,,,,,,,,,,,,,,,,,,,,,,,,,,,,,,,,,,,,,,,,,,,,,,,,,,,,,,,,,,,,,,,,,,,,,,,,,,,,,,,,,,,,,,,,,,,,,,,,,,,,,,,,,,,,,,,,,,,,,,,,,,,,,,,,,,,,,,,
D600,134-135,Forza max di spinta,D600,110600,600 N,,,,,,,,,,,,,,,,,,,,,,,,,,,,,,,,,,,,,,,,,,,,,,,,,,,,,,,,,,,,,,,,,,,,,,,,,,,,,,,,,,,,,,,,,,,,,,,,,,,,,,,,,,,,,,,,,,,,,,,,,,,,,,,,,,,,,,,,,,,,,,,,,,,,,,,,,,,,,,,,,,,,,,,,,,,,,,,,,,,,,,,,,,,,,,,,,,,,,,,,,,,,,,,,,,,,,,,,,,,,,,,,,,,,,,,,,,,,,,,,,,,,,,,,,,,,,,,,,,,,,,,,,,,,,,,,,,,,,,,,,,,,,,,,,,,,,,,,,,,,,,,,,,,,,,,,,,,,,,,,,,,,,,,,,,,,,
D600,134-135,Altezza min architrave,D600,110600,35 mm,,,,,,,,,,,,,,,,,,,,,,,,,,,,,,,,,,,,,,,,,,,,,,,,,,,,,,,,,,,,,,,,,,,,,,,,,,,,,,,,,,,,,,,,,,,,,,,,,,,,,,,,,,,,,,,,,,,,,,,,,,,,,,,,,,,,,,,,,,,,,,,,,,,,,,,,,,,,,,,,,,,,,,,,,,,,,,,,,,,,,,,,,,,,,,,,,,,,,,,,,,,,,,,,,,,,,,,,,,,,,,,,,,,,,,,,,,,,,,,,,,,,,,,,,,,,,,,,,,,,,,,,,,,,,,,,,,,,,,,,,,,,,,,,,,,,,,,,,,,,,,,,,,,,,,,,,,,,,,,,,,,,,,,,,,,,,
D600,134-135,Velocità max carrello,D600,110600,"6,6 m/min",,,,,,,,,,,,,,,,,,,,,,,,,,,,,,,,,,,,,,,,,,,,,,,,,,,,,,,,,,,,,,,,,,,,,,,,,,,,,,,,,,,,,,,,,,,,,,,,,,,,,,,,,,,,,,,,,,,,,,,,,,,,,,,,,,,,,,,,,,,,,,,,,,,,,,,,,,,,,,,,,,,,,,,,,,,,,,,,,,,,,,,,,,,,,,,,,,,,,,,,,,,,,,,,,,,,,,,,,,,,,,,,,,,,,,,,,,,,,,,,,,,,,,,,,,,,,,,,,,,,,,,,,,,,,,,,,,,,,,,,,,,,,,,,,,,,,,,,,,,,,,,,,,,,,,,,,,,,,,,,,,,,,,,,,,,,,
D600,134-135,Velocità di rallentamento,D600,110600,"1,3 m/min",,,,,,,,,,,,,,,,,,,,,,,,,,,,,,,,,,,,,,,,,,,,,,,,,,,,,,,,,,,,,,,,,,,,,,,,,,,,,,,,,,,,,,,,,,,,,,,,,,,,,,,,,,,,,,,,,,,,,,,,,,,,,,,,,,,,,,,,,,,,,,,,,,,,,,,,,,,,,,,,,,,,,,,,,,,,,,,,,,,,,,,,,,,,,,,,,,,,,,,,,,,,,,,,,,,,,,,,,,,,,,,,,,,,,,,,,,,,,,,,,,,,,,,,,,,,,,,,,,,,,,,,,,,,,,,,,,,,,,,,,,,,,,,,,,,,,,,,,,,,,,,,,,,,,,,,,,,,,,,,,,,,,,,,,,,,,
D600,134-135,Encoder,D600,110600,Elettronico,,,,,,,,,,,,,,,,,,,,,,,,,,,,,,,,,,,,,,,,,,,,,,,,,,,,,,,,,,,,,,,,,,,,,,,,,,,,,,,,,,,,,,,,,,,,,,,,,,,,,,,,,,,,,,,,,,,,,,,,,,,,,,,,,,,,,,,,,,,,,,,,,,,,,,,,,,,,,,,,,,,,,,,,,,,,,,,,,,,,,,,,,,,,,,,,,,,,,,,,,,,,,,,,,,,,,,,,,,,,,,,,,,,,,,,,,,,,,,,,,,,,,,,,,,,,,,,,,,,,,,,,,,,,,,,,,,,,,,,,,,,,,,,,,,,,,,,,,,,,,,,,,,,,,,,,,,,,,,,,,,,,,,,,,,,,,
D600,134-135,Temperatura ambiente di esercizio,D600,110600,-20 °C ÷ +55 °C,,,,,,,,,,,,,,,,,,,,,,,,,,,,,,,,,,,,,,,,,,,,,,,,,,,,,,,,,,,,,,,,,,,,,,,,,,,,,,,,,,,,,,,,,,,,,,,,,,,,,,,,,,,,,,,,,,,,,,,,,,,,,,,,,,,,,,,,,,,,,,,,,,,,,,,,,,,,,,,,,,,,,,,,,,,,,,,,,,,,,,,,,,,,,,,,,,,,,,,,,,,,,,,,,,,,,,,,,,,,,,,,,,,,,,,,,,,,,,,,,,,,,,,,,,,,,,,,,,,,,,,,,,,,,,,,,,,,,,,,,,,,,,,,,,,,,,,,,,,,,,,,,,,,,,,,,,,,,,,,,,,,,,,,,,,,,
D600,134-135,Grado di protezione,D600,110600,Solo per uso interno (IP20),,,,,,,,,,,,,,,,,,,,,,,,,,,,,,,,,,,,,,,,,,,,,,,,,,,,,,,,,,,,,,,,,,,,,,,,,,,,,,,,,,,,,,,,,,,,,,,,,,,,,,,,,,,,,,,,,,,,,,,,,,,,,,,,,,,,,,,,,,,,,,,,,,,,,,,,,,,,,,,,,,,,,,,,,,,,,,,,,,,,,,,,,,,,,,,,,,,,,,,,,,,,,,,,,,,,,,,,,,,,,,,,,,,,,,,,,,,,,,,,,,,,,,,,,,,,,,,,,,,,,,,,,,,,,,,,,,,,,,,,,,,,,,,,,,,,,,,,,,,,,,,,,,,,,,,,,,,,,,,,,,,,,,,,,,,,,
D600,134-135,Peso,D600,110600,"6,2 Kg",,,,,,,,,,,,,,,,,,,,,,,,,,,,,,,,,,,,,,,,,,,,,,,,,,,,,,,,,,,,,,,,,,,,,,,,,,,,,,,,,,,,,,,,,,,,,,,,,,,,,,,,,,,,,,,,,,,,,,,,,,,,,,,,,,,,,,,,,,,,,,,,,,,,,,,,,,,,,,,,,,,,,,,,,,,,,,,,,,,,,,,,,,,,,,,,,,,,,,,,,,,,,,,,,,,,,,,,,,,,,,,,,,,,,,,,,,,,,,,,,,,,,,,,,,,,,,,,,,,,,,,,,,,,,,,,,,,,,,,,,,,,,,,,,,,,,,,,,,,,,,,,,,,,,,,,,,,,,,,,,,,,,,,,,,,,,
D600,134-135,Dimensioni (LxPxH),D600,110600,360 x 200 x 145 mm,,,,,,,,,,,,,,,,,,,,,,,,,,,,,,,,,,,,,,,,,,,,,,,,,,,,,,,,,,,,,,,,,,,,,,,,,,,,,,,,,,,,,,,,,,,,,,,,,,,,,,,,,,,,,,,,,,,,,,,,,,,,,,,,,,,,,,,,,,,,,,,,,,,,,,,,,,,,,,,,,,,,,,,,,,,,,,,,,,,,,,,,,,,,,,,,,,,,,,,,,,,,,,,,,,,,,,,,,,,,,,,,,,,,,,,,,,,,,,,,,,,,,,,,,,,,,,,,,,,,,,,,,,,,,,,,,,,,,,,,,,,,,,,,,,,,,,,,,,,,,,,,,,,,,,,,,,,,,,,,,,,,,,,,,,,,,
D600,134-135,Apparecchiatura elettronica,D600,110600,E600 incorporata,,,,,,,,,,,,,,,,,,,,,,,,,,,,,,,,,,,,,,,,,,,,,,,,,,,,,,,,,,,,,,,,,,,,,,,,,,,,,,,,,,,,,,,,,,,,,,,,,,,,,,,,,,,,,,,,,,,,,,,,,,,,,,,,,,,,,,,,,,,,,,,,,,,,,,,,,,,,,,,,,,,,,,,,,,,,,,,,,,,,,,,,,,,,,,,,,,,,,,,,,,,,,,,,,,,,,,,,,,,,,,,,,,,,,,,,,,,,,,,,,,,,,,,,,,,,,,,,,,,,,,,,,,,,,,,,,,,,,,,,,,,,,,,,,,,,,,,,,,,,,,,,,,,,,,,,,,,,,,,,,,,,,,,,,,,,,
D600,134-135,Frequenza di utilizzo,D600,110600,Uso continuo,,,,,,,,,,,,,,,,,,,,,,,,,,,,,,,,,,,,,,,,,,,,,,,,,,,,,,,,,,,,,,,,,,,,,,,,,,,,,,,,,,,,,,,,,,,,,,,,,,,,,,,,,,,,,,,,,,,,,,,,,,,,,,,,,,,,,,,,,,,,,,,,,,,,,,,,,,,,,,,,,,,,,,,,,,,,,,,,,,,,,,,,,,,,,,,,,,,,,,,,,,,,,,,,,,,,,,,,,,,,,,,,,,,,,,,,,,,,,,,,,,,,,,,,,,,,,,,,,,,,,,,,,,,,,,,,,,,,,,,,,,,,,,,,,,,,,,,,,,,,,,,,,,,,,,,,,,,,,,,,,,,,,,,,,,,,,
D700 HS,136-137,Tensione di alimentazione di rete,D700 HS,110602,220-240V~ 50/60 Hz,,,,,,,,,,,,,,,,,,,,,,,,,,,,,,,,,,,,,,,,,,,,,,,,,,,,,,,,,,,,,,,,,,,,,,,,,,,,,,,,,,,,,,,,,,,,,,,,,,,,,,,,,,,,,,,,,,,,,,,,,,,,,,,,,,,,,,,,,,,,,,,,,,,,,,,,,,,,,,,,,,,,,,,,,,,,,,,,,,,,,,,,,,,,,,,,,,,,,,,,,,,,,,,,,,,,,,,,,,,,,,,,,,,,,,,,,,,,,,,,,,,,,,,,,,,,,,,,,,,,,,,,,,,,,,,,,,,,,,,,,,,,,,,,,,,,,,,,,,,,,,,,,,,,,,,,,,,,,,,,,,,,,,,,,,,,,
D700 HS,136-137,Motore elettrico,D700 HS,110602,Con spazzole 24V,,,,,,,,,,,,,,,,,,,,,,,,,,,,,,,,,,,,,,,,,,,,,,,,,,,,,,,,,,,,,,,,,,,,,,,,,,,,,,,,,,,,,,,,,,,,,,,,,,,,,,,,,,,,,,,,,,,,,,,,,,,,,,,,,,,,,,,,,,,,,,,,,,,,,,,,,,,,,,,,,,,,,,,,,,,,,,,,,,,,,,,,,,,,,,,,,,,,,,,,,,,,,,,,,,,,,,,,,,,,,,,,,,,,,,,,,,,,,,,,,,,,,,,,,,,,,,,,,,,,,,,,,,,,,,,,,,,,,,,,,,,,,,,,,,,,,,,,,,,,,,,,,,,,,,,,,,,,,,,,,,,,,,,,,,,,,
D700 HS,136-137,Potenza max,D700 HS,110602,440 W,,,,,,,,,,,,,,,,,,,,,,,,,,,,,,,,,,,,,,,,,,,,,,,,,,,,,,,,,,,,,,,,,,,,,,,,,,,,,,,,,,,,,,,,,,,,,,,,,,,,,,,,,,,,,,,,,,,,,,,,,,,,,,,,,,,,,,,,,,,,,,,,,,,,,,,,,,,,,,,,,,,,,,,,,,,,,,,,,,,,,,,,,,,,,,,,,,,,,,,,,,,,,,,,,,,,,,,,,,,,,,,,,,,,,,,,,,,,,,,,,,,,,,,,,,,,,,,,,,,,,,,,,,,,,,,,,,,,,,,,,,,,,,,,,,,,,,,,,,,,,,,,,,,,,,,,,,,,,,,,,,,,,,,,,,,,,
D700 HS,136-137,Forza max di spinta,D700 HS,110602,700 N,,,,,,,,,,,,,,,,,,,,,,,,,,,,,,,,,,,,,,,,,,,,,,,,,,,,,,,,,,,,,,,,,,,,,,,,,,,,,,,,,,,,,,,,,,,,,,,,,,,,,,,,,,,,,,,,,,,,,,,,,,,,,,,,,,,,,,,,,,,,,,,,,,,,,,,,,,,,,,,,,,,,,,,,,,,,,,,,,,,,,,,,,,,,,,,,,,,,,,,,,,,,,,,,,,,,,,,,,,,,,,,,,,,,,,,,,,,,,,,,,,,,,,,,,,,,,,,,,,,,,,,,,,,,,,,,,,,,,,,,,,,,,,,,,,,,,,,,,,,,,,,,,,,,,,,,,,,,,,,,,,,,,,,,,,,,,
D700 HS,136-137,Altezza min architrave,D700 HS,110602,35 mm,,,,,,,,,,,,,,,,,,,,,,,,,,,,,,,,,,,,,,,,,,,,,,,,,,,,,,,,,,,,,,,,,,,,,,,,,,,,,,,,,,,,,,,,,,,,,,,,,,,,,,,,,,,,,,,,,,,,,,,,,,,,,,,,,,,,,,,,,,,,,,,,,,,,,,,,,,,,,,,,,,,,,,,,,,,,,,,,,,,,,,,,,,,,,,,,,,,,,,,,,,,,,,,,,,,,,,,,,,,,,,,,,,,,,,,,,,,,,,,,,,,,,,,,,,,,,,,,,,,,,,,,,,,,,,,,,,,,,,,,,,,,,,,,,,,,,,,,,,,,,,,,,,,,,,,,,,,,,,,,,,,,,,,,,,,,,
D700 HS,136-137,Velocità max carrello,D700 HS,110602,12 m/min,,,,,,,,,,,,,,,,,,,,,,,,,,,,,,,,,,,,,,,,,,,,,,,,,,,,,,,,,,,,,,,,,,,,,,,,,,,,,,,,,,,,,,,,,,,,,,,,,,,,,,,,,,,,,,,,,,,,,,,,,,,,,,,,,,,,,,,,,,,,,,,,,,,,,,,,,,,,,,,,,,,,,,,,,,,,,,,,,,,,,,,,,,,,,,,,,,,,,,,,,,,,,,,,,,,,,,,,,,,,,,,,,,,,,,,,,,,,,,,,,,,,,,,,,,,,,,,,,,,,,,,,,,,,,,,,,,,,,,,,,,,,,,,,,,,,,,,,,,,,,,,,,,,,,,,,,,,,,,,,,,,,,,,,,,,,,
D700 HS,136-137,Velocità di rallentamento,D700 HS,110602,"2,5 m/min",,,,,,,,,,,,,,,,,,,,,,,,,,,,,,,,,,,,,,,,,,,,,,,,,,,,,,,,,,,,,,,,,,,,,,,,,,,,,,,,,,,,,,,,,,,,,,,,,,,,,,,,,,,,,,,,,,,,,,,,,,,,,,,,,,,,,,,,,,,,,,,,,,,,,,,,,,,,,,,,,,,,,,,,,,,,,,,,,,,,,,,,,,,,,,,,,,,,,,,,,,,,,,,,,,,,,,,,,,,,,,,,,,,,,,,,,,,,,,,,,,,,,,,,,,,,,,,,,,,,,,,,,,,,,,,,,,,,,,,,,,,,,,,,,,,,,,,,,,,,,,,,,,,,,,,,,,,,,,,,,,,,,,,,,,,,,
D700 HS,136-137,Encoder,D700 HS,110602,Elettronico,,,,,,,,,,,,,,,,,,,,,,,,,,,,,,,,,,,,,,,,,,,,,,,,,,,,,,,,,,,,,,,,,,,,,,,,,,,,,,,,,,,,,,,,,,,,,,,,,,,,,,,,,,,,,,,,,,,,,,,,,,,,,,,,,,,,,,,,,,,,,,,,,,,,,,,,,,,,,,,,,,,,,,,,,,,,,,,,,,,,,,,,,,,,,,,,,,,,,,,,,,,,,,,,,,,,,,,,,,,,,,,,,,,,,,,,,,,,,,,,,,,,,,,,,,,,,,,,,,,,,,,,,,,,,,,,,,,,,,,,,,,,,,,,,,,,,,,,,,,,,,,,,,,,,,,,,,,,,,,,,,,,,,,,,,,,,
D700 HS,136-137,Temperatura ambiente di esercizio,D700 HS,110602,-20 °C ÷ +55 °C,,,,,,,,,,,,,,,,,,,,,,,,,,,,,,,,,,,,,,,,,,,,,,,,,,,,,,,,,,,,,,,,,,,,,,,,,,,,,,,,,,,,,,,,,,,,,,,,,,,,,,,,,,,,,,,,,,,,,,,,,,,,,,,,,,,,,,,,,,,,,,,,,,,,,,,,,,,,,,,,,,,,,,,,,,,,,,,,,,,,,,,,,,,,,,,,,,,,,,,,,,,,,,,,,,,,,,,,,,,,,,,,,,,,,,,,,,,,,,,,,,,,,,,,,,,,,,,,,,,,,,,,,,,,,,,,,,,,,,,,,,,,,,,,,,,,,,,,,,,,,,,,,,,,,,,,,,,,,,,,,,,,,,,,,,,,,
D700 HS,136-137,Grado di protezione,D700 HS,110602,Solo per uso interno (IP20),,,,,,,,,,,,,,,,,,,,,,,,,,,,,,,,,,,,,,,,,,,,,,,,,,,,,,,,,,,,,,,,,,,,,,,,,,,,,,,,,,,,,,,,,,,,,,,,,,,,,,,,,,,,,,,,,,,,,,,,,,,,,,,,,,,,,,,,,,,,,,,,,,,,,,,,,,,,,,,,,,,,,,,,,,,,,,,,,,,,,,,,,,,,,,,,,,,,,,,,,,,,,,,,,,,,,,,,,,,,,,,,,,,,,,,,,,,,,,,,,,,,,,,,,,,,,,,,,,,,,,,,,,,,,,,,,,,,,,,,,,,,,,,,,,,,,,,,,,,,,,,,,,,,,,,,,,,,,,,,,,,,,,,,,,,,,
D700 HS,136-137,Peso,D700 HS,110602,"6,3 Kg",,,,,,,,,,,,,,,,,,,,,,,,,,,,,,,,,,,,,,,,,,,,,,,,,,,,,,,,,,,,,,,,,,,,,,,,,,,,,,,,,,,,,,,,,,,,,,,,,,,,,,,,,,,,,,,,,,,,,,,,,,,,,,,,,,,,,,,,,,,,,,,,,,,,,,,,,,,,,,,,,,,,,,,,,,,,,,,,,,,,,,,,,,,,,,,,,,,,,,,,,,,,,,,,,,,,,,,,,,,,,,,,,,,,,,,,,,,,,,,,,,,,,,,,,,,,,,,,,,,,,,,,,,,,,,,,,,,,,,,,,,,,,,,,,,,,,,,,,,,,,,,,,,,,,,,,,,,,,,,,,,,,,,,,,,,,,
D700 HS,136-137,Dimensioni (LxPxH),D700 HS,110602,360 x 200 x 145 mm,,,,,,,,,,,,,,,,,,,,,,,,,,,,,,,,,,,,,,,,,,,,,,,,,,,,,,,,,,,,,,,,,,,,,,,,,,,,,,,,,,,,,,,,,,,,,,,,,,,,,,,,,,,,,,,,,,,,,,,,,,,,,,,,,,,,,,,,,,,,,,,,,,,,,,,,,,,,,,,,,,,,,,,,,,,,,,,,,,,,,,,,,,,,,,,,,,,,,,,,,,,,,,,,,,,,,,,,,,,,,,,,,,,,,,,,,,,,,,,,,,,,,,,,,,,,,,,,,,,,,,,,,,,,,,,,,,,,,,,,,,,,,,,,,,,,,,,,,,,,,,,,,,,,,,,,,,,,,,,,,,,,,,,,,,,,,
D700 HS,136-137,Apparecchiatura elettronica,D700 HS,110602,E700HS incorporata,,,,,,,,,,,,,,,,,,,,,,,,,,,,,,,,,,,,,,,,,,,,,,,,,,,,,,,,,,,,,,,,,,,,,,,,,,,,,,,,,,,,,,,,,,,,,,,,,,,,,,,,,,,,,,,,,,,,,,,,,,,,,,,,,,,,,,,,,,,,,,,,,,,,,,,,,,,,,,,,,,,,,,,,,,,,,,,,,,,,,,,,,,,,,,,,,,,,,,,,,,,,,,,,,,,,,,,,,,,,,,,,,,,,,,,,,,,,,,,,,,,,,,,,,,,,,,,,,,,,,,,,,,,,,,,,,,,,,,,,,,,,,,,,,,,,,,,,,,,,,,,,,,,,,,,,,,,,,,,,,,,,,,,,,,,,,
D700 HS,136-137,Frequenza di utilizzo,D700 HS,110602,Uso continuo,,,,,,,,,,,,,,,,,,,,,,,,,,,,,,,,,,,,,,,,,,,,,,,,,,,,,,,,,,,,,,,,,,,,,,,,,,,,,,,,,,,,,,,,,,,,,,,,,,,,,,,,,,,,,,,,,,,,,,,,,,,,,,,,,,,,,,,,,,,,,,,,,,,,,,,,,,,,,,,,,,,,,,,,,,,,,,,,,,,,,,,,,,,,,,,,,,,,,,,,,,,,,,,,,,,,,,,,,,,,,,,,,,,,,,,,,,,,,,,,,,,,,,,,,,,,,,,,,,,,,,,,,,,,,,,,,,,,,,,,,,,,,,,,,,,,,,,,,,,,,,,,,,,,,,,,,,,,,,,,,,,,,,,,,,,,,
D1000,138-139,Tensione di alimentazione di rete,D1000,110601,220-240V~ 50/60 Hz,,,,,,,,,,,,,,,,,,,,,,,,,,,,,,,,,,,,,,,,,,,,,,,,,,,,,,,,,,,,,,,,,,,,,,,,,,,,,,,,,,,,,,,,,,,,,,,,,,,,,,,,,,,,,,,,,,,,,,,,,,,,,,,,,,,,,,,,,,,,,,,,,,,,,,,,,,,,,,,,,,,,,,,,,,,,,,,,,,,,,,,,,,,,,,,,,,,,,,,,,,,,,,,,,,,,,,,,,,,,,,,,,,,,,,,,,,,,,,,,,,,,,,,,,,,,,,,,,,,,,,,,,,,,,,,,,,,,,,,,,,,,,,,,,,,,,,,,,,,,,,,,,,,,,,,,,,,,,,,,,,,,,,,,,,,,,
D1000,138-139,Motore elettrico,D1000,110601,Con spazzole 24V,,,,,,,,,,,,,,,,,,,,,,,,,,,,,,,,,,,,,,,,,,,,,,,,,,,,,,,,,,,,,,,,,,,,,,,,,,,,,,,,,,,,,,,,,,,,,,,,,,,,,,,,,,,,,,,,,,,,,,,,,,,,,,,,,,,,,,,,,,,,,,,,,,,,,,,,,,,,,,,,,,,,,,,,,,,,,,,,,,,,,,,,,,,,,,,,,,,,,,,,,,,,,,,,,,,,,,,,,,,,,,,,,,,,,,,,,,,,,,,,,,,,,,,,,,,,,,,,,,,,,,,,,,,,,,,,,,,,,,,,,,,,,,,,,,,,,,,,,,,,,,,,,,,,,,,,,,,,,,,,,,,,,,,,,,,,,
D1000,138-139,Potenza max,D1000,110601,350 W,,,,,,,,,,,,,,,,,,,,,,,,,,,,,,,,,,,,,,,,,,,,,,,,,,,,,,,,,,,,,,,,,,,,,,,,,,,,,,,,,,,,,,,,,,,,,,,,,,,,,,,,,,,,,,,,,,,,,,,,,,,,,,,,,,,,,,,,,,,,,,,,,,,,,,,,,,,,,,,,,,,,,,,,,,,,,,,,,,,,,,,,,,,,,,,,,,,,,,,,,,,,,,,,,,,,,,,,,,,,,,,,,,,,,,,,,,,,,,,,,,,,,,,,,,,,,,,,,,,,,,,,,,,,,,,,,,,,,,,,,,,,,,,,,,,,,,,,,,,,,,,,,,,,,,,,,,,,,,,,,,,,,,,,,,,,,
D1000,138-139,Forza max di spinta,D1000,110601,1000 N,,,,,,,,,,,,,,,,,,,,,,,,,,,,,,,,,,,,,,,,,,,,,,,,,,,,,,,,,,,,,,,,,,,,,,,,,,,,,,,,,,,,,,,,,,,,,,,,,,,,,,,,,,,,,,,,,,,,,,,,,,,,,,,,,,,,,,,,,,,,,,,,,,,,,,,,,,,,,,,,,,,,,,,,,,,,,,,,,,,,,,,,,,,,,,,,,,,,,,,,,,,,,,,,,,,,,,,,,,,,,,,,,,,,,,,,,,,,,,,,,,,,,,,,,,,,,,,,,,,,,,,,,,,,,,,,,,,,,,,,,,,,,,,,,,,,,,,,,,,,,,,,,,,,,,,,,,,,,,,,,,,,,,,,,,,,,
D1000,138-139,Altezza min architrave,D1000,110601,35 mm,,,,,,,,,,,,,,,,,,,,,,,,,,,,,,,,,,,,,,,,,,,,,,,,,,,,,,,,,,,,,,,,,,,,,,,,,,,,,,,,,,,,,,,,,,,,,,,,,,,,,,,,,,,,,,,,,,,,,,,,,,,,,,,,,,,,,,,,,,,,,,,,,,,,,,,,,,,,,,,,,,,,,,,,,,,,,,,,,,,,,,,,,,,,,,,,,,,,,,,,,,,,,,,,,,,,,,,,,,,,,,,,,,,,,,,,,,,,,,,,,,,,,,,,,,,,,,,,,,,,,,,,,,,,,,,,,,,,,,,,,,,,,,,,,,,,,,,,,,,,,,,,,,,,,,,,,,,,,,,,,,,,,,,,,,,,,
D1000,138-139,Velocità max carrello,D1000,110601,"6,6 m/min",,,,,,,,,,,,,,,,,,,,,,,,,,,,,,,,,,,,,,,,,,,,,,,,,,,,,,,,,,,,,,,,,,,,,,,,,,,,,,,,,,,,,,,,,,,,,,,,,,,,,,,,,,,,,,,,,,,,,,,,,,,,,,,,,,,,,,,,,,,,,,,,,,,,,,,,,,,,,,,,,,,,,,,,,,,,,,,,,,,,,,,,,,,,,,,,,,,,,,,,,,,,,,,,,,,,,,,,,,,,,,,,,,,,,,,,,,,,,,,,,,,,,,,,,,,,,,,,,,,,,,,,,,,,,,,,,,,,,,,,,,,,,,,,,,,,,,,,,,,,,,,,,,,,,,,,,,,,,,,,,,,,,,,,,,,,,
D1000,138-139,Velocità di rallentamento,D1000,110601,"1,3 m/min",,,,,,,,,,,,,,,,,,,,,,,,,,,,,,,,,,,,,,,,,,,,,,,,,,,,,,,,,,,,,,,,,,,,,,,,,,,,,,,,,,,,,,,,,,,,,,,,,,,,,,,,,,,,,,,,,,,,,,,,,,,,,,,,,,,,,,,,,,,,,,,,,,,,,,,,,,,,,,,,,,,,,,,,,,,,,,,,,,,,,,,,,,,,,,,,,,,,,,,,,,,,,,,,,,,,,,,,,,,,,,,,,,,,,,,,,,,,,,,,,,,,,,,,,,,,,,,,,,,,,,,,,,,,,,,,,,,,,,,,,,,,,,,,,,,,,,,,,,,,,,,,,,,,,,,,,,,,,,,,,,,,,,,,,,,,,
D1000,138-139,Encoder,D1000,110601,Elettronico,,,,,,,,,,,,,,,,,,,,,,,,,,,,,,,,,,,,,,,,,,,,,,,,,,,,,,,,,,,,,,,,,,,,,,,,,,,,,,,,,,,,,,,,,,,,,,,,,,,,,,,,,,,,,,,,,,,,,,,,,,,,,,,,,,,,,,,,,,,,,,,,,,,,,,,,,,,,,,,,,,,,,,,,,,,,,,,,,,,,,,,,,,,,,,,,,,,,,,,,,,,,,,,,,,,,,,,,,,,,,,,,,,,,,,,,,,,,,,,,,,,,,,,,,,,,,,,,,,,,,,,,,,,,,,,,,,,,,,,,,,,,,,,,,,,,,,,,,,,,,,,,,,,,,,,,,,,,,,,,,,,,,,,,,,,,,
D1000,138-139,Temperatura ambiente di esercizio,D1000,110601,-20 °C ÷ +55 °C,,,,,,,,,,,,,,,,,,,,,,,,,,,,,,,,,,,,,,,,,,,,,,,,,,,,,,,,,,,,,,,,,,,,,,,,,,,,,,,,,,,,,,,,,,,,,,,,,,,,,,,,,,,,,,,,,,,,,,,,,,,,,,,,,,,,,,,,,,,,,,,,,,,,,,,,,,,,,,,,,,,,,,,,,,,,,,,,,,,,,,,,,,,,,,,,,,,,,,,,,,,,,,,,,,,,,,,,,,,,,,,,,,,,,,,,,,,,,,,,,,,,,,,,,,,,,,,,,,,,,,,,,,,,,,,,,,,,,,,,,,,,,,,,,,,,,,,,,,,,,,,,,,,,,,,,,,,,,,,,,,,,,,,,,,,,,
D1000,138-139,Grado di protezione,D1000,110601,Solo per uso interno (IP20),,,,,,,,,,,,,,,,,,,,,,,,,,,,,,,,,,,,,,,,,,,,,,,,,,,,,,,,,,,,,,,,,,,,,,,,,,,,,,,,,,,,,,,,,,,,,,,,,,,,,,,,,,,,,,,,,,,,,,,,,,,,,,,,,,,,,,,,,,,,,,,,,,,,,,,,,,,,,,,,,,,,,,,,,,,,,,,,,,,,,,,,,,,,,,,,,,,,,,,,,,,,,,,,,,,,,,,,,,,,,,,,,,,,,,,,,,,,,,,,,,,,,,,,,,,,,,,,,,,,,,,,,,,,,,,,,,,,,,,,,,,,,,,,,,,,,,,,,,,,,,,,,,,,,,,,,,,,,,,,,,,,,,,,,,,,,
D1000,138-139,Peso,D1000,110601,"6,4 Kg",,,,,,,,,,,,,,,,,,,,,,,,,,,,,,,,,,,,,,,,,,,,,,,,,,,,,,,,,,,,,,,,,,,,,,,,,,,,,,,,,,,,,,,,,,,,,,,,,,,,,,,,,,,,,,,,,,,,,,,,,,,,,,,,,,,,,,,,,,,,,,,,,,,,,,,,,,,,,,,,,,,,,,,,,,,,,,,,,,,,,,,,,,,,,,,,,,,,,,,,,,,,,,,,,,,,,,,,,,,,,,,,,,,,,,,,,,,,,,,,,,,,,,,,,,,,,,,,,,,,,,,,,,,,,,,,,,,,,,,,,,,,,,,,,,,,,,,,,,,,,,,,,,,,,,,,,,,,,,,,,,,,,,,,,,,,,
D1000,138-139,Dimensioni (LxPxH),D1000,110601,360 x 200 x 145 mm,,,,,,,,,,,,,,,,,,,,,,,,,,,,,,,,,,,,,,,,,,,,,,,,,,,,,,,,,,,,,,,,,,,,,,,,,,,,,,,,,,,,,,,,,,,,,,,,,,,,,,,,,,,,,,,,,,,,,,,,,,,,,,,,,,,,,,,,,,,,,,,,,,,,,,,,,,,,,,,,,,,,,,,,,,,,,,,,,,,,,,,,,,,,,,,,,,,,,,,,,,,,,,,,,,,,,,,,,,,,,,,,,,,,,,,,,,,,,,,,,,,,,,,,,,,,,,,,,,,,,,,,,,,,,,,,,,,,,,,,,,,,,,,,,,,,,,,,,,,,,,,,,,,,,,,,,,,,,,,,,,,,,,,,,,,,,
D1000,138-139,Apparecchiatura elettronica,D1000,110601,E1000 integrata,,,,,,,,,,,,,,,,,,,,,,,,,,,,,,,,,,,,,,,,,,,,,,,,,,,,,,,,,,,,,,,,,,,,,,,,,,,,,,,,,,,,,,,,,,,,,,,,,,,,,,,,,,,,,,,,,,,,,,,,,,,,,,,,,,,,,,,,,,,,,,,,,,,,,,,,,,,,,,,,,,,,,,,,,,,,,,,,,,,,,,,,,,,,,,,,,,,,,,,,,,,,,,,,,,,,,,,,,,,,,,,,,,,,,,,,,,,,,,,,,,,,,,,,,,,,,,,,,,,,,,,,,,,,,,,,,,,,,,,,,,,,,,,,,,,,,,,,,,,,,,,,,,,,,,,,,,,,,,,,,,,,,,,,,,,,,
D1000,138-139,Frequenza di utilizzo,D1000,110601,Uso continuo,,,,,,,,,,,,,,,,,,,,,,,,,,,,,,,,,,,,,,,,,,,,,,,,,,,,,,,,,,,,,,,,,,,,,,,,,,,,,,,,,,,,,,,,,,,,,,,,,,,,,,,,,,,,,,,,,,,,,,,,,,,,,,,,,,,,,,,,,,,,,,,,,,,,,,,,,,,,,,,,,,,,,,,,,,,,,,,,,,,,,,,,,,,,,,,,,,,,,,,,,,,,,,,,,,,,,,,,,,,,,,,,,,,,,,,,,,,,,,,,,,,,,,,,,,,,,,,,,,,,,,,,,,,,,,,,,,,,,,,,,,,,,,,,,,,,,,,,,,,,,,,,,,,,,,,,,,,,,,,,,,,,,,,,,,,,,
550,148-149,Tensione di alimentazione di rete,550 ITT,,220-240V~ 50/60 Hz,550 Slave,,220-240V~ 50/60 Hz,550 L ITT,,220-240V~ 50/60 Hz,550 L Slave,,220-240V~ 50/60 Hz,,,,,,,,,,,,,,,,,,,,,,,,,,,,,,,,,,,,,,,,,,,,,,,,,,,,,,,,,,,,,,,,,,,,,,,,,,,,,,,,,,,,,,,,,,,,,,,,,,,,,,,,,,,,,,,,,,,,,,,,,,,,,,,,,,,,,,,,,,,,,,,,,,,,,,,,,,,,,,,,,,,,,,,,,,,,,,,,,,,,,,,,,,,,,,,,,,,,,,,,,,,,,,,,,,,,,,,,,,,,,,,,,,,,,,,,,,,,,,,,,,,,,,,,,,,,,,,,,,,,,,,,,,,,,,,,,,,,,,,,,,,,,,,,,,,,,,,,,,,,,,,,,,,,,,,,,,,,,,,,,,,,
550,148-149,Motore elettrico,550 ITT,,Asincrono monofase,550 Slave,,Asincrono monofase,550 L ITT,,Asincrono monofase,550 L Slave,,Asincrono monofase,,,,,,,,,,,,,,,,,,,,,,,,,,,,,,,,,,,,,,,,,,,,,,,,,,,,,,,,,,,,,,,,,,,,,,,,,,,,,,,,,,,,,,,,,,,,,,,,,,,,,,,,,,,,,,,,,,,,,,,,,,,,,,,,,,,,,,,,,,,,,,,,,,,,,,,,,,,,,,,,,,,,,,,,,,,,,,,,,,,,,,,,,,,,,,,,,,,,,,,,,,,,,,,,,,,,,,,,,,,,,,,,,,,,,,,,,,,,,,,,,,,,,,,,,,,,,,,,,,,,,,,,,,,,,,,,,,,,,,,,,,,,,,,,,,,,,,,,,,,,,,,,,,,,,,,,,,,,,,,,,,,,
550,148-149,Potenza max,550 ITT,,350 W,550 Slave,,280 W,550 L ITT,,280 W,550 L Slave,,280 W,,,,,,,,,,,,,,,,,,,,,,,,,,,,,,,,,,,,,,,,,,,,,,,,,,,,,,,,,,,,,,,,,,,,,,,,,,,,,,,,,,,,,,,,,,,,,,,,,,,,,,,,,,,,,,,,,,,,,,,,,,,,,,,,,,,,,,,,,,,,,,,,,,,,,,,,,,,,,,,,,,,,,,,,,,,,,,,,,,,,,,,,,,,,,,,,,,,,,,,,,,,,,,,,,,,,,,,,,,,,,,,,,,,,,,,,,,,,,,,,,,,,,,,,,,,,,,,,,,,,,,,,,,,,,,,,,,,,,,,,,,,,,,,,,,,,,,,,,,,,,,,,,,,,,,,,,,,,,,,,,,,,
550,148-149,Coppia max,550 ITT,,300 Nm (*),550 Slave,,250 Nm (*),550 L ITT,,250 Nm (*),550 L Slave,,250 Nm (*),,,,,,,,,,,,,,,,,,,,,,,,,,,,,,,,,,,,,,,,,,,,,,,,,,,,,,,,,,,,,,,,,,,,,,,,,,,,,,,,,,,,,,,,,,,,,,,,,,,,,,,,,,,,,,,,,,,,,,,,,,,,,,,,,,,,,,,,,,,,,,,,,,,,,,,,,,,,,,,,,,,,,,,,,,,,,,,,,,,,,,,,,,,,,,,,,,,,,,,,,,,,,,,,,,,,,,,,,,,,,,,,,,,,,,,,,,,,,,,,,,,,,,,,,,,,,,,,,,,,,,,,,,,,,,,,,,,,,,,,,,,,,,,,,,,,,,,,,,,,,,,,,,,,,,,,,,,,,,,,,,,,
550,148-149,Velocità angolare max,550 ITT,,12 °/s (*),550 Slave,,8 °/s (*),550 L ITT,,8 °/s (*),550 L Slave,,8 °/s (*),,,,,,,,,,,,,,,,,,,,,,,,,,,,,,,,,,,,,,,,,,,,,,,,,,,,,,,,,,,,,,,,,,,,,,,,,,,,,,,,,,,,,,,,,,,,,,,,,,,,,,,,,,,,,,,,,,,,,,,,,,,,,,,,,,,,,,,,,,,,,,,,,,,,,,,,,,,,,,,,,,,,,,,,,,,,,,,,,,,,,,,,,,,,,,,,,,,,,,,,,,,,,,,,,,,,,,,,,,,,,,,,,,,,,,,,,,,,,,,,,,,,,,,,,,,,,,,,,,,,,,,,,,,,,,,,,,,,,,,,,,,,,,,,,,,,,,,,,,,,,,,,,,,,,,,,,,,,,,,,,,,,
550,148-149,Tempo di apertura,550 ITT,,15 s,550 Slave,,22 s,550 L ITT,,22 s,550 L Slave,,22 s,,,,,,,,,,,,,,,,,,,,,,,,,,,,,,,,,,,,,,,,,,,,,,,,,,,,,,,,,,,,,,,,,,,,,,,,,,,,,,,,,,,,,,,,,,,,,,,,,,,,,,,,,,,,,,,,,,,,,,,,,,,,,,,,,,,,,,,,,,,,,,,,,,,,,,,,,,,,,,,,,,,,,,,,,,,,,,,,,,,,,,,,,,,,,,,,,,,,,,,,,,,,,,,,,,,,,,,,,,,,,,,,,,,,,,,,,,,,,,,,,,,,,,,,,,,,,,,,,,,,,,,,,,,,,,,,,,,,,,,,,,,,,,,,,,,,,,,,,,,,,,,,,,,,,,,,,,,,,,,,,,,,
550,148-149,Encoder,550 ITT,,Ottico,550 Slave,,Ottico,550 L ITT,,Ottico,550 L Slave,,Ottico,,,,,,,,,,,,,,,,,,,,,,,,,,,,,,,,,,,,,,,,,,,,,,,,,,,,,,,,,,,,,,,,,,,,,,,,,,,,,,,,,,,,,,,,,,,,,,,,,,,,,,,,,,,,,,,,,,,,,,,,,,,,,,,,,,,,,,,,,,,,,,,,,,,,,,,,,,,,,,,,,,,,,,,,,,,,,,,,,,,,,,,,,,,,,,,,,,,,,,,,,,,,,,,,,,,,,,,,,,,,,,,,,,,,,,,,,,,,,,,,,,,,,,,,,,,,,,,,,,,,,,,,,,,,,,,,,,,,,,,,,,,,,,,,,,,,,,,,,,,,,,,,,,,,,,,,,,,,,,,,,,,,
550,148-149,Temperatura ambiente di esercizio,550 ITT,,-20 °C ÷ +55 °C,550 Slave,,-20 °C ÷ +55 °C,550 L ITT,,-20 °C ÷ +55 °C,550 L Slave,,-20 °C ÷ +55 °C,,,,,,,,,,,,,,,,,,,,,,,,,,,,,,,,,,,,,,,,,,,,,,,,,,,,,,,,,,,,,,,,,,,,,,,,,,,,,,,,,,,,,,,,,,,,,,,,,,,,,,,,,,,,,,,,,,,,,,,,,,,,,,,,,,,,,,,,,,,,,,,,,,,,,,,,,,,,,,,,,,,,,,,,,,,,,,,,,,,,,,,,,,,,,,,,,,,,,,,,,,,,,,,,,,,,,,,,,,,,,,,,,,,,,,,,,,,,,,,,,,,,,,,,,,,,,,,,,,,,,,,,,,,,,,,,,,,,,,,,,,,,,,,,,,,,,,,,,,,,,,,,,,,,,,,,,,,,,,,,,,,,
550,148-149,Termoprotezione,550 ITT,,140 °C,550 Slave,,140 °C,550 L ITT,,140 °C,550 L Slave,,140 °C,,,,,,,,,,,,,,,,,,,,,,,,,,,,,,,,,,,,,,,,,,,,,,,,,,,,,,,,,,,,,,,,,,,,,,,,,,,,,,,,,,,,,,,,,,,,,,,,,,,,,,,,,,,,,,,,,,,,,,,,,,,,,,,,,,,,,,,,,,,,,,,,,,,,,,,,,,,,,,,,,,,,,,,,,,,,,,,,,,,,,,,,,,,,,,,,,,,,,,,,,,,,,,,,,,,,,,,,,,,,,,,,,,,,,,,,,,,,,,,,,,,,,,,,,,,,,,,,,,,,,,,,,,,,,,,,,,,,,,,,,,,,,,,,,,,,,,,,,,,,,,,,,,,,,,,,,,,,,,,,,,,,
550,148-149,Grado di protezione,550 ITT,,Solo per uso interno (IP31),550 Slave,,Solo per uso interno (IP31),550 L ITT,,Solo per uso interno (IP31),550 L Slave,,Solo per uso interno (IP31),,,,,,,,,,,,,,,,,,,,,,,,,,,,,,,,,,,,,,,,,,,,,,,,,,,,,,,,,,,,,,,,,,,,,,,,,,,,,,,,,,,,,,,,,,,,,,,,,,,,,,,,,,,,,,,,,,,,,,,,,,,,,,,,,,,,,,,,,,,,,,,,,,,,,,,,,,,,,,,,,,,,,,,,,,,,,,,,,,,,,,,,,,,,,,,,,,,,,,,,,,,,,,,,,,,,,,,,,,,,,,,,,,,,,,,,,,,,,,,,,,,,,,,,,,,,,,,,,,,,,,,,,,,,,,,,,,,,,,,,,,,,,,,,,,,,,,,,,,,,,,,,,,,,,,,,,,,,,,,,,,,,
550,148-149,Peso,550 ITT,,"7,5 Kg",550 Slave,,"7,5 Kg",550 L ITT,,"7,5 Kg",550 L Slave,,"7,5 Kg",,,,,,,,,,,,,,,,,,,,,,,,,,,,,,,,,,,,,,,,,,,,,,,,,,,,,,,,,,,,,,,,,,,,,,,,,,,,,,,,,,,,,,,,,,,,,,,,,,,,,,,,,,,,,,,,,,,,,,,,,,,,,,,,,,,,,,,,,,,,,,,,,,,,,,,,,,,,,,,,,,,,,,,,,,,,,,,,,,,,,,,,,,,,,,,,,,,,,,,,,,,,,,,,,,,,,,,,,,,,,,,,,,,,,,,,,,,,,,,,,,,,,,,,,,,,,,,,,,,,,,,,,,,,,,,,,,,,,,,,,,,,,,,,,,,,,,,,,,,,,,,,,,,,,,,,,,,,,,,,,,,,
550,148-149,Dimensioni (LxPxH),550 ITT,,670 x 175 x 120 mm,550 Slave,,Dimensione max porta (LxH),550 L ITT,,"3,00 x 2,70 (**)",550 L Slave,,"4,00 x 3,00 (**)",,,,,,,,,,,,,,,,,,,,,,,,,,,,,,,,,,,,,,,,,,,,,,,,,,,,,,,,,,,,,,,,,,,,,,,,,,,,,,,,,,,,,,,,,,,,,,,,,,,,,,,,,,,,,,,,,,,,,,,,,,,,,,,,,,,,,,,,,,,,,,,,,,,,,,,,,,,,,,,,,,,,,,,,,,,,,,,,,,,,,,,,,,,,,,,,,,,,,,,,,,,,,,,,,,,,,,,,,,,,,,,,,,,,,,,,,,,,,,,,,,,,,,,,,,,,,,,,,,,,,,,,,,,,,,,,,,,,,,,,,,,,,,,,,,,,,,,,,,,,,,,,,,,,,,,,,,,,,,,,,,,,
550,148-149,Peso max porta,550 ITT,,10 Kg/mq,550 Slave,,10 Kg/mq,550 L ITT,,10 Kg/mq,550 L Slave,,10 Kg/mq,,,,,,,,,,,,,,,,,,,,,,,,,,,,,,,,,,,,,,,,,,,,,,,,,,,,,,,,,,,,,,,,,,,,,,,,,,,,,,,,,,,,,,,,,,,,,,,,,,,,,,,,,,,,,,,,,,,,,,,,,,,,,,,,,,,,,,,,,,,,,,,,,,,,,,,,,,,,,,,,,,,,,,,,,,,,,,,,,,,,,,,,,,,,,,,,,,,,,,,,,,,,,,,,,,,,,,,,,,,,,,,,,,,,,,,,,,,,,,,,,,,,,,,,,,,,,,,,,,,,,,,,,,,,,,,,,,,,,,,,,,,,,,,,,,,,,,,,,,,,,,,,,,,,,,,,,,,,,,,,,,,,
550,148-149,Apparecchiatura elettronica,550 ITT,,E550 incorporata,550 Slave,,Non compresa,550 L ITT,,E550 incorporata,550 L Slave,,Non compresa,,,,,,,,,,,,,,,,,,,,,,,,,,,,,,,,,,,,,,,,,,,,,,,,,,,,,,,,,,,,,,,,,,,,,,,,,,,,,,,,,,,,,,,,,,,,,,,,,,,,,,,,,,,,,,,,,,,,,,,,,,,,,,,,,,,,,,,,,,,,,,,,,,,,,,,,,,,,,,,,,,,,,,,,,,,,,,,,,,,,,,,,,,,,,,,,,,,,,,,,,,,,,,,,,,,,,,,,,,,,,,,,,,,,,,,,,,,,,,,,,,,,,,,,,,,,,,,,,,,,,,,,,,,,,,,,,,,,,,,,,,,,,,,,,,,,,,,,,,,,,,,,,,,,,,,,,,,,,,,,,,,,
550,148-149,Frequenza di utilizzo,550 ITT,,S3 - 30%,550 Slave,,S3 - 30%,550 L ITT,,S3 - 30%,550 L Slave,,S3 - 30%,,,,,,,,,,,,,,,,,,,,,,,,,,,,,,,,,,,,,,,,,,,,,,,,,,,,,,,,,,,,,,,,,,,,,,,,,,,,,,,,,,,,,,,,,,,,,,,,,,,,,,,,,,,,,,,,,,,,,,,,,,,,,,,,,,,,,,,,,,,,,,,,,,,,,,,,,,,,,,,,,,,,,,,,,,,,,,,,,,,,,,,,,,,,,,,,,,,,,,,,,,,,,,,,,,,,,,,,,,,,,,,,,,,,,,,,,,,,,,,,,,,,,,,,,,,,,,,,,,,,,,,,,,,,,,,,,,,,,,,,,,,,,,,,,,,,,,,,,,,,,,,,,,,,,,,,,,,,,,,,,,,,
390 230V,154-155,Tensione di alimentazione di rete,390 230V,104570,220-240V~ 50/60 Hz,,,,,,,,,,,,,,,,,,,,,,,,,,,,,,,,,,,,,,,,,,,,,,,,,,,,,,,,,,,,,,,,,,,,,,,,,,,,,,,,,,,,,,,,,,,,,,,,,,,,,,,,,,,,,,,,,,,,,,,,,,,,,,,,,,,,,,,,,,,,,,,,,,,,,,,,,,,,,,,,,,,,,,,,,,,,,,,,,,,,,,,,,,,,,,,,,,,,,,,,,,,,,,,,,,,,,,,,,,,,,,,,,,,,,,,,,,,,,,,,,,,,,,,,,,,,,,,,,,,,,,,,,,,,,,,,,,,,,,,,,,,,,,,,,,,,,,,,,,,,,,,,,,,,,,,,,,,,,,,,,,,,,,,,,,,,,
390 230V,154-155,Motore elettrico,390 230V,104570,Asincrono monofase,,,,,,,,,,,,,,,,,,,,,,,,,,,,,,,,,,,,,,,,,,,,,,,,,,,,,,,,,,,,,,,,,,,,,,,,,,,,,,,,,,,,,,,,,,,,,,,,,,,,,,,,,,,,,,,,,,,,,,,,,,,,,,,,,,,,,,,,,,,,,,,,,,,,,,,,,,,,,,,,,,,,,,,,,,,,,,,,,,,,,,,,,,,,,,,,,,,,,,,,,,,,,,,,,,,,,,,,,,,,,,,,,,,,,,,,,,,,,,,,,,,,,,,,,,,,,,,,,,,,,,,,,,,,,,,,,,,,,,,,,,,,,,,,,,,,,,,,,,,,,,,,,,,,,,,,,,,,,,,,,,,,,,,,,,,,,
390 230V,154-155,Potenza max,390 230V,104570,280 W,,,,,,,,,,,,,,,,,,,,,,,,,,,,,,,,,,,,,,,,,,,,,,,,,,,,,,,,,,,,,,,,,,,,,,,,,,,,,,,,,,,,,,,,,,,,,,,,,,,,,,,,,,,,,,,,,,,,,,,,,,,,,,,,,,,,,,,,,,,,,,,,,,,,,,,,,,,,,,,,,,,,,,,,,,,,,,,,,,,,,,,,,,,,,,,,,,,,,,,,,,,,,,,,,,,,,,,,,,,,,,,,,,,,,,,,,,,,,,,,,,,,,,,,,,,,,,,,,,,,,,,,,,,,,,,,,,,,,,,,,,,,,,,,,,,,,,,,,,,,,,,,,,,,,,,,,,,,,,,,,,,,,,,,,,,,,
390 230V,154-155,Coppia max,390 230V,104570,250 Nm (*),,,,,,,,,,,,,,,,,,,,,,,,,,,,,,,,,,,,,,,,,,,,,,,,,,,,,,,,,,,,,,,,,,,,,,,,,,,,,,,,,,,,,,,,,,,,,,,,,,,,,,,,,,,,,,,,,,,,,,,,,,,,,,,,,,,,,,,,,,,,,,,,,,,,,,,,,,,,,,,,,,,,,,,,,,,,,,,,,,,,,,,,,,,,,,,,,,,,,,,,,,,,,,,,,,,,,,,,,,,,,,,,,,,,,,,,,,,,,,,,,,,,,,,,,,,,,,,,,,,,,,,,,,,,,,,,,,,,,,,,,,,,,,,,,,,,,,,,,,,,,,,,,,,,,,,,,,,,,,,,,,,,,,,,,,,,,
390 230V,154-155,Velocità angolare max,390 230V,104570,8 °/s (*),,,,,,,,,,,,,,,,,,,,,,,,,,,,,,,,,,,,,,,,,,,,,,,,,,,,,,,,,,,,,,,,,,,,,,,,,,,,,,,,,,,,,,,,,,,,,,,,,,,,,,,,,,,,,,,,,,,,,,,,,,,,,,,,,,,,,,,,,,,,,,,,,,,,,,,,,,,,,,,,,,,,,,,,,,,,,,,,,,,,,,,,,,,,,,,,,,,,,,,,,,,,,,,,,,,,,,,,,,,,,,,,,,,,,,,,,,,,,,,,,,,,,,,,,,,,,,,,,,,,,,,,,,,,,,,,,,,,,,,,,,,,,,,,,,,,,,,,,,,,,,,,,,,,,,,,,,,,,,,,,,,,,,,,,,,,,
390 230V,154-155,Angolo max apertura anta,390 230V,104570,120°,,,,,,,,,,,,,,,,,,,,,,,,,,,,,,,,,,,,,,,,,,,,,,,,,,,,,,,,,,,,,,,,,,,,,,,,,,,,,,,,,,,,,,,,,,,,,,,,,,,,,,,,,,,,,,,,,,,,,,,,,,,,,,,,,,,,,,,,,,,,,,,,,,,,,,,,,,,,,,,,,,,,,,,,,,,,,,,,,,,,,,,,,,,,,,,,,,,,,,,,,,,,,,,,,,,,,,,,,,,,,,,,,,,,,,,,,,,,,,,,,,,,,,,,,,,,,,,,,,,,,,,,,,,,,,,,,,,,,,,,,,,,,,,,,,,,,,,,,,,,,,,,,,,,,,,,,,,,,,,,,,,,,,,,,,,,,
390 230V,154-155,Temperatura ambiente di esercizio,390 230V,104570,-20°C ÷ +55°C,,,,,,,,,,,,,,,,,,,,,,,,,,,,,,,,,,,,,,,,,,,,,,,,,,,,,,,,,,,,,,,,,,,,,,,,,,,,,,,,,,,,,,,,,,,,,,,,,,,,,,,,,,,,,,,,,,,,,,,,,,,,,,,,,,,,,,,,,,,,,,,,,,,,,,,,,,,,,,,,,,,,,,,,,,,,,,,,,,,,,,,,,,,,,,,,,,,,,,,,,,,,,,,,,,,,,,,,,,,,,,,,,,,,,,,,,,,,,,,,,,,,,,,,,,,,,,,,,,,,,,,,,,,,,,,,,,,,,,,,,,,,,,,,,,,,,,,,,,,,,,,,,,,,,,,,,,,,,,,,,,,,,,,,,,,,,
390 230V,154-155,Termoprotezione,390 230V,104570,140°C,,,,,,,,,,,,,,,,,,,,,,,,,,,,,,,,,,,,,,,,,,,,,,,,,,,,,,,,,,,,,,,,,,,,,,,,,,,,,,,,,,,,,,,,,,,,,,,,,,,,,,,,,,,,,,,,,,,,,,,,,,,,,,,,,,,,,,,,,,,,,,,,,,,,,,,,,,,,,,,,,,,,,,,,,,,,,,,,,,,,,,,,,,,,,,,,,,,,,,,,,,,,,,,,,,,,,,,,,,,,,,,,,,,,,,,,,,,,,,,,,,,,,,,,,,,,,,,,,,,,,,,,,,,,,,,,,,,,,,,,,,,,,,,,,,,,,,,,,,,,,,,,,,,,,,,,,,,,,,,,,,,,,,,,,,,,,
390 230V,154-155,Grado di protezione,390 230V,104570,IP44,,,,,,,,,,,,,,,,,,,,,,,,,,,,,,,,,,,,,,,,,,,,,,,,,,,,,,,,,,,,,,,,,,,,,,,,,,,,,,,,,,,,,,,,,,,,,,,,,,,,,,,,,,,,,,,,,,,,,,,,,,,,,,,,,,,,,,,,,,,,,,,,,,,,,,,,,,,,,,,,,,,,,,,,,,,,,,,,,,,,,,,,,,,,,,,,,,,,,,,,,,,,,,,,,,,,,,,,,,,,,,,,,,,,,,,,,,,,,,,,,,,,,,,,,,,,,,,,,,,,,,,,,,,,,,,,,,,,,,,,,,,,,,,,,,,,,,,,,,,,,,,,,,,,,,,,,,,,,,,,,,,,,,,,,,,,,
390 230V,154-155,Peso,390 230V,104570,"11,5 Kg",,,,,,,,,,,,,,,,,,,,,,,,,,,,,,,,,,,,,,,,,,,,,,,,,,,,,,,,,,,,,,,,,,,,,,,,,,,,,,,,,,,,,,,,,,,,,,,,,,,,,,,,,,,,,,,,,,,,,,,,,,,,,,,,,,,,,,,,,,,,,,,,,,,,,,,,,,,,,,,,,,,,,,,,,,,,,,,,,,,,,,,,,,,,,,,,,,,,,,,,,,,,,,,,,,,,,,,,,,,,,,,,,,,,,,,,,,,,,,,,,,,,,,,,,,,,,,,,,,,,,,,,,,,,,,,,,,,,,,,,,,,,,,,,,,,,,,,,,,,,,,,,,,,,,,,,,,,,,,,,,,,,,,,,,,,,,
390 230V,154-155,Frequenza di utilizzo,390 230V,104570,S3 - 30%,,,,,,,,,,,,,,,,,,,,,,,,,,,,,,,,,,,,,,,,,,,,,,,,,,,,,,,,,,,,,,,,,,,,,,,,,,,,,,,,,,,,,,,,,,,,,,,,,,,,,,,,,,,,,,,,,,,,,,,,,,,,,,,,,,,,,,,,,,,,,,,,,,,,,,,,,,,,,,,,,,,,,,,,,,,,,,,,,,,,,,,,,,,,,,,,,,,,,,,,,,,,,,,,,,,,,,,,,,,,,,,,,,,,,,,,,,,,,,,,,,,,,,,,,,,,,,,,,,,,,,,,,,,,,,,,,,,,,,,,,,,,,,,,,,,,,,,,,,,,,,,,,,,,,,,,,,,,,,,,,,,,,,,,,,,,,
390 230V,154-155,Larghezza max anta,390 230V,104570,"1,8 m (3 m con elettroserratura)",,,,,,,,,,,,,,,,,,,,,,,,,,,,,,,,,,,,,,,,,,,,,,,,,,,,,,,,,,,,,,,,,,,,,,,,,,,,,,,,,,,,,,,,,,,,,,,,,,,,,,,,,,,,,,,,,,,,,,,,,,,,,,,,,,,,,,,,,,,,,,,,,,,,,,,,,,,,,,,,,,,,,,,,,,,,,,,,,,,,,,,,,,,,,,,,,,,,,,,,,,,,,,,,,,,,,,,,,,,,,,,,,,,,,,,,,,,,,,,,,,,,,,,,,,,,,,,,,,,,,,,,,,,,,,,,,,,,,,,,,,,,,,,,,,,,,,,,,,,,,,,,,,,,,,,,,,,,,,,,,,,,,,,,,,,,,
390 230V,154-155,Dimensioni (LxPxH),390 230V,104570,412 x 133 x 134 mm,,,,,,,,,,,,,,,,,,,,,,,,,,,,,,,,,,,,,,,,,,,,,,,,,,,,,,,,,,,,,,,,,,,,,,,,,,,,,,,,,,,,,,,,,,,,,,,,,,,,,,,,,,,,,,,,,,,,,,,,,,,,,,,,,,,,,,,,,,,,,,,,,,,,,,,,,,,,,,,,,,,,,,,,,,,,,,,,,,,,,,,,,,,,,,,,,,,,,,,,,,,,,,,,,,,,,,,,,,,,,,,,,,,,,,,,,,,,,,,,,,,,,,,,,,,,,,,,,,,,,,,,,,,,,,,,,,,,,,,,,,,,,,,,,,,,,,,,,,,,,,,,,,,,,,,,,,,,,,,,,,,,,,,,,,,,,
390 230V,154-155,Apparecchiatura elettronica,390 230V,104570,Non compresa,,,,,,,,,,,,,,,,,,,,,,,,,,,,,,,,,,,,,,,,,,,,,,,,,,,,,,,,,,,,,,,,,,,,,,,,,,,,,,,,,,,,,,,,,,,,,,,,,,,,,,,,,,,,,,,,,,,,,,,,,,,,,,,,,,,,,,,,,,,,,,,,,,,,,,,,,,,,,,,,,,,,,,,,,,,,,,,,,,,,,,,,,,,,,,,,,,,,,,,,,,,,,,,,,,,,,,,,,,,,,,,,,,,,,,,,,,,,,,,,,,,,,,,,,,,,,,,,,,,,,,,,,,,,,,,,,,,,,,,,,,,,,,,,,,,,,,,,,,,,,,,,,,,,,,,,,,,,,,,,,,,,,,,,,,,,,
560,156-157,Tensione di alimentazione di rete,560 CBAC,104561,220-240V~ 50/60 Hz,560 SB,104562,220-240V~ 50/60 Hz,,,,,,,,,,,,,,,,,,,,,,,,,,,,,,,,,,,,,,,,,,,,,,,,,,,,,,,,,,,,,,,,,,,,,,,,,,,,,,,,,,,,,,,,,,,,,,,,,,,,,,,,,,,,,,,,,,,,,,,,,,,,,,,,,,,,,,,,,,,,,,,,,,,,,,,,,,,,,,,,,,,,,,,,,,,,,,,,,,,,,,,,,,,,,,,,,,,,,,,,,,,,,,,,,,,,,,,,,,,,,,,,,,,,,,,,,,,,,,,,,,,,,,,,,,,,,,,,,,,,,,,,,,,,,,,,,,,,,,,,,,,,,,,,,,,,,,,,,,,,,,,,,,,,,,,,,,,,,,,,,,,,,,,,,,
560,156-157,Motore elettrico,560 CBAC,104561,Asincrono monofase,560 SB,104562,Asincrono monofase,,,,,,,,,,,,,,,,,,,,,,,,,,,,,,,,,,,,,,,,,,,,,,,,,,,,,,,,,,,,,,,,,,,,,,,,,,,,,,,,,,,,,,,,,,,,,,,,,,,,,,,,,,,,,,,,,,,,,,,,,,,,,,,,,,,,,,,,,,,,,,,,,,,,,,,,,,,,,,,,,,,,,,,,,,,,,,,,,,,,,,,,,,,,,,,,,,,,,,,,,,,,,,,,,,,,,,,,,,,,,,,,,,,,,,,,,,,,,,,,,,,,,,,,,,,,,,,,,,,,,,,,,,,,,,,,,,,,,,,,,,,,,,,,,,,,,,,,,,,,,,,,,,,,,,,,,,,,,,,,,,,,,,,,,,
560,156-157,Potenza max,560 CBAC,104561,220 W,560 SB,104562,220 W,,,,,,,,,,,,,,,,,,,,,,,,,,,,,,,,,,,,,,,,,,,,,,,,,,,,,,,,,,,,,,,,,,,,,,,,,,,,,,,,,,,,,,,,,,,,,,,,,,,,,,,,,,,,,,,,,,,,,,,,,,,,,,,,,,,,,,,,,,,,,,,,,,,,,,,,,,,,,,,,,,,,,,,,,,,,,,,,,,,,,,,,,,,,,,,,,,,,,,,,,,,,,,,,,,,,,,,,,,,,,,,,,,,,,,,,,,,,,,,,,,,,,,,,,,,,,,,,,,,,,,,,,,,,,,,,,,,,,,,,,,,,,,,,,,,,,,,,,,,,,,,,,,,,,,,,,,,,,,,,,,,,,,,,,,
560,156-157,Forza max di spinta,560 CBAC,104561,-,560 SB,104562,-,,,,,,,,,,,,,,,,,,,,,,,,,,,,,,,,,,,,,,,,,,,,,,,,,,,,,,,,,,,,,,,,,,,,,,,,,,,,,,,,,,,,,,,,,,,,,,,,,,,,,,,,,,,,,,,,,,,,,,,,,,,,,,,,,,,,,,,,,,,,,,,,,,,,,,,,,,,,,,,,,,,,,,,,,,,,,,,,,,,,,,,,,,,,,,,,,,,,,,,,,,,,,,,,,,,,,,,,,,,,,,,,,,,,,,,,,,,,,,,,,,,,,,,,,,,,,,,,,,,,,,,,,,,,,,,,,,,,,,,,,,,,,,,,,,,,,,,,,,,,,,,,,,,,,,,,,,,,,,,,,,,,,,,,,,
560,156-157,Coppia max,560 CBAC,104561,320 Nm (*),560 SB,104562,320 Nm (*),,,,,,,,,,,,,,,,,,,,,,,,,,,,,,,,,,,,,,,,,,,,,,,,,,,,,,,,,,,,,,,,,,,,,,,,,,,,,,,,,,,,,,,,,,,,,,,,,,,,,,,,,,,,,,,,,,,,,,,,,,,,,,,,,,,,,,,,,,,,,,,,,,,,,,,,,,,,,,,,,,,,,,,,,,,,,,,,,,,,,,,,,,,,,,,,,,,,,,,,,,,,,,,,,,,,,,,,,,,,,,,,,,,,,,,,,,,,,,,,,,,,,,,,,,,,,,,,,,,,,,,,,,,,,,,,,,,,,,,,,,,,,,,,,,,,,,,,,,,,,,,,,,,,,,,,,,,,,,,,,,,,,,,,,,
560,156-157,Velocità angolare max,560 CBAC,104561,"12,4 °/s (*)",560 SB,104562,"12,4 °/s (*)",,,,,,,,,,,,,,,,,,,,,,,,,,,,,,,,,,,,,,,,,,,,,,,,,,,,,,,,,,,,,,,,,,,,,,,,,,,,,,,,,,,,,,,,,,,,,,,,,,,,,,,,,,,,,,,,,,,,,,,,,,,,,,,,,,,,,,,,,,,,,,,,,,,,,,,,,,,,,,,,,,,,,,,,,,,,,,,,,,,,,,,,,,,,,,,,,,,,,,,,,,,,,,,,,,,,,,,,,,,,,,,,,,,,,,,,,,,,,,,,,,,,,,,,,,,,,,,,,,,,,,,,,,,,,,,,,,,,,,,,,,,,,,,,,,,,,,,,,,,,,,,,,,,,,,,,,,,,,,,,,,,,,,,,,,
560,156-157,Portata gruppo motore-pompa,560 CBAC,104561,1 lpm (*),560 SB,104562,1 lpm (*),,,,,,,,,,,,,,,,,,,,,,,,,,,,,,,,,,,,,,,,,,,,,,,,,,,,,,,,,,,,,,,,,,,,,,,,,,,,,,,,,,,,,,,,,,,,,,,,,,,,,,,,,,,,,,,,,,,,,,,,,,,,,,,,,,,,,,,,,,,,,,,,,,,,,,,,,,,,,,,,,,,,,,,,,,,,,,,,,,,,,,,,,,,,,,,,,,,,,,,,,,,,,,,,,,,,,,,,,,,,,,,,,,,,,,,,,,,,,,,,,,,,,,,,,,,,,,,,,,,,,,,,,,,,,,,,,,,,,,,,,,,,,,,,,,,,,,,,,,,,,,,,,,,,,,,,,,,,,,,,,,,,,,,,,,
560,156-157,Temperatura ambiente di esercizio,560 CBAC,104561,-20 °C ÷ +55 °C,560 SB,104562,-20 °C ÷ +55 °C,,,,,,,,,,,,,,,,,,,,,,,,,,,,,,,,,,,,,,,,,,,,,,,,,,,,,,,,,,,,,,,,,,,,,,,,,,,,,,,,,,,,,,,,,,,,,,,,,,,,,,,,,,,,,,,,,,,,,,,,,,,,,,,,,,,,,,,,,,,,,,,,,,,,,,,,,,,,,,,,,,,,,,,,,,,,,,,,,,,,,,,,,,,,,,,,,,,,,,,,,,,,,,,,,,,,,,,,,,,,,,,,,,,,,,,,,,,,,,,,,,,,,,,,,,,,,,,,,,,,,,,,,,,,,,,,,,,,,,,,,,,,,,,,,,,,,,,,,,,,,,,,,,,,,,,,,,,,,,,,,,,,,,,,,,
560,156-157,Termoprotezione,560 CBAC,104561,120°C,560 SB,104562,120°C,,,,,,,,,,,,,,,,,,,,,,,,,,,,,,,,,,,,,,,,,,,,,,,,,,,,,,,,,,,,,,,,,,,,,,,,,,,,,,,,,,,,,,,,,,,,,,,,,,,,,,,,,,,,,,,,,,,,,,,,,,,,,,,,,,,,,,,,,,,,,,,,,,,,,,,,,,,,,,,,,,,,,,,,,,,,,,,,,,,,,,,,,,,,,,,,,,,,,,,,,,,,,,,,,,,,,,,,,,,,,,,,,,,,,,,,,,,,,,,,,,,,,,,,,,,,,,,,,,,,,,,,,,,,,,,,,,,,,,,,,,,,,,,,,,,,,,,,,,,,,,,,,,,,,,,,,,,,,,,,,,,,,,,,,,
560,156-157,Grado di protezione,560 CBAC,104561,IP55,560 SB,104562,IP55,,,,,,,,,,,,,,,,,,,,,,,,,,,,,,,,,,,,,,,,,,,,,,,,,,,,,,,,,,,,,,,,,,,,,,,,,,,,,,,,,,,,,,,,,,,,,,,,,,,,,,,,,,,,,,,,,,,,,,,,,,,,,,,,,,,,,,,,,,,,,,,,,,,,,,,,,,,,,,,,,,,,,,,,,,,,,,,,,,,,,,,,,,,,,,,,,,,,,,,,,,,,,,,,,,,,,,,,,,,,,,,,,,,,,,,,,,,,,,,,,,,,,,,,,,,,,,,,,,,,,,,,,,,,,,,,,,,,,,,,,,,,,,,,,,,,,,,,,,,,,,,,,,,,,,,,,,,,,,,,,,,,,,,,,,
560,156-157,Tipo di olio,560 CBAC,104561,FAAC HP OIL,560 SB,104562,FAAC HP OIL,,,,,,,,,,,,,,,,,,,,,,,,,,,,,,,,,,,,,,,,,,,,,,,,,,,,,,,,,,,,,,,,,,,,,,,,,,,,,,,,,,,,,,,,,,,,,,,,,,,,,,,,,,,,,,,,,,,,,,,,,,,,,,,,,,,,,,,,,,,,,,,,,,,,,,,,,,,,,,,,,,,,,,,,,,,,,,,,,,,,,,,,,,,,,,,,,,,,,,,,,,,,,,,,,,,,,,,,,,,,,,,,,,,,,,,,,,,,,,,,,,,,,,,,,,,,,,,,,,,,,,,,,,,,,,,,,,,,,,,,,,,,,,,,,,,,,,,,,,,,,,,,,,,,,,,,,,,,,,,,,,,,,,,,,,
560,156-157,Peso,560 CBAC,104561,12 Kg,560 SB,104562,12 Kg,,,,,,,,,,,,,,,,,,,,,,,,,,,,,,,,,,,,,,,,,,,,,,,,,,,,,,,,,,,,,,,,,,,,,,,,,,,,,,,,,,,,,,,,,,,,,,,,,,,,,,,,,,,,,,,,,,,,,,,,,,,,,,,,,,,,,,,,,,,,,,,,,,,,,,,,,,,,,,,,,,,,,,,,,,,,,,,,,,,,,,,,,,,,,,,,,,,,,,,,,,,,,,,,,,,,,,,,,,,,,,,,,,,,,,,,,,,,,,,,,,,,,,,,,,,,,,,,,,,,,,,,,,,,,,,,,,,,,,,,,,,,,,,,,,,,,,,,,,,,,,,,,,,,,,,,,,,,,,,,,,,,,,,,,,
560,156-157,Dimensioni (LxPxH),560 CBAC,104561,480 x 85 x 110 mm,560 SB,104562,480 x 85 x 110 mm,,,,,,,,,,,,,,,,,,,,,,,,,,,,,,,,,,,,,,,,,,,,,,,,,,,,,,,,,,,,,,,,,,,,,,,,,,,,,,,,,,,,,,,,,,,,,,,,,,,,,,,,,,,,,,,,,,,,,,,,,,,,,,,,,,,,,,,,,,,,,,,,,,,,,,,,,,,,,,,,,,,,,,,,,,,,,,,,,,,,,,,,,,,,,,,,,,,,,,,,,,,,,,,,,,,,,,,,,,,,,,,,,,,,,,,,,,,,,,,,,,,,,,,,,,,,,,,,,,,,,,,,,,,,,,,,,,,,,,,,,,,,,,,,,,,,,,,,,,,,,,,,,,,,,,,,,,,,,,,,,,,,,,,,,,
560,156-157,Apparecchiatura elettronica,560 CBAC,104561,Non compresa,560 SB,104562,Non compresa,,,,,,,,,,,,,,,,,,,,,,,,,,,,,,,,,,,,,,,,,,,,,,,,,,,,,,,,,,,,,,,,,,,,,,,,,,,,,,,,,,,,,,,,,,,,,,,,,,,,,,,,,,,,,,,,,,,,,,,,,,,,,,,,,,,,,,,,,,,,,,,,,,,,,,,,,,,,,,,,,,,,,,,,,,,,,,,,,,,,,,,,,,,,,,,,,,,,,,,,,,,,,,,,,,,,,,,,,,,,,,,,,,,,,,,,,,,,,,,,,,,,,,,,,,,,,,,,,,,,,,,,,,,,,,,,,,,,,,,,,,,,,,,,,,,,,,,,,,,,,,,,,,,,,,,,,,,,,,,,,,,,,,,,,,
560,156-157,Larghezza max anta,560 CBAC,104561,"1,50 m (singolo pannello)",560 SB,104562,"2,00 m (singolo pannello)",,,,,,,,,,,,,,,,,,,,,,,,,,,,,,,,,,,,,,,,,,,,,,,,,,,,,,,,,,,,,,,,,,,,,,,,,,,,,,,,,,,,,,,,,,,,,,,,,,,,,,,,,,,,,,,,,,,,,,,,,,,,,,,,,,,,,,,,,,,,,,,,,,,,,,,,,,,,,,,,,,,,,,,,,,,,,,,,,,,,,,,,,,,,,,,,,,,,,,,,,,,,,,,,,,,,,,,,,,,,,,,,,,,,,,,,,,,,,,,,,,,,,,,,,,,,,,,,,,,,,,,,,,,,,,,,,,,,,,,,,,,,,,,,,,,,,,,,,,,,,,,,,,,,,,,,,,,,,,,,,,,,,,,,,,
560,156-157,Frequenza di utilizzo,560 CBAC,104561,80 cicli/ora,560 SB,104562,80 cicli/ora,,,,,,,,,,,,,,,,,,,,,,,,,,,,,,,,,,,,,,,,,,,,,,,,,,,,,,,,,,,,,,,,,,,,,,,,,,,,,,,,,,,,,,,,,,,,,,,,,,,,,,,,,,,,,,,,,,,,,,,,,,,,,,,,,,,,,,,,,,,,,,,,,,,,,,,,,,,,,,,,,,,,,,,,,,,,,,,,,,,,,,,,,,,,,,,,,,,,,,,,,,,,,,,,,,,,,,,,,,,,,,,,,,,,,,,,,,,,,,,,,,,,,,,,,,,,,,,,,,,,,,,,,,,,,,,,,,,,,,,,,,,,,,,,,,,,,,,,,,,,,,,,,,,,,,,,,,,,,,,,,,,,,,,,,,
B614,160-163,Tensione di alimentazione di rete,B614,,220-240V ~ 50/60 Hz,,,,,,,,,,,,,,,,,,,,,,,,,,,,,,,,,,,,,,,,,,,,,,,,,,,,,,,,,,,,,,,,,,,,,,,,,,,,,,,,,,,,,,,,,,,,,,,,,,,,,,,,,,,,,,,,,,,,,,,,,,,,,,,,,,,,,,,,,,,,,,,,,,,,,,,,,,,,,,,,,,,,,,,,,,,,,,,,,,,,,,,,,,,,,,,,,,,,,,,,,,,,,,,,,,,,,,,,,,,,,,,,,,,,,,,,,,,,,,,,,,,,,,,,,,,,,,,,,,,,,,,,,,,,,,,,,,,,,,,,,,,,,,,,,,,,,,,,,,,,,,,,,,,,,,,,,,,,,,,,,,,,,,,,,,,,,
B614,160-163,Motore elettrico,B614,,Con spazzole 24V,,,,,,,,,,,,,,,,,,,,,,,,,,,,,,,,,,,,,,,,,,,,,,,,,,,,,,,,,,,,,,,,,,,,,,,,,,,,,,,,,,,,,,,,,,,,,,,,,,,,,,,,,,,,,,,,,,,,,,,,,,,,,,,,,,,,,,,,,,,,,,,,,,,,,,,,,,,,,,,,,,,,,,,,,,,,,,,,,,,,,,,,,,,,,,,,,,,,,,,,,,,,,,,,,,,,,,,,,,,,,,,,,,,,,,,,,,,,,,,,,,,,,,,,,,,,,,,,,,,,,,,,,,,,,,,,,,,,,,,,,,,,,,,,,,,,,,,,,,,,,,,,,,,,,,,,,,,,,,,,,,,,,,,,,,,,,
B614,160-163,Potenza max,B614,,165 W,,,,,,,,,,,,,,,,,,,,,,,,,,,,,,,,,,,,,,,,,,,,,,,,,,,,,,,,,,,,,,,,,,,,,,,,,,,,,,,,,,,,,,,,,,,,,,,,,,,,,,,,,,,,,,,,,,,,,,,,,,,,,,,,,,,,,,,,,,,,,,,,,,,,,,,,,,,,,,,,,,,,,,,,,,,,,,,,,,,,,,,,,,,,,,,,,,,,,,,,,,,,,,,,,,,,,,,,,,,,,,,,,,,,,,,,,,,,,,,,,,,,,,,,,,,,,,,,,,,,,,,,,,,,,,,,,,,,,,,,,,,,,,,,,,,,,,,,,,,,,,,,,,,,,,,,,,,,,,,,,,,,,,,,,,,,,
B614,160-163,Coppia max,B614,,300 Nm,,,,,,,,,,,,,,,,,,,,,,,,,,,,,,,,,,,,,,,,,,,,,,,,,,,,,,,,,,,,,,,,,,,,,,,,,,,,,,,,,,,,,,,,,,,,,,,,,,,,,,,,,,,,,,,,,,,,,,,,,,,,,,,,,,,,,,,,,,,,,,,,,,,,,,,,,,,,,,,,,,,,,,,,,,,,,,,,,,,,,,,,,,,,,,,,,,,,,,,,,,,,,,,,,,,,,,,,,,,,,,,,,,,,,,,,,,,,,,,,,,,,,,,,,,,,,,,,,,,,,,,,,,,,,,,,,,,,,,,,,,,,,,,,,,,,,,,,,,,,,,,,,,,,,,,,,,,,,,,,,,,,,,,,,,,,,
B614,160-163,Encoder,B614,,Incrementale integrato nel motore,,,,,,,,,,,,,,,,,,,,,,,,,,,,,,,,,,,,,,,,,,,,,,,,,,,,,,,,,,,,,,,,,,,,,,,,,,,,,,,,,,,,,,,,,,,,,,,,,,,,,,,,,,,,,,,,,,,,,,,,,,,,,,,,,,,,,,,,,,,,,,,,,,,,,,,,,,,,,,,,,,,,,,,,,,,,,,,,,,,,,,,,,,,,,,,,,,,,,,,,,,,,,,,,,,,,,,,,,,,,,,,,,,,,,,,,,,,,,,,,,,,,,,,,,,,,,,,,,,,,,,,,,,,,,,,,,,,,,,,,,,,,,,,,,,,,,,,,,,,,,,,,,,,,,,,,,,,,,,,,,,,,,,,,,,,,,
B614,160-163,Tipo di rallentamento,B614,,Elettronico + meccanico,,,,,,,,,,,,,,,,,,,,,,,,,,,,,,,,,,,,,,,,,,,,,,,,,,,,,,,,,,,,,,,,,,,,,,,,,,,,,,,,,,,,,,,,,,,,,,,,,,,,,,,,,,,,,,,,,,,,,,,,,,,,,,,,,,,,,,,,,,,,,,,,,,,,,,,,,,,,,,,,,,,,,,,,,,,,,,,,,,,,,,,,,,,,,,,,,,,,,,,,,,,,,,,,,,,,,,,,,,,,,,,,,,,,,,,,,,,,,,,,,,,,,,,,,,,,,,,,,,,,,,,,,,,,,,,,,,,,,,,,,,,,,,,,,,,,,,,,,,,,,,,,,,,,,,,,,,,,,,,,,,,,,,,,,,,,,
B614,160-163,Tipo di asta,B614,,Rettangolare e tonda,,,,,,,,,,,,,,,,,,,,,,,,,,,,,,,,,,,,,,,,,,,,,,,,,,,,,,,,,,,,,,,,,,,,,,,,,,,,,,,,,,,,,,,,,,,,,,,,,,,,,,,,,,,,,,,,,,,,,,,,,,,,,,,,,,,,,,,,,,,,,,,,,,,,,,,,,,,,,,,,,,,,,,,,,,,,,,,,,,,,,,,,,,,,,,,,,,,,,,,,,,,,,,,,,,,,,,,,,,,,,,,,,,,,,,,,,,,,,,,,,,,,,,,,,,,,,,,,,,,,,,,,,,,,,,,,,,,,,,,,,,,,,,,,,,,,,,,,,,,,,,,,,,,,,,,,,,,,,,,,,,,,,,,,,,,,,
B614,160-163,Temperatura ambiente di esercizio,B614,,-20°C ÷ +55°C,,,,,,,,,,,,,,,,,,,,,,,,,,,,,,,,,,,,,,,,,,,,,,,,,,,,,,,,,,,,,,,,,,,,,,,,,,,,,,,,,,,,,,,,,,,,,,,,,,,,,,,,,,,,,,,,,,,,,,,,,,,,,,,,,,,,,,,,,,,,,,,,,,,,,,,,,,,,,,,,,,,,,,,,,,,,,,,,,,,,,,,,,,,,,,,,,,,,,,,,,,,,,,,,,,,,,,,,,,,,,,,,,,,,,,,,,,,,,,,,,,,,,,,,,,,,,,,,,,,,,,,,,,,,,,,,,,,,,,,,,,,,,,,,,,,,,,,,,,,,,,,,,,,,,,,,,,,,,,,,,,,,,,,,,,,,,
B614,160-163,Grado di protezione,B614,,IP55 (scheda di controllo) - IP44,,,,,,,,,,,,,,,,,,,,,,,,,,,,,,,,,,,,,,,,,,,,,,,,,,,,,,,,,,,,,,,,,,,,,,,,,,,,,,,,,,,,,,,,,,,,,,,,,,,,,,,,,,,,,,,,,,,,,,,,,,,,,,,,,,,,,,,,,,,,,,,,,,,,,,,,,,,,,,,,,,,,,,,,,,,,,,,,,,,,,,,,,,,,,,,,,,,,,,,,,,,,,,,,,,,,,,,,,,,,,,,,,,,,,,,,,,,,,,,,,,,,,,,,,,,,,,,,,,,,,,,,,,,,,,,,,,,,,,,,,,,,,,,,,,,,,,,,,,,,,,,,,,,,,,,,,,,,,,,,,,,,,,,,,,,,,
B614,160-163,Peso,B614,,40 Kg,,,,,,,,,,,,,,,,,,,,,,,,,,,,,,,,,,,,,,,,,,,,,,,,,,,,,,,,,,,,,,,,,,,,,,,,,,,,,,,,,,,,,,,,,,,,,,,,,,,,,,,,,,,,,,,,,,,,,,,,,,,,,,,,,,,,,,,,,,,,,,,,,,,,,,,,,,,,,,,,,,,,,,,,,,,,,,,,,,,,,,,,,,,,,,,,,,,,,,,,,,,,,,,,,,,,,,,,,,,,,,,,,,,,,,,,,,,,,,,,,,,,,,,,,,,,,,,,,,,,,,,,,,,,,,,,,,,,,,,,,,,,,,,,,,,,,,,,,,,,,,,,,,,,,,,,,,,,,,,,,,,,,,,,,,,,,
B614,160-163,Dimensioni (LxPxH),B614,,360 x 250 x 1163 mm (Base di installazione 305 x 230 mm),,,,,,,,,,,,,,,,,,,,,,,,,,,,,,,,,,,,,,,,,,,,,,,,,,,,,,,,,,,,,,,,,,,,,,,,,,,,,,,,,,,,,,,,,,,,,,,,,,,,,,,,,,,,,,,,,,,,,,,,,,,,,,,,,,,,,,,,,,,,,,,,,,,,,,,,,,,,,,,,,,,,,,,,,,,,,,,,,,,,,,,,,,,,,,,,,,,,,,,,,,,,,,,,,,,,,,,,,,,,,,,,,,,,,,,,,,,,,,,,,,,,,,,,,,,,,,,,,,,,,,,,,,,,,,,,,,,,,,,,,,,,,,,,,,,,,,,,,,,,,,,,,,,,,,,,,,,,,,,,,,,,,,,,,,,,,
B614,160-163,Lunghezza max asta,B614,,6 m,,,,,,,,,,,,,,,,,,,,,,,,,,,,,,,,,,,,,,,,,,,,,,,,,,,,,,,,,,,,,,,,,,,,,,,,,,,,,,,,,,,,,,,,,,,,,,,,,,,,,,,,,,,,,,,,,,,,,,,,,,,,,,,,,,,,,,,,,,,,,,,,,,,,,,,,,,,,,,,,,,,,,,,,,,,,,,,,,,,,,,,,,,,,,,,,,,,,,,,,,,,,,,,,,,,,,,,,,,,,,,,,,,,,,,,,,,,,,,,,,,,,,,,,,,,,,,,,,,,,,,,,,,,,,,,,,,,,,,,,,,,,,,,,,,,,,,,,,,,,,,,,,,,,,,,,,,,,,,,,,,,,,,,,,,,,,
B614,160-163,Tempo di apertura,B614,,< 2 s (80°- 3m),,,,,,,,,,,,,,,,,,,,,,,,,,,,,,,,,,,,,,,,,,,,,,,,,,,,,,,,,,,,,,,,,,,,,,,,,,,,,,,,,,,,,,,,,,,,,,,,,,,,,,,,,,,,,,,,,,,,,,,,,,,,,,,,,,,,,,,,,,,,,,,,,,,,,,,,,,,,,,,,,,,,,,,,,,,,,,,,,,,,,,,,,,,,,,,,,,,,,,,,,,,,,,,,,,,,,,,,,,,,,,,,,,,,,,,,,,,,,,,,,,,,,,,,,,,,,,,,,,,,,,,,,,,,,,,,,,,,,,,,,,,,,,,,,,,,,,,,,,,,,,,,,,,,,,,,,,,,,,,,,,,,,,,,,,,,,
B614,160-163,Frequenza di utilizzo,B614,,Utilizzo continuo,,,,,,,,,,,,,,,,,,,,,,,,,,,,,,,,,,,,,,,,,,,,,,,,,,,,,,,,,,,,,,,,,,,,,,,,,,,,,,,,,,,,,,,,,,,,,,,,,,,,,,,,,,,,,,,,,,,,,,,,,,,,,,,,,,,,,,,,,,,,,,,,,,,,,,,,,,,,,,,,,,,,,,,,,,,,,,,,,,,,,,,,,,,,,,,,,,,,,,,,,,,,,,,,,,,,,,,,,,,,,,,,,,,,,,,,,,,,,,,,,,,,,,,,,,,,,,,,,,,,,,,,,,,,,,,,,,,,,,,,,,,,,,,,,,,,,,,,,,,,,,,,,,,,,,,,,,,,,,,,,,,,,,,,,,,,,
B614,160-163,Apparecchiatura elettronica,B614,,E614,,,,,,,,,,,,,,,,,,,,,,,,,,,,,,,,,,,,,,,,,,,,,,,,,,,,,,,,,,,,,,,,,,,,,,,,,,,,,,,,,,,,,,,,,,,,,,,,,,,,,,,,,,,,,,,,,,,,,,,,,,,,,,,,,,,,,,,,,,,,,,,,,,,,,,,,,,,,,,,,,,,,,,,,,,,,,,,,,,,,,,,,,,,,,,,,,,,,,,,,,,,,,,,,,,,,,,,,,,,,,,,,,,,,,,,,,,,,,,,,,,,,,,,,,,,,,,,,,,,,,,,,,,,,,,,,,,,,,,,,,,,,,,,,,,,,,,,,,,,,,,,,,,,,,,,,,,,,,,,,,,,,,,,,,,,,,
615BPR,164-167,Tensione di alimentazione di rete,615BPR Standard,,220-240V~ 50/60 Hz,,,,,,,,,,,,,,,,,,,,,,,,,,,,,,,,,,,,,,,,,,,,,,,,,,,,,,,,,,,,,,,,,,,,,,,,,,,,,,,,,,,,,,,,,,,,,,,,,,,,,,,,,,,,,,,,,,,,,,,,,,,,,,,,,,,,,,,,,,,,,,,,,,,,,,,,,,,,,,,,,,,,,,,,,,,,,,,,,,,,,,,,,,,,,,,,,,,,,,,,,,,,,,,,,,,,,,,,,,,,,,,,,,,,,,,,,,,,,,,,,,,,,,,,,,,,,,,,,,,,,,,,,,,,,,,,,,,,,,,,,,,,,,,,,,,,,,,,,,,,,,,,,,,,,,,,,,,,,,,,,,,,,,,,,,,,,
615BPR,164-167,Motore elettrico,615BPR Standard,,Asincrono monofase,,,,,,,,,,,,,,,,,,,,,,,,,,,,,,,,,,,,,,,,,,,,,,,,,,,,,,,,,,,,,,,,,,,,,,,,,,,,,,,,,,,,,,,,,,,,,,,,,,,,,,,,,,,,,,,,,,,,,,,,,,,,,,,,,,,,,,,,,,,,,,,,,,,,,,,,,,,,,,,,,,,,,,,,,,,,,,,,,,,,,,,,,,,,,,,,,,,,,,,,,,,,,,,,,,,,,,,,,,,,,,,,,,,,,,,,,,,,,,,,,,,,,,,,,,,,,,,,,,,,,,,,,,,,,,,,,,,,,,,,,,,,,,,,,,,,,,,,,,,,,,,,,,,,,,,,,,,,,,,,,,,,,,,,,,,,,
615BPR,164-167,Velocità di rotazione motore,615BPR Standard,,1.400 rpm (*),,,,,,,,,,,,,,,,,,,,,,,,,,,,,,,,,,,,,,,,,,,,,,,,,,,,,,,,,,,,,,,,,,,,,,,,,,,,,,,,,,,,,,,,,,,,,,,,,,,,,,,,,,,,,,,,,,,,,,,,,,,,,,,,,,,,,,,,,,,,,,,,,,,,,,,,,,,,,,,,,,,,,,,,,,,,,,,,,,,,,,,,,,,,,,,,,,,,,,,,,,,,,,,,,,,,,,,,,,,,,,,,,,,,,,,,,,,,,,,,,,,,,,,,,,,,,,,,,,,,,,,,,,,,,,,,,,,,,,,,,,,,,,,,,,,,,,,,,,,,,,,,,,,,,,,,,,,,,,,,,,,,,,,,,,,,,
615BPR,164-167,Potenza max,615BPR Standard,,220 W,,,,,,,,,,,,,,,,,,,,,,,,,,,,,,,,,,,,,,,,,,,,,,,,,,,,,,,,,,,,,,,,,,,,,,,,,,,,,,,,,,,,,,,,,,,,,,,,,,,,,,,,,,,,,,,,,,,,,,,,,,,,,,,,,,,,,,,,,,,,,,,,,,,,,,,,,,,,,,,,,,,,,,,,,,,,,,,,,,,,,,,,,,,,,,,,,,,,,,,,,,,,,,,,,,,,,,,,,,,,,,,,,,,,,,,,,,,,,,,,,,,,,,,,,,,,,,,,,,,,,,,,,,,,,,,,,,,,,,,,,,,,,,,,,,,,,,,,,,,,,,,,,,,,,,,,,,,,,,,,,,,,,,,,,,,,,
615BPR,164-167,Coppia max,615BPR Standard,,0 ÷ 400 Nm (*),,,,,,,,,,,,,,,,,,,,,,,,,,,,,,,,,,,,,,,,,,,,,,,,,,,,,,,,,,,,,,,,,,,,,,,,,,,,,,,,,,,,,,,,,,,,,,,,,,,,,,,,,,,,,,,,,,,,,,,,,,,,,,,,,,,,,,,,,,,,,,,,,,,,,,,,,,,,,,,,,,,,,,,,,,,,,,,,,,,,,,,,,,,,,,,,,,,,,,,,,,,,,,,,,,,,,,,,,,,,,,,,,,,,,,,,,,,,,,,,,,,,,,,,,,,,,,,,,,,,,,,,,,,,,,,,,,,,,,,,,,,,,,,,,,,,,,,,,,,,,,,,,,,,,,,,,,,,,,,,,,,,,,,,,,,,,
615BPR,164-167,Portata gruppo motore-pompa,615BPR Standard,,"1,5 lpm (*)",,,,,,,,,,,,,,,,,,,,,,,,,,,,,,,,,,,,,,,,,,,,,,,,,,,,,,,,,,,,,,,,,,,,,,,,,,,,,,,,,,,,,,,,,,,,,,,,,,,,,,,,,,,,,,,,,,,,,,,,,,,,,,,,,,,,,,,,,,,,,,,,,,,,,,,,,,,,,,,,,,,,,,,,,,,,,,,,,,,,,,,,,,,,,,,,,,,,,,,,,,,,,,,,,,,,,,,,,,,,,,,,,,,,,,,,,,,,,,,,,,,,,,,,,,,,,,,,,,,,,,,,,,,,,,,,,,,,,,,,,,,,,,,,,,,,,,,,,,,,,,,,,,,,,,,,,,,,,,,,,,,,,,,,,,,,,
615BPR,164-167,Encoder,615BPR Standard,,No - sicurezza oleodinamica antischiacciamento,,,,,,,,,,,,,,,,,,,,,,,,,,,,,,,,,,,,,,,,,,,,,,,,,,,,,,,,,,,,,,,,,,,,,,,,,,,,,,,,,,,,,,,,,,,,,,,,,,,,,,,,,,,,,,,,,,,,,,,,,,,,,,,,,,,,,,,,,,,,,,,,,,,,,,,,,,,,,,,,,,,,,,,,,,,,,,,,,,,,,,,,,,,,,,,,,,,,,,,,,,,,,,,,,,,,,,,,,,,,,,,,,,,,,,,,,,,,,,,,,,,,,,,,,,,,,,,,,,,,,,,,,,,,,,,,,,,,,,,,,,,,,,,,,,,,,,,,,,,,,,,,,,,,,,,,,,,,,,,,,,,,,,,,,,,,,
615BPR,164-167,Tipo di rallentamento,615BPR Standard,,Elettronico - Regolabile,,,,,,,,,,,,,,,,,,,,,,,,,,,,,,,,,,,,,,,,,,,,,,,,,,,,,,,,,,,,,,,,,,,,,,,,,,,,,,,,,,,,,,,,,,,,,,,,,,,,,,,,,,,,,,,,,,,,,,,,,,,,,,,,,,,,,,,,,,,,,,,,,,,,,,,,,,,,,,,,,,,,,,,,,,,,,,,,,,,,,,,,,,,,,,,,,,,,,,,,,,,,,,,,,,,,,,,,,,,,,,,,,,,,,,,,,,,,,,,,,,,,,,,,,,,,,,,,,,,,,,,,,,,,,,,,,,,,,,,,,,,,,,,,,,,,,,,,,,,,,,,,,,,,,,,,,,,,,,,,,,,,,,,,,,,,,
615BPR,164-167,Tipo di asta,615BPR Standard,,Rettangolare - Rettangolare con siepe - Rettangolare articolata - Tonda con luci,,,,,,,,,,,,,,,,,,,,,,,,,,,,,,,,,,,,,,,,,,,,,,,,,,,,,,,,,,,,,,,,,,,,,,,,,,,,,,,,,,,,,,,,,,,,,,,,,,,,,,,,,,,,,,,,,,,,,,,,,,,,,,,,,,,,,,,,,,,,,,,,,,,,,,,,,,,,,,,,,,,,,,,,,,,,,,,,,,,,,,,,,,,,,,,,,,,,,,,,,,,,,,,,,,,,,,,,,,,,,,,,,,,,,,,,,,,,,,,,,,,,,,,,,,,,,,,,,,,,,,,,,,,,,,,,,,,,,,,,,,,,,,,,,,,,,,,,,,,,,,,,,,,,,,,,,,,,,,,,,,,,,,,,,,,,,
615BPR,164-167,Temperatura ambiente di esercizio,615BPR Standard,,-20°C ÷ +55°C,,,,,,,,,,,,,,,,,,,,,,,,,,,,,,,,,,,,,,,,,,,,,,,,,,,,,,,,,,,,,,,,,,,,,,,,,,,,,,,,,,,,,,,,,,,,,,,,,,,,,,,,,,,,,,,,,,,,,,,,,,,,,,,,,,,,,,,,,,,,,,,,,,,,,,,,,,,,,,,,,,,,,,,,,,,,,,,,,,,,,,,,,,,,,,,,,,,,,,,,,,,,,,,,,,,,,,,,,,,,,,,,,,,,,,,,,,,,,,,,,,,,,,,,,,,,,,,,,,,,,,,,,,,,,,,,,,,,,,,,,,,,,,,,,,,,,,,,,,,,,,,,,,,,,,,,,,,,,,,,,,,,,,,,,,,,,
615BPR,164-167,Termoprotezione,615BPR Standard,,120°C,,,,,,,,,,,,,,,,,,,,,,,,,,,,,,,,,,,,,,,,,,,,,,,,,,,,,,,,,,,,,,,,,,,,,,,,,,,,,,,,,,,,,,,,,,,,,,,,,,,,,,,,,,,,,,,,,,,,,,,,,,,,,,,,,,,,,,,,,,,,,,,,,,,,,,,,,,,,,,,,,,,,,,,,,,,,,,,,,,,,,,,,,,,,,,,,,,,,,,,,,,,,,,,,,,,,,,,,,,,,,,,,,,,,,,,,,,,,,,,,,,,,,,,,,,,,,,,,,,,,,,,,,,,,,,,,,,,,,,,,,,,,,,,,,,,,,,,,,,,,,,,,,,,,,,,,,,,,,,,,,,,,,,,,,,,,,
615BPR,164-167,Grado di protezione,615BPR Standard,,IP44,,,,,,,,,,,,,,,,,,,,,,,,,,,,,,,,,,,,,,,,,,,,,,,,,,,,,,,,,,,,,,,,,,,,,,,,,,,,,,,,,,,,,,,,,,,,,,,,,,,,,,,,,,,,,,,,,,,,,,,,,,,,,,,,,,,,,,,,,,,,,,,,,,,,,,,,,,,,,,,,,,,,,,,,,,,,,,,,,,,,,,,,,,,,,,,,,,,,,,,,,,,,,,,,,,,,,,,,,,,,,,,,,,,,,,,,,,,,,,,,,,,,,,,,,,,,,,,,,,,,,,,,,,,,,,,,,,,,,,,,,,,,,,,,,,,,,,,,,,,,,,,,,,,,,,,,,,,,,,,,,,,,,,,,,,,,,
615BPR,164-167,Peso,615BPR Standard,,34 Kg,,,,,,,,,,,,,,,,,,,,,,,,,,,,,,,,,,,,,,,,,,,,,,,,,,,,,,,,,,,,,,,,,,,,,,,,,,,,,,,,,,,,,,,,,,,,,,,,,,,,,,,,,,,,,,,,,,,,,,,,,,,,,,,,,,,,,,,,,,,,,,,,,,,,,,,,,,,,,,,,,,,,,,,,,,,,,,,,,,,,,,,,,,,,,,,,,,,,,,,,,,,,,,,,,,,,,,,,,,,,,,,,,,,,,,,,,,,,,,,,,,,,,,,,,,,,,,,,,,,,,,,,,,,,,,,,,,,,,,,,,,,,,,,,,,,,,,,,,,,,,,,,,,,,,,,,,,,,,,,,,,,,,,,,,,,,,
615BPR,164-167,Tipo di olio,615BPR Standard,,FAAC HP OIL,,,,,,,,,,,,,,,,,,,,,,,,,,,,,,,,,,,,,,,,,,,,,,,,,,,,,,,,,,,,,,,,,,,,,,,,,,,,,,,,,,,,,,,,,,,,,,,,,,,,,,,,,,,,,,,,,,,,,,,,,,,,,,,,,,,,,,,,,,,,,,,,,,,,,,,,,,,,,,,,,,,,,,,,,,,,,,,,,,,,,,,,,,,,,,,,,,,,,,,,,,,,,,,,,,,,,,,,,,,,,,,,,,,,,,,,,,,,,,,,,,,,,,,,,,,,,,,,,,,,,,,,,,,,,,,,,,,,,,,,,,,,,,,,,,,,,,,,,,,,,,,,,,,,,,,,,,,,,,,,,,,,,,,,,,,,,
615BPR,164-167,Dimensioni (LxPxH),615BPR Standard,,270 x 140 x 1015 mm,,,,,,,,,,,,,,,,,,,,,,,,,,,,,,,,,,,,,,,,,,,,,,,,,,,,,,,,,,,,,,,,,,,,,,,,,,,,,,,,,,,,,,,,,,,,,,,,,,,,,,,,,,,,,,,,,,,,,,,,,,,,,,,,,,,,,,,,,,,,,,,,,,,,,,,,,,,,,,,,,,,,,,,,,,,,,,,,,,,,,,,,,,,,,,,,,,,,,,,,,,,,,,,,,,,,,,,,,,,,,,,,,,,,,,,,,,,,,,,,,,,,,,,,,,,,,,,,,,,,,,,,,,,,,,,,,,,,,,,,,,,,,,,,,,,,,,,,,,,,,,,,,,,,,,,,,,,,,,,,,,,,,,,,,,,,,
615BPR,164-167,Lunghezza max asta,615BPR Standard,,5 m,,,,,,,,,,,,,,,,,,,,,,,,,,,,,,,,,,,,,,,,,,,,,,,,,,,,,,,,,,,,,,,,,,,,,,,,,,,,,,,,,,,,,,,,,,,,,,,,,,,,,,,,,,,,,,,,,,,,,,,,,,,,,,,,,,,,,,,,,,,,,,,,,,,,,,,,,,,,,,,,,,,,,,,,,,,,,,,,,,,,,,,,,,,,,,,,,,,,,,,,,,,,,,,,,,,,,,,,,,,,,,,,,,,,,,,,,,,,,,,,,,,,,,,,,,,,,,,,,,,,,,,,,,,,,,,,,,,,,,,,,,,,,,,,,,,,,,,,,,,,,,,,,,,,,,,,,,,,,,,,,,,,,,,,,,,,,
615BPR,164-167,Tempo di apertura,615BPR Standard,,"5,7 s (90°)",,,,,,,,,,,,,,,,,,,,,,,,,,,,,,,,,,,,,,,,,,,,,,,,,,,,,,,,,,,,,,,,,,,,,,,,,,,,,,,,,,,,,,,,,,,,,,,,,,,,,,,,,,,,,,,,,,,,,,,,,,,,,,,,,,,,,,,,,,,,,,,,,,,,,,,,,,,,,,,,,,,,,,,,,,,,,,,,,,,,,,,,,,,,,,,,,,,,,,,,,,,,,,,,,,,,,,,,,,,,,,,,,,,,,,,,,,,,,,,,,,,,,,,,,,,,,,,,,,,,,,,,,,,,,,,,,,,,,,,,,,,,,,,,,,,,,,,,,,,,,,,,,,,,,,,,,,,,,,,,,,,,,,,,,,,,,
615BPR,164-167,Frequenza di utilizzo,615BPR Standard,,50%,,,,,,,,,,,,,,,,,,,,,,,,,,,,,,,,,,,,,,,,,,,,,,,,,,,,,,,,,,,,,,,,,,,,,,,,,,,,,,,,,,,,,,,,,,,,,,,,,,,,,,,,,,,,,,,,,,,,,,,,,,,,,,,,,,,,,,,,,,,,,,,,,,,,,,,,,,,,,,,,,,,,,,,,,,,,,,,,,,,,,,,,,,,,,,,,,,,,,,,,,,,,,,,,,,,,,,,,,,,,,,,,,,,,,,,,,,,,,,,,,,,,,,,,,,,,,,,,,,,,,,,,,,,,,,,,,,,,,,,,,,,,,,,,,,,,,,,,,,,,,,,,,,,,,,,,,,,,,,,,,,,,,,,,,,,,,
615BPR,164-167,Apparecchiatura elettronica,615BPR Standard,,615BPR incorporata,,,,,,,,,,,,,,,,,,,,,,,,,,,,,,,,,,,,,,,,,,,,,,,,,,,,,,,,,,,,,,,,,,,,,,,,,,,,,,,,,,,,,,,,,,,,,,,,,,,,,,,,,,,,,,,,,,,,,,,,,,,,,,,,,,,,,,,,,,,,,,,,,,,,,,,,,,,,,,,,,,,,,,,,,,,,,,,,,,,,,,,,,,,,,,,,,,,,,,,,,,,,,,,,,,,,,,,,,,,,,,,,,,,,,,,,,,,,,,,,,,,,,,,,,,,,,,,,,,,,,,,,,,,,,,,,,,,,,,,,,,,,,,,,,,,,,,,,,,,,,,,,,,,,,,,,,,,,,,,,,,,,,,,,,,,,,
620 Standard,168-171,Tensione di alimentazione di rete,Asta,,220-240V~ 50/60 Hz,Lunghezza asta (mm),,220-240V~ 50/60 Hz,Codice versione SX,,220-240V~ 50/60 Hz,Codice versione DX,,220-240V~ 50/60 Hz,620 Standard,,220-240V~ 50/60 Hz,620 rettangolare standard,,220-240V~ 50/60 Hz,1.315 ÷ 2.055,,220-240V~ 50/60 Hz,1046268,,220-240V~ 50/60 Hz,-,,220-240V~ 50/60 Hz,2.065 ÷ 2.555,,220-240V~ 50/60 Hz,1046208,,220-240V~ 50/60 Hz,1046408,,220-240V~ 50/60 Hz,2.565 ÷ 3.055,,220-240V~ 50/60 Hz,1046278,,220-240V~ 50/60 Hz,1046478,,220-240V~ 50/60 Hz,3.065 ÷ 3.815,,220-240V~ 50/60 Hz,1046288,,220-240V~ 50/60 Hz,1046488,,220-240V~ 50/60 Hz,3.825 ÷ 4.815,,220-240V~ 50/60 Hz,1046228,,220-240V~ 50/60 Hz,1046428,,220-240V~ 50/60 Hz,620 rettangolare standard,,220-240V~ 50/60 Hz,con luci,,220-240V~ 50/60 Hz,1.315 ÷ 2.055,,220-240V~ 50/60 Hz,1046268,,220-240V~ 50/60 Hz,-,,220-240V~ 50/60 Hz,2.065 ÷ 2.555,,220-240V~ 50/60 Hz,1046208,,220-240V~ 50/60 Hz,1046408,,220-240V~ 50/60 Hz,2.565 ÷ 3.055,,220-240V~ 50/60 Hz,1046278,,220-240V~ 50/60 Hz,1046478,,220-240V~ 50/60 Hz,3.065 ÷ 3.665,,220-240V~ 50/60 Hz,1046288,,220-240V~ 50/60 Hz,1046488,,220-240V~ 50/60 Hz,3.675 ÷ 4.490,,220-240V~ 50/60 Hz,1046228,,220-240V~ 50/60 Hz,1046428,,220-240V~ 50/60 Hz,4.500 ÷ 4.815,,220-240V~ 50/60 Hz,1047508,,220-240V~ 50/60 Hz,1047518,,220-240V~ 50/60 Hz,620 rettangolare standard,,220-240V~ 50/60 Hz,con siepe,,220-240V~ 50/60 Hz,1.815 ÷ 2.805,,220-240V~ 50/60 Hz,1046208,,220-240V~ 50/60 Hz,1046408,,220-240V~ 50/60 Hz,2.815 ÷ 3.555,,220-240V~ 50/60 Hz,1046218,,220-240V~ 50/60 Hz,1046418,,220-240V~ 50/60 Hz,3.565 ÷ 3.815,,220-240V~ 50/60 Hz,1046228,,220-240V~ 50/60 Hz,1046428,,220-240V~ 50/60 Hz,3.825 ÷ 4.815,,220-240V~ 50/60 Hz,1047508,,220-240V~ 50/60 Hz,1047518,,220-240V~ 50/60 Hz,620 tonda S,,220-240V~ 50/60 Hz,0 ÷ 2.300,,220-240V~ 50/60 Hz,1046268,,220-240V~ 50/60 Hz,-,,220-240V~ 50/60 Hz,2.310 ÷ 2.800,,220-240V~ 50/60 Hz,1046208,,220-240V~ 50/60 Hz,1046408,,220-240V~ 50/60 Hz,2.810 ÷ 3.300,,220-240V~ 50/60 Hz,1046278,,220-240V~ 50/60 Hz,1046478,,220-240V~ 50/60 Hz,3.310 ÷ 3.800,,220-240V~ 50/60 Hz,1046288,,220-240V~ 50/60 Hz,1046488,,220-240V~ 50/60 Hz,3.810 ÷ 4.300,,220-240V~ 50/60 Hz,1046228,,220-240V~ 50/60 Hz,1046428,,220-240V~ 50/60 Hz,4.310 ÷ 5.000,,220-240V~ 50/60 Hz,1046228,,220-240V~ 50/60 Hz,1046428,,220-240V~ 50/60 Hz,620 tonda S con siepe,,220-240V~ 50/60 Hz,0 ÷ 2.300,,220-240V~ 50/60 Hz,1046268,,220-240V~ 50/60 Hz,-,,220-240V~ 50/60 Hz,2.310 ÷ 2.800,,220-240V~ 50/60 Hz,1046208,,220-240V~ 50/60 Hz,1046408,,220-240V~ 50/60 Hz,2.810 ÷ 3.300,,220-240V~ 50/60 Hz,1046218,,220-240V~ 50/60 Hz,1046418,,220-240V~ 50/60 Hz,3.310 ÷ 3.800,,220-240V~ 50/60 Hz,1046228,,220-240V~ 50/60 Hz,1046428,,220-240V~ 50/60 Hz,3.810 ÷ 4.300,,220-240V~ 50/60 Hz,1047508,,220-240V~ 50/60 Hz,1047518,,220-240V~ 50/60 Hz,4.310 ÷ 5.000,,220-240V~ 50/60 Hz,1047508,,220-240V~ 50/60 Hz,1047518,,220-240V~ 50/60 Hz,620 tonda pivottante,,220-240V~ 50/60 Hz,1.500 ÷ 2.240,,220-240V~ 50/60 Hz,1046268,,220-240V~ 50/60 Hz,-,,220-240V~ 50/60 Hz,2.250 ÷ 2.740,,220-240V~ 50/60 Hz,1046208,,220-240V~ 50/60 Hz,1046408,,220-240V~ 50/60 Hz,2.750 ÷ 3.000,,220-240V~ 50/60 Hz,1046278,,220-240V~ 50/60 Hz,1046478,,220-240V~ 50/60 Hz,620 Standard ARTICOLATA,,220-240V~ 50/60 Hz,620 rettangolare articolata A(*) = 1315 ÷ 1814 mm,,220-240V~ 50/60 Hz,2.825 ÷ 3.815,,220-240V~ 50/60 Hz,1047048,,220-240V~ 50/60 Hz,1047148,,220-240V~ 50/60 Hz,620 rettangolare articolata A(*) = 1815 ÷ 2075 mm,,220-240V~ 50/60 Hz,1.825 ÷ 2.815,,220-240V~ 50/60 Hz,1047048,,220-240V~ 50/60 Hz,1047148,,220-240V~ 50/60 Hz
620 Standard,168-171,Motore elettrico,Asta,,Asincrono monofase,Lunghezza asta (mm),,Asincrono monofase,Codice versione SX,,Asincrono monofase,Codice versione DX,,Asincrono monofase,620 Standard,,Asincrono monofase,620 rettangolare standard,,Asincrono monofase,1.315 ÷ 2.055,,Asincrono monofase,1046268,,Asincrono monofase,-,,Asincrono monofase,2.065 ÷ 2.555,,Asincrono monofase,1046208,,Asincrono monofase,1046408,,Asincrono monofase,2.565 ÷ 3.055,,Asincrono monofase,1046278,,Asincrono monofase,1046478,,Asincrono monofase,3.065 ÷ 3.815,,Asincrono monofase,1046288,,Asincrono monofase,1046488,,Asincrono monofase,3.825 ÷ 4.815,,Asincrono monofase,1046228,,Asincrono monofase,1046428,,Asincrono monofase,620 rettangolare standard,,Asincrono monofase,con luci,,Asincrono monofase,1.315 ÷ 2.055,,Asincrono monofase,1046268,,Asincrono monofase,-,,Asincrono monofase,2.065 ÷ 2.555,,Asincrono monofase,1046208,,Asincrono monofase,1046408,,Asincrono monofase,2.565 ÷ 3.055,,Asincrono monofase,1046278,,Asincrono monofase,1046478,,Asincrono monofase,3.065 ÷ 3.665,,Asincrono monofase,1046288,,Asincrono monofase,1046488,,Asincrono monofase,3.675 ÷ 4.490,,Asincrono monofase,1046228,,Asincrono monofase,1046428,,Asincrono monofase,4.500 ÷ 4.815,,Asincrono monofase,1047508,,Asincrono monofase,1047518,,Asincrono monofase,620 rettangolare standard,,Asincrono monofase,con siepe,,Asincrono monofase,1.815 ÷ 2.805,,Asincrono monofase,1046208,,Asincrono monofase,1046408,,Asincrono monofase,2.815 ÷ 3.555,,Asincrono monofase,1046218,,Asincrono monofase,1046418,,Asincrono monofase,3.565 ÷ 3.815,,Asincrono monofase,1046228,,Asincrono monofase,1046428,,Asincrono monofase,3.825 ÷ 4.815,,Asincrono monofase,1047508,,Asincrono monofase,1047518,,Asincrono monofase,620 tonda S,,Asincrono monofase,0 ÷ 2.300,,Asincrono monofase,1046268,,Asincrono monofase,-,,Asincrono monofase,2.310 ÷ 2.800,,Asincrono monofase,1046208,,Asincrono monofase,1046408,,Asincrono monofase,2.810 ÷ 3.300,,Asincrono monofase,1046278,,Asincrono monofase,1046478,,Asincrono monofase,3.310 ÷ 3.800,,Asincrono monofase,1046288,,Asincrono monofase,1046488,,Asincrono monofase,3.810 ÷ 4.300,,Asincrono monofase,1046228,,Asincrono monofase,1046428,,Asincrono monofase,4.310 ÷ 5.000,,Asincrono monofase,1046228,,Asincrono monofase,1046428,,Asincrono monofase,620 tonda S con siepe,,Asincrono monofase,0 ÷ 2.300,,Asincrono monofase,1046268,,Asincrono monofase,-,,Asincrono monofase,2.310 ÷ 2.800,,Asincrono monofase,1046208,,Asincrono monofase,1046408,,Asincrono monofase,2.810 ÷ 3.300,,Asincrono monofase,1046218,,Asincrono monofase,1046418,,Asincrono monofase,3.310 ÷ 3.800,,Asincrono monofase,1046228,,Asincrono monofase,1046428,,Asincrono monofase,3.810 ÷ 4.300,,Asincrono monofase,1047508,,Asincrono monofase,1047518,,Asincrono monofase,4.310 ÷ 5.000,,Asincrono monofase,1047508,,Asincrono monofase,1047518,,Asincrono monofase,620 tonda pivottante,,Asincrono monofase,1.500 ÷ 2.240,,Asincrono monofase,1046268,,Asincrono monofase,-,,Asincrono monofase,2.250 ÷ 2.740,,Asincrono monofase,1046208,,Asincrono monofase,1046408,,Asincrono monofase,2.750 ÷ 3.000,,Asincrono monofase,1046278,,Asincrono monofase,1046478,,Asincrono monofase,620 Standard ARTICOLATA,,Asincrono monofase,620 rettangolare articolata A(*) = 1315 ÷ 1814 mm,,Asincrono monofase,2.825 ÷ 3.815,,Asincrono monofase,1047048,,Asincrono monofase,1047148,,Asincrono monofase,620 rettangolare articolata A(*) = 1815 ÷ 2075 mm,,Asincrono monofase,1.825 ÷ 2.815,,Asincrono monofase,1047048,,Asincrono monofase,1047148,,Asincrono monofase
620 Standard,168-171,Velocità di rotazione motore,Asta,,1400 rpm (*),Lunghezza asta (mm),,1400 rpm (*),Codice versione SX,,1400 rpm (*),Codice versione DX,,1400 rpm (*),620 Standard,,1400 rpm (*),620 rettangolare standard,,1400 rpm (*),1.315 ÷ 2.055,,1400 rpm (*),1046268,,1400 rpm (*),-,,1400 rpm (*),2.065 ÷ 2.555,,1400 rpm (*),1046208,,1400 rpm (*),1046408,,1400 rpm (*),2.565 ÷ 3.055,,1400 rpm (*),1046278,,1400 rpm (*),1046478,,1400 rpm (*),3.065 ÷ 3.815,,1400 rpm (*),1046288,,1400 rpm (*),1046488,,1400 rpm (*),3.825 ÷ 4.815,,1400 rpm (*),1046228,,1400 rpm (*),1046428,,1400 rpm (*),620 rettangolare standard,,1400 rpm (*),con luci,,1400 rpm (*),1.315 ÷ 2.055,,1400 rpm (*),1046268,,1400 rpm (*),-,,1400 rpm (*),2.065 ÷ 2.555,,1400 rpm (*),1046208,,1400 rpm (*),1046408,,1400 rpm (*),2.565 ÷ 3.055,,1400 rpm (*),1046278,,1400 rpm (*),1046478,,1400 rpm (*),3.065 ÷ 3.665,,1400 rpm (*),1046288,,1400 rpm (*),1046488,,1400 rpm (*),3.675 ÷ 4.490,,1400 rpm (*),1046228,,1400 rpm (*),1046428,,1400 rpm (*),4.500 ÷ 4.815,,1400 rpm (*),1047508,,1400 rpm (*),1047518,,1400 rpm (*),620 rettangolare standard,,1400 rpm (*),con siepe,,1400 rpm (*),1.815 ÷ 2.805,,1400 rpm (*),1046208,,1400 rpm (*),1046408,,1400 rpm (*),2.815 ÷ 3.555,,1400 rpm (*),1046218,,1400 rpm (*),1046418,,1400 rpm (*),3.565 ÷ 3.815,,1400 rpm (*),1046228,,1400 rpm (*),1046428,,1400 rpm (*),3.825 ÷ 4.815,,1400 rpm (*),1047508,,1400 rpm (*),1047518,,1400 rpm (*),620 tonda S,,1400 rpm (*),0 ÷ 2.300,,1400 rpm (*),1046268,,1400 rpm (*),-,,1400 rpm (*),2.310 ÷ 2.800,,1400 rpm (*),1046208,,1400 rpm (*),1046408,,1400 rpm (*),2.810 ÷ 3.300,,1400 rpm (*),1046278,,1400 rpm (*),1046478,,1400 rpm (*),3.310 ÷ 3.800,,1400 rpm (*),1046288,,1400 rpm (*),1046488,,1400 rpm (*),3.810 ÷ 4.300,,1400 rpm (*),1046228,,1400 rpm (*),1046428,,1400 rpm (*),4.310 ÷ 5.000,,1400 rpm (*),1046228,,1400 rpm (*),1046428,,1400 rpm (*),620 tonda S con siepe,,1400 rpm (*),0 ÷ 2.300,,1400 rpm (*),1046268,,1400 rpm (*),-,,1400 rpm (*),2.310 ÷ 2.800,,1400 rpm (*),1046208,,1400 rpm (*),1046408,,1400 rpm (*),2.810 ÷ 3.300,,1400 rpm (*),1046218,,1400 rpm (*),1046418,,1400 rpm (*),3.310 ÷ 3.800,,1400 rpm (*),1046228,,1400 rpm (*),1046428,,1400 rpm (*),3.810 ÷ 4.300,,1400 rpm (*),1047508,,1400 rpm (*),1047518,,1400 rpm (*),4.310 ÷ 5.000,,1400 rpm (*),1047508,,1400 rpm (*),1047518,,1400 rpm (*),620 tonda pivottante,,1400 rpm (*),1.500 ÷ 2.240,,1400 rpm (*),1046268,,1400 rpm (*),-,,1400 rpm (*),2.250 ÷ 2.740,,1400 rpm (*),1046208,,1400 rpm (*),1046408,,1400 rpm (*),2.750 ÷ 3.000,,1400 rpm (*),1046278,,1400 rpm (*),1046478,,1400 rpm (*),620 Standard ARTICOLATA,,1400 rpm (*),620 rettangolare articolata A(*) = 1315 ÷ 1814 mm,,1400 rpm (*),2.825 ÷ 3.815,,1400 rpm (*),1047048,,1400 rpm (*),1047148,,1400 rpm (*),620 rettangolare articolata A(*) = 1815 ÷ 2075 mm,,1400 rpm (*),1.825 ÷ 2.815,,1400 rpm (*),1047048,,1400 rpm (*),1047148,,1400 rpm (*)
620 Standard,168-171,Potenza max,Asta,,220 W,Lunghezza asta (mm),,220 W,Codice versione SX,,220 W,Codice versione DX,,220 W,620 Standard,,220 W,620 rettangolare standard,,220 W,1.315 ÷ 2.055,,220 W,1046268,,220 W,-,,220 W,2.065 ÷ 2.555,,220 W,1046208,,220 W,1046408,,220 W,2.565 ÷ 3.055,,220 W,1046278,,220 W,1046478,,220 W,3.065 ÷ 3.815,,220 W,1046288,,220 W,1046488,,220 W,3.825 ÷ 4.815,,220 W,1046228,,220 W,1046428,,220 W,620 rettangolare standard,,220 W,con luci,,220 W,1.315 ÷ 2.055,,220 W,1046268,,220 W,-,,220 W,2.065 ÷ 2.555,,220 W,1046208,,220 W,1046408,,220 W,2.565 ÷ 3.055,,220 W,1046278,,220 W,1046478,,220 W,3.065 ÷ 3.665,,220 W,1046288,,220 W,1046488,,220 W,3.675 ÷ 4.490,,220 W,1046228,,220 W,1046428,,220 W,4.500 ÷ 4.815,,220 W,1047508,,220 W,1047518,,220 W,620 rettangolare standard,,220 W,con siepe,,220 W,1.815 ÷ 2.805,,220 W,1046208,,220 W,1046408,,220 W,2.815 ÷ 3.555,,220 W,1046218,,220 W,1046418,,220 W,3.565 ÷ 3.815,,220 W,1046228,,220 W,1046428,,220 W,3.825 ÷ 4.815,,220 W,1047508,,220 W,1047518,,220 W,620 tonda S,,220 W,0 ÷ 2.300,,220 W,1046268,,220 W,-,,220 W,2.310 ÷ 2.800,,220 W,1046208,,220 W,1046408,,220 W,2.810 ÷ 3.300,,220 W,1046278,,220 W,1046478,,220 W,3.310 ÷ 3.800,,220 W,1046288,,220 W,1046488,,220 W,3.810 ÷ 4.300,,220 W,1046228,,220 W,1046428,,220 W,4.310 ÷ 5.000,,220 W,1046228,,220 W,1046428,,220 W,620 tonda S con siepe,,220 W,0 ÷ 2.300,,220 W,1046268,,220 W,-,,220 W,2.310 ÷ 2.800,,220 W,1046208,,220 W,1046408,,220 W,2.810 ÷ 3.300,,220 W,1046218,,220 W,1046418,,220 W,3.310 ÷ 3.800,,220 W,1046228,,220 W,1046428,,220 W,3.810 ÷ 4.300,,220 W,1047508,,220 W,1047518,,220 W,4.310 ÷ 5.000,,220 W,1047508,,220 W,1047518,,220 W,620 tonda pivottante,,220 W,1.500 ÷ 2.240,,220 W,1046268,,220 W,-,,220 W,2.250 ÷ 2.740,,220 W,1046208,,220 W,1046408,,220 W,2.750 ÷ 3.000,,220 W,1046278,,220 W,1046478,,220 W,620 Standard ARTICOLATA,,220 W,620 rettangolare articolata A(*) = 1315 ÷ 1814 mm,,220 W,2.825 ÷ 3.815,,220 W,1047048,,220 W,1047148,,220 W,620 rettangolare articolata A(*) = 1815 ÷ 2075 mm,,220 W,1.825 ÷ 2.815,,220 W,1047048,,220 W,1047148,,220 W
620 Standard,168-171,Coppia max,Asta,,0 ÷ 220 / 0 ÷ 180 Nm (*),Lunghezza asta (mm),,0 ÷ 220 / 0 ÷ 180 Nm (*),Codice versione SX,,0 ÷ 220 / 0 ÷ 180 Nm (*),Codice versione DX,,0 ÷ 220 / 0 ÷ 180 Nm (*),620 Standard,,0 ÷ 220 / 0 ÷ 180 Nm (*),620 rettangolare standard,,0 ÷ 220 / 0 ÷ 180 Nm (*),1.315 ÷ 2.055,,0 ÷ 220 / 0 ÷ 180 Nm (*),1046268,,0 ÷ 220 / 0 ÷ 180 Nm (*),-,,0 ÷ 220 / 0 ÷ 180 Nm (*),2.065 ÷ 2.555,,0 ÷ 220 / 0 ÷ 180 Nm (*),1046208,,0 ÷ 220 / 0 ÷ 180 Nm (*),1046408,,0 ÷ 220 / 0 ÷ 180 Nm (*),2.565 ÷ 3.055,,0 ÷ 220 / 0 ÷ 180 Nm (*),1046278,,0 ÷ 220 / 0 ÷ 180 Nm (*),1046478,,0 ÷ 220 / 0 ÷ 180 Nm (*),3.065 ÷ 3.815,,0 ÷ 220 / 0 ÷ 180 Nm (*),1046288,,0 ÷ 220 / 0 ÷ 180 Nm (*),1046488,,0 ÷ 220 / 0 ÷ 180 Nm (*),3.825 ÷ 4.815,,0 ÷ 220 / 0 ÷ 180 Nm (*),1046228,,0 ÷ 220 / 0 ÷ 180 Nm (*),1046428,,0 ÷ 220 / 0 ÷ 180 Nm (*),620 rettangolare standard,,0 ÷ 220 / 0 ÷ 180 Nm (*),con luci,,0 ÷ 220 / 0 ÷ 180 Nm (*),1.315 ÷ 2.055,,0 ÷ 220 / 0 ÷ 180 Nm (*),1046268,,0 ÷ 220 / 0 ÷ 180 Nm (*),-,,0 ÷ 220 / 0 ÷ 180 Nm (*),2.065 ÷ 2.555,,0 ÷ 220 / 0 ÷ 180 Nm (*),1046208,,0 ÷ 220 / 0 ÷ 180 Nm (*),1046408,,0 ÷ 220 / 0 ÷ 180 Nm (*),2.565 ÷ 3.055,,0 ÷ 220 / 0 ÷ 180 Nm (*),1046278,,0 ÷ 220 / 0 ÷ 180 Nm (*),1046478,,0 ÷ 220 / 0 ÷ 180 Nm (*),3.065 ÷ 3.665,,0 ÷ 220 / 0 ÷ 180 Nm (*),1046288,,0 ÷ 220 / 0 ÷ 180 Nm (*),1046488,,0 ÷ 220 / 0 ÷ 180 Nm (*),3.675 ÷ 4.490,,0 ÷ 220 / 0 ÷ 180 Nm (*),1046228,,0 ÷ 220 / 0 ÷ 180 Nm (*),1046428,,0 ÷ 220 / 0 ÷ 180 Nm (*),4.500 ÷ 4.815,,0 ÷ 220 / 0 ÷ 180 Nm (*),1047508,,0 ÷ 220 / 0 ÷ 180 Nm (*),1047518,,0 ÷ 220 / 0 ÷ 180 Nm (*),620 rettangolare standard,,0 ÷ 220 / 0 ÷ 180 Nm (*),con siepe,,0 ÷ 220 / 0 ÷ 180 Nm (*),1.815 ÷ 2.805,,0 ÷ 220 / 0 ÷ 180 Nm (*),1046208,,0 ÷ 220 / 0 ÷ 180 Nm (*),1046408,,0 ÷ 220 / 0 ÷ 180 Nm (*),2.815 ÷ 3.555,,0 ÷ 220 / 0 ÷ 180 Nm (*),1046218,,0 ÷ 220 / 0 ÷ 180 Nm (*),1046418,,0 ÷ 220 / 0 ÷ 180 Nm (*),3.565 ÷ 3.815,,0 ÷ 220 / 0 ÷ 180 Nm (*),1046228,,0 ÷ 220 / 0 ÷ 180 Nm (*),1046428,,0 ÷ 220 / 0 ÷ 180 Nm (*),3.825 ÷ 4.815,,0 ÷ 220 / 0 ÷ 180 Nm (*),1047508,,0 ÷ 220 / 0 ÷ 180 Nm (*),1047518,,0 ÷ 220 / 0 ÷ 180 Nm (*),620 tonda S,,0 ÷ 220 / 0 ÷ 180 Nm (*),0 ÷ 2.300,,0 ÷ 220 / 0 ÷ 180 Nm (*),1046268,,0 ÷ 220 / 0 ÷ 180 Nm (*),-,,0 ÷ 220 / 0 ÷ 180 Nm (*),2.310 ÷ 2.800,,0 ÷ 220 / 0 ÷ 180 Nm (*),1046208,,0 ÷ 220 / 0 ÷ 180 Nm (*),1046408,,0 ÷ 220 / 0 ÷ 180 Nm (*),2.810 ÷ 3.300,,0 ÷ 220 / 0 ÷ 180 Nm (*),1046278,,0 ÷ 220 / 0 ÷ 180 Nm (*),1046478,,0 ÷ 220 / 0 ÷ 180 Nm (*),3.310 ÷ 3.800,,0 ÷ 220 / 0 ÷ 180 Nm (*),1046288,,0 ÷ 220 / 0 ÷ 180 Nm (*),1046488,,0 ÷ 220 / 0 ÷ 180 Nm (*),3.810 ÷ 4.300,,0 ÷ 220 / 0 ÷ 180 Nm (*),1046228,,0 ÷ 220 / 0 ÷ 180 Nm (*),1046428,,0 ÷ 220 / 0 ÷ 180 Nm (*),4.310 ÷ 5.000,,0 ÷ 220 / 0 ÷ 180 Nm (*),1046228,,0 ÷ 220 / 0 ÷ 180 Nm (*),1046428,,0 ÷ 220 / 0 ÷ 180 Nm (*),620 tonda S con siepe,,0 ÷ 220 / 0 ÷ 180 Nm (*),0 ÷ 2.300,,0 ÷ 220 / 0 ÷ 180 Nm (*),1046268,,0 ÷ 220 / 0 ÷ 180 Nm (*),-,,0 ÷ 220 / 0 ÷ 180 Nm (*),2.310 ÷ 2.800,,0 ÷ 220 / 0 ÷ 180 Nm (*),1046208,,0 ÷ 220 / 0 ÷ 180 Nm (*),1046408,,0 ÷ 220 / 0 ÷ 180 Nm (*),2.810 ÷ 3.300,,0 ÷ 220 / 0 ÷ 180 Nm (*),1046218,,0 ÷ 220 / 0 ÷ 180 Nm (*),1046418,,0 ÷ 220 / 0 ÷ 180 Nm (*),3.310 ÷ 3.800,,0 ÷ 220 / 0 ÷ 180 Nm (*),1046228,,0 ÷ 220 / 0 ÷ 180 Nm (*),1046428,,0 ÷ 220 / 0 ÷ 180 Nm (*),3.810 ÷ 4.300,,0 ÷ 220 / 0 ÷ 180 Nm (*),1047508,,0 ÷ 220 / 0 ÷ 180 Nm (*),1047518,,0 ÷ 220 / 0 ÷ 180 Nm (*),4.310 ÷ 5.000,,0 ÷ 220 / 0 ÷ 180 Nm (*),1047508,,0 ÷ 220 / 0 ÷ 180 Nm (*),1047518,,0 ÷ 220 / 0 ÷ 180 Nm (*),620 tonda pivottante,,0 ÷ 220 / 0 ÷ 180 Nm (*),1.500 ÷ 2.240,,0 ÷ 220 / 0 ÷ 180 Nm (*),1046268,,0 ÷ 220 / 0 ÷ 180 Nm (*),-,,0 ÷ 220 / 0 ÷ 180 Nm (*),2.250 ÷ 2.740,,0 ÷ 220 / 0 ÷ 180 Nm (*),1046208,,0 ÷ 220 / 0 ÷ 180 Nm (*),1046408,,0 ÷ 220 / 0 ÷ 180 Nm (*),2.750 ÷ 3.000,,0 ÷ 220 / 0 ÷ 180 Nm (*),1046278,,0 ÷ 220 / 0 ÷ 180 Nm (*),1046478,,0 ÷ 220 / 0 ÷ 180 Nm (*),620 Standard ARTICOLATA,,0 ÷ 220 / 0 ÷ 180 Nm (*),620 rettangolare articolata A(*) = 1315 ÷ 1814 mm,,0 ÷ 220 / 0 ÷ 180 Nm (*),2.825 ÷ 3.815,,0 ÷ 220 / 0 ÷ 180 Nm (*),1047048,,0 ÷ 220 / 0 ÷ 180 Nm (*),1047148,,0 ÷ 220 / 0 ÷ 180 Nm (*),620 rettangolare articolata A(*) = 1815 ÷ 2075 mm,,0 ÷ 220 / 0 ÷ 180 Nm (*),1.825 ÷ 2.815,,0 ÷ 220 / 0 ÷ 180 Nm (*),1047048,,0 ÷ 220 / 0 ÷ 180 Nm (*),1047148,,0 ÷ 220 / 0 ÷ 180 Nm (*)
620 Standard,168-171,Portata gruppo motore-pompa,Asta,,"0,75-1 lpm (*)",Lunghezza asta (mm),,Tipo di materiale,Codice versione SX,,Acciaio,Codice versione DX,,Tipo di trattamento,620 Standard,,Primer anticorrosivo 100 microns + Verniciatura in poliestere RAL 2004,620 rettangolare standard,,Primer anticorrosivo 100 microns + Verniciatura in poliestere RAL 2004,1.315 ÷ 2.055,,Primer anticorrosivo 100 microns + Verniciatura in poliestere RAL 2004,1046268,,Primer anticorrosivo 100 microns + Verniciatura in poliestere RAL 2004,-,,Primer anticorrosivo 100 microns + Verniciatura in poliestere RAL 2004,2.065 ÷ 2.555,,Primer anticorrosivo 100 microns + Verniciatura in poliestere RAL 2004,1046208,,Primer anticorrosivo 100 microns + Verniciatura in poliestere RAL 2004,1046408,,Primer anticorrosivo 100 microns + Verniciatura in poliestere RAL 2004,2.565 ÷ 3.055,,Primer anticorrosivo 100 microns + Verniciatura in poliestere RAL 2004,1046278,,Primer anticorrosivo 100 microns + Verniciatura in poliestere RAL 2004,1046478,,Primer anticorrosivo 100 microns + Verniciatura in poliestere RAL 2004,3.065 ÷ 3.815,,Primer anticorrosivo 100 microns + Verniciatura in poliestere RAL 2004,1046288,,Primer anticorrosivo 100 microns + Verniciatura in poliestere RAL 2004,1046488,,Primer anticorrosivo 100 microns + Verniciatura in poliestere RAL 2004,3.825 ÷ 4.815,,Primer anticorrosivo 100 microns + Verniciatura in poliestere RAL 2004,1046228,,Primer anticorrosivo 100 microns + Verniciatura in poliestere RAL 2004,1046428,,Primer anticorrosivo 100 microns + Verniciatura in poliestere RAL 2004,620 rettangolare standard,,Primer anticorrosivo 100 microns + Verniciatura in poliestere RAL 2004,con luci,,Primer anticorrosivo 100 microns + Verniciatura in poliestere RAL 2004,1.315 ÷ 2.055,,Primer anticorrosivo 100 microns + Verniciatura in poliestere RAL 2004,1046268,,Primer anticorrosivo 100 microns + Verniciatura in poliestere RAL 2004,-,,Primer anticorrosivo 100 microns + Verniciatura in poliestere RAL 2004,2.065 ÷ 2.555,,Primer anticorrosivo 100 microns + Verniciatura in poliestere RAL 2004,1046208,,Primer anticorrosivo 100 microns + Verniciatura in poliestere RAL 2004,1046408,,Primer anticorrosivo 100 microns + Verniciatura in poliestere RAL 2004,2.565 ÷ 3.055,,Primer anticorrosivo 100 microns + Verniciatura in poliestere RAL 2004,1046278,,Primer anticorrosivo 100 microns + Verniciatura in poliestere RAL 2004,1046478,,Primer anticorrosivo 100 microns + Verniciatura in poliestere RAL 2004,3.065 ÷ 3.665,,Primer anticorrosivo 100 microns + Verniciatura in poliestere RAL 2004,1046288,,Primer anticorrosivo 100 microns + Verniciatura in poliestere RAL 2004,1046488,,Primer anticorrosivo 100 microns + Verniciatura in poliestere RAL 2004,3.675 ÷ 4.490,,Primer anticorrosivo 100 microns + Verniciatura in poliestere RAL 2004,1046228,,Primer anticorrosivo 100 microns + Verniciatura in poliestere RAL 2004,1046428,,Primer anticorrosivo 100 microns + Verniciatura in poliestere RAL 2004,4.500 ÷ 4.815,,Primer anticorrosivo 100 microns + Verniciatura in poliestere RAL 2004,1047508,,Primer anticorrosivo 100 microns + Verniciatura in poliestere RAL 2004,1047518,,Primer anticorrosivo 100 microns + Verniciatura in poliestere RAL 2004,620 rettangolare standard,,Primer anticorrosivo 100 microns + Verniciatura in poliestere RAL 2004,con siepe,,Primer anticorrosivo 100 microns + Verniciatura in poliestere RAL 2004,1.815 ÷ 2.805,,Primer anticorrosivo 100 microns + Verniciatura in poliestere RAL 2004,1046208,,Primer anticorrosivo 100 microns + Verniciatura in poliestere RAL 2004,1046408,,Primer anticorrosivo 100 microns + Verniciatura in poliestere RAL 2004,2.815 ÷ 3.555,,Primer anticorrosivo 100 microns + Verniciatura in poliestere RAL 2004,1046218,,Primer anticorrosivo 100 microns + Verniciatura in poliestere RAL 2004,1046418,,Primer anticorrosivo 100 microns + Verniciatura in poliestere RAL 2004,3.565 ÷ 3.815,,Primer anticorrosivo 100 microns + Verniciatura in poliestere RAL 2004,1046228,,Primer anticorrosivo 100 microns + Verniciatura in poliestere RAL 2004,1046428,,Primer anticorrosivo 100 microns + Verniciatura in poliestere RAL 2004,3.825 ÷ 4.815,,Primer anticorrosivo 100 microns + Verniciatura in poliestere RAL 2004,1047508,,Primer anticorrosivo 100 microns + Verniciatura in poliestere RAL 2004,1047518,,Primer anticorrosivo 100 microns + Verniciatura in poliestere RAL 2004,620 tonda S,,Primer anticorrosivo 100 microns + Verniciatura in poliestere RAL 2004,0 ÷ 2.300,,Primer anticorrosivo 100 microns + Verniciatura in poliestere RAL 2004,1046268,,Primer anticorrosivo 100 microns + Verniciatura in poliestere RAL 2004,-,,Primer anticorrosivo 100 microns + Verniciatura in poliestere RAL 2004,2.310 ÷ 2.800,,Primer anticorrosivo 100 microns + Verniciatura in poliestere RAL 2004,1046208,,Primer anticorrosivo 100 microns + Verniciatura in poliestere RAL 2004,1046408,,Primer anticorrosivo 100 microns + Verniciatura in poliestere RAL 2004,2.810 ÷ 3.300,,Primer anticorrosivo 100 microns + Verniciatura in poliestere RAL 2004,1046278,,Primer anticorrosivo 100 microns + Verniciatura in poliestere RAL 2004,1046478,,Primer anticorrosivo 100 microns + Verniciatura in poliestere RAL 2004,3.310 ÷ 3.800,,Primer anticorrosivo 100 microns + Verniciatura in poliestere RAL 2004,1046288,,Primer anticorrosivo 100 microns + Verniciatura in poliestere RAL 2004,1046488,,Primer anticorrosivo 100 microns + Verniciatura in poliestere RAL 2004,3.810 ÷ 4.300,,Primer anticorrosivo 100 microns + Verniciatura in poliestere RAL 2004,1046228,,Primer anticorrosivo 100 microns + Verniciatura in poliestere RAL 2004,1046428,,Primer anticorrosivo 100 microns + Verniciatura in poliestere RAL 2004,4.310 ÷ 5.000,,Primer anticorrosivo 100 microns + Verniciatura in poliestere RAL 2004,1046228,,Primer anticorrosivo 100 microns + Verniciatura in poliestere RAL 2004,1046428,,Primer anticorrosivo 100 microns + Verniciatura in poliestere RAL 2004,620 tonda S con siepe,,Primer anticorrosivo 100 microns + Verniciatura in poliestere RAL 2004,0 ÷ 2.300,,Primer anticorrosivo 100 microns + Verniciatura in poliestere RAL 2004,1046268,,Primer anticorrosivo 100 microns + Verniciatura in poliestere RAL 2004,-,,Primer anticorrosivo 100 microns + Verniciatura in poliestere RAL 2004,2.310 ÷ 2.800,,Primer anticorrosivo 100 microns + Verniciatura in poliestere RAL 2004,1046208,,Primer anticorrosivo 100 microns + Verniciatura in poliestere RAL 2004,1046408,,Primer anticorrosivo 100 microns + Verniciatura in poliestere RAL 2004,2.810 ÷ 3.300,,Primer anticorrosivo 100 microns + Verniciatura in poliestere RAL 2004,1046218,,Primer anticorrosivo 100 microns + Verniciatura in poliestere RAL 2004,1046418,,Primer anticorrosivo 100 microns + Verniciatura in poliestere RAL 2004,3.310 ÷ 3.800,,Primer anticorrosivo 100 microns + Verniciatura in poliestere RAL 2004,1046228,,Primer anticorrosivo 100 microns + Verniciatura in poliestere RAL 2004,1046428,,Primer anticorrosivo 100 microns + Verniciatura in poliestere RAL 2004,3.810 ÷ 4.300,,Primer anticorrosivo 100 microns + Verniciatura in poliestere RAL 2004,1047508,,Primer anticorrosivo 100 microns + Verniciatura in poliestere RAL 2004,1047518,,Primer anticorrosivo 100 microns + Verniciatura in poliestere RAL 2004,4.310 ÷ 5.000,,Primer anticorrosivo 100 microns + Verniciatura in poliestere RAL 2004,1047508,,Primer anticorrosivo 100 microns + Verniciatura in poliestere RAL 2004,1047518,,Primer anticorrosivo 100 microns + Verniciatura in poliestere RAL 2004,620 tonda pivottante,,Primer anticorrosivo 100 microns + Verniciatura in poliestere RAL 2004,1.500 ÷ 2.240,,Primer anticorrosivo 100 microns + Verniciatura in poliestere RAL 2004,1046268,,Primer anticorrosivo 100 microns + Verniciatura in poliestere RAL 2004,-,,Primer anticorrosivo 100 microns + Verniciatura in poliestere RAL 2004,2.250 ÷ 2.740,,Primer anticorrosivo 100 microns + Verniciatura in poliestere RAL 2004,1046208,,Primer anticorrosivo 100 microns + Verniciatura in poliestere RAL 2004,1046408,,Primer anticorrosivo 100 microns + Verniciatura in poliestere RAL 2004,2.750 ÷ 3.000,,Primer anticorrosivo 100 microns + Verniciatura in poliestere RAL 2004,1046278,,Primer anticorrosivo 100 microns + Verniciatura in poliestere RAL 2004,1046478,,Primer anticorrosivo 100 microns + Verniciatura in poliestere RAL 2004,620 Standard ARTICOLATA,,Primer anticorrosivo 100 microns + Verniciatura in poliestere RAL 2004,620 rettangolare articolata A(*) = 1315 ÷ 1814 mm,,Primer anticorrosivo 100 microns + Verniciatura in poliestere RAL 2004,2.825 ÷ 3.815,,Primer anticorrosivo 100 microns + Verniciatura in poliestere RAL 2004,1047048,,Primer anticorrosivo 100 microns + Verniciatura in poliestere RAL 2004,1047148,,Primer anticorrosivo 100 microns + Verniciatura in poliestere RAL 2004,620 rettangolare articolata A(*) = 1815 ÷ 2075 mm,,Primer anticorrosivo 100 microns + Verniciatura in poliestere RAL 2004,1.825 ÷ 2.815,,Primer anticorrosivo 100 microns + Verniciatura in poliestere RAL 2004,1047048,,Primer anticorrosivo 100 microns + Verniciatura in poliestere RAL 2004,1047148,,Primer anticorrosivo 100 microns + Verniciatura in poliestere RAL 2004
620 Standard,168-171,Encoder,Asta,,No - sicurezza oleodinamica antischiacciamento,Lunghezza asta (mm),,No - sicurezza oleodinamica antischiacciamento,Codice versione SX,,No - sicurezza oleodinamica antischiacciamento,Codice versione DX,,No - sicurezza oleodinamica antischiacciamento,620 Standard,,No - sicurezza oleodinamica antischiacciamento,620 rettangolare standard,,No - sicurezza oleodinamica antischiacciamento,1.315 ÷ 2.055,,No - sicurezza oleodinamica antischiacciamento,1046268,,No - sicurezza oleodinamica antischiacciamento,-,,No - sicurezza oleodinamica antischiacciamento,2.065 ÷ 2.555,,No - sicurezza oleodinamica antischiacciamento,1046208,,No - sicurezza oleodinamica antischiacciamento,1046408,,No - sicurezza oleodinamica antischiacciamento,2.565 ÷ 3.055,,No - sicurezza oleodinamica antischiacciamento,1046278,,No - sicurezza oleodinamica antischiacciamento,1046478,,No - sicurezza oleodinamica antischiacciamento,3.065 ÷ 3.815,,No - sicurezza oleodinamica antischiacciamento,1046288,,No - sicurezza oleodinamica antischiacciamento,1046488,,No - sicurezza oleodinamica antischiacciamento,3.825 ÷ 4.815,,No - sicurezza oleodinamica antischiacciamento,1046228,,No - sicurezza oleodinamica antischiacciamento,1046428,,No - sicurezza oleodinamica antischiacciamento,620 rettangolare standard,,No - sicurezza oleodinamica antischiacciamento,con luci,,No - sicurezza oleodinamica antischiacciamento,1.315 ÷ 2.055,,No - sicurezza oleodinamica antischiacciamento,1046268,,No - sicurezza oleodinamica antischiacciamento,-,,No - sicurezza oleodinamica antischiacciamento,2.065 ÷ 2.555,,No - sicurezza oleodinamica antischiacciamento,1046208,,No - sicurezza oleodinamica antischiacciamento,1046408,,No - sicurezza oleodinamica antischiacciamento,2.565 ÷ 3.055,,No - sicurezza oleodinamica antischiacciamento,1046278,,No - sicurezza oleodinamica antischiacciamento,1046478,,No - sicurezza oleodinamica antischiacciamento,3.065 ÷ 3.665,,No - sicurezza oleodinamica antischiacciamento,1046288,,No - sicurezza oleodinamica antischiacciamento,1046488,,No - sicurezza oleodinamica antischiacciamento,3.675 ÷ 4.490,,No - sicurezza oleodinamica antischiacciamento,1046228,,No - sicurezza oleodinamica antischiacciamento,1046428,,No - sicurezza oleodinamica antischiacciamento,4.500 ÷ 4.815,,No - sicurezza oleodinamica antischiacciamento,1047508,,No - sicurezza oleodinamica antischiacciamento,1047518,,No - sicurezza oleodinamica antischiacciamento,620 rettangolare standard,,No - sicurezza oleodinamica antischiacciamento,con siepe,,No - sicurezza oleodinamica antischiacciamento,1.815 ÷ 2.805,,No - sicurezza oleodinamica antischiacciamento,1046208,,No - sicurezza oleodinamica antischiacciamento,1046408,,No - sicurezza oleodinamica antischiacciamento,2.815 ÷ 3.555,,No - sicurezza oleodinamica antischiacciamento,1046218,,No - sicurezza oleodinamica antischiacciamento,1046418,,No - sicurezza oleodinamica antischiacciamento,3.565 ÷ 3.815,,No - sicurezza oleodinamica antischiacciamento,1046228,,No - sicurezza oleodinamica antischiacciamento,1046428,,No - sicurezza oleodinamica antischiacciamento,3.825 ÷ 4.815,,No - sicurezza oleodinamica antischiacciamento,1047508,,No - sicurezza oleodinamica antischiacciamento,1047518,,No - sicurezza oleodinamica antischiacciamento,620 tonda S,,No - sicurezza oleodinamica antischiacciamento,0 ÷ 2.300,,No - sicurezza oleodinamica antischiacciamento,1046268,,No - sicurezza oleodinamica antischiacciamento,-,,No - sicurezza oleodinamica antischiacciamento,2.310 ÷ 2.800,,No - sicurezza oleodinamica antischiacciamento,1046208,,No - sicurezza oleodinamica antischiacciamento,1046408,,No - sicurezza oleodinamica antischiacciamento,2.810 ÷ 3.300,,No - sicurezza oleodinamica antischiacciamento,1046278,,No - sicurezza oleodinamica antischiacciamento,1046478,,No - sicurezza oleodinamica antischiacciamento,3.310 ÷ 3.800,,No - sicurezza oleodinamica antischiacciamento,1046288,,No - sicurezza oleodinamica antischiacciamento,1046488,,No - sicurezza oleodinamica antischiacciamento,3.810 ÷ 4.300,,No - sicurezza oleodinamica antischiacciamento,1046228,,No - sicurezza oleodinamica antischiacciamento,1046428,,No - sicurezza oleodinamica antischiacciamento,4.310 ÷ 5.000,,No - sicurezza oleodinamica antischiacciamento,1046228,,No - sicurezza oleodinamica antischiacciamento,1046428,,No - sicurezza oleodinamica antischiacciamento,620 tonda S con siepe,,No - sicurezza oleodinamica antischiacciamento,0 ÷ 2.300,,No - sicurezza oleodinamica antischiacciamento,1046268,,No - sicurezza oleodinamica antischiacciamento,-,,No - sicurezza oleodinamica antischiacciamento,2.310 ÷ 2.800,,No - sicurezza oleodinamica antischiacciamento,1046208,,No - sicurezza oleodinamica antischiacciamento,1046408,,No - sicurezza oleodinamica antischiacciamento,2.810 ÷ 3.300,,No - sicurezza oleodinamica antischiacciamento,1046218,,No - sicurezza oleodinamica antischiacciamento,1046418,,No - sicurezza oleodinamica antischiacciamento,3.310 ÷ 3.800,,No - sicurezza oleodinamica antischiacciamento,1046228,,No - sicurezza oleodinamica antischiacciamento,1046428,,No - sicurezza oleodinamica antischiacciamento,3.810 ÷ 4.300,,No - sicurezza oleodinamica antischiacciamento,1047508,,No - sicurezza oleodinamica antischiacciamento,1047518,,No - sicurezza oleodinamica antischiacciamento,4.310 ÷ 5.000,,No - sicurezza oleodinamica antischiacciamento,1047508,,No - sicurezza oleodinamica antischiacciamento,1047518,,No - sicurezza oleodinamica antischiacciamento,620 tonda pivottante,,No - sicurezza oleodinamica antischiacciamento,1.500 ÷ 2.240,,No - sicurezza oleodinamica antischiacciamento,1046268,,No - sicurezza oleodinamica antischiacciamento,-,,No - sicurezza oleodinamica antischiacciamento,2.250 ÷ 2.740,,No - sicurezza oleodinamica antischiacciamento,1046208,,No - sicurezza oleodinamica antischiacciamento,1046408,,No - sicurezza oleodinamica antischiacciamento,2.750 ÷ 3.000,,No - sicurezza oleodinamica antischiacciamento,1046278,,No - sicurezza oleodinamica antischiacciamento,1046478,,No - sicurezza oleodinamica antischiacciamento,620 Standard ARTICOLATA,,No - sicurezza oleodinamica antischiacciamento,620 rettangolare articolata A(*) = 1315 ÷ 1814 mm,,No - sicurezza oleodinamica antischiacciamento,2.825 ÷ 3.815,,No - sicurezza oleodinamica antischiacciamento,1047048,,No - sicurezza oleodinamica antischiacciamento,1047148,,No - sicurezza oleodinamica antischiacciamento,620 rettangolare articolata A(*) = 1815 ÷ 2075 mm,,No - sicurezza oleodinamica antischiacciamento,1.825 ÷ 2.815,,No - sicurezza oleodinamica antischiacciamento,1047048,,No - sicurezza oleodinamica antischiacciamento,1047148,,No - sicurezza oleodinamica antischiacciamento
620 Standard,168-171,Tipo di rallentamento,Asta,,Elettronico - Regolabile con camme,Lunghezza asta (mm),,Elettronico - Regolabile con camme,Codice versione SX,,Elettronico - Regolabile con camme,Codice versione DX,,Elettronico - Regolabile con camme,620 Standard,,Elettronico - Regolabile con camme,620 rettangolare standard,,Elettronico - Regolabile con camme,1.315 ÷ 2.055,,Elettronico - Regolabile con camme,1046268,,Elettronico - Regolabile con camme,-,,Elettronico - Regolabile con camme,2.065 ÷ 2.555,,Elettronico - Regolabile con camme,1046208,,Elettronico - Regolabile con camme,1046408,,Elettronico - Regolabile con camme,2.565 ÷ 3.055,,Elettronico - Regolabile con camme,1046278,,Elettronico - Regolabile con camme,1046478,,Elettronico - Regolabile con camme,3.065 ÷ 3.815,,Elettronico - Regolabile con camme,1046288,,Elettronico - Regolabile con camme,1046488,,Elettronico - Regolabile con camme,3.825 ÷ 4.815,,Elettronico - Regolabile con camme,1046228,,Elettronico - Regolabile con camme,1046428,,Elettronico - Regolabile con camme,620 rettangolare standard,,Elettronico - Regolabile con camme,con luci,,Elettronico - Regolabile con camme,1.315 ÷ 2.055,,Elettronico - Regolabile con camme,1046268,,Elettronico - Regolabile con camme,-,,Elettronico - Regolabile con camme,2.065 ÷ 2.555,,Elettronico - Regolabile con camme,1046208,,Elettronico - Regolabile con camme,1046408,,Elettronico - Regolabile con camme,2.565 ÷ 3.055,,Elettronico - Regolabile con camme,1046278,,Elettronico - Regolabile con camme,1046478,,Elettronico - Regolabile con camme,3.065 ÷ 3.665,,Elettronico - Regolabile con camme,1046288,,Elettronico - Regolabile con camme,1046488,,Elettronico - Regolabile con camme,3.675 ÷ 4.490,,Elettronico - Regolabile con camme,1046228,,Elettronico - Regolabile con camme,1046428,,Elettronico - Regolabile con camme,4.500 ÷ 4.815,,Elettronico - Regolabile con camme,1047508,,Elettronico - Regolabile con camme,1047518,,Elettronico - Regolabile con camme,620 rettangolare standard,,Elettronico - Regolabile con camme,con siepe,,Elettronico - Regolabile con camme,1.815 ÷ 2.805,,Elettronico - Regolabile con camme,1046208,,Elettronico - Regolabile con camme,1046408,,Elettronico - Regolabile con camme,2.815 ÷ 3.555,,Elettronico - Regolabile con camme,1046218,,Elettronico - Regolabile con camme,1046418,,Elettronico - Regolabile con camme,3.565 ÷ 3.815,,Elettronico - Regolabile con camme,1046228,,Elettronico - Regolabile con camme,1046428,,Elettronico - Regolabile con camme,3.825 ÷ 4.815,,Elettronico - Regolabile con camme,1047508,,Elettronico - Regolabile con camme,1047518,,Elettronico - Regolabile con camme,620 tonda S,,Elettronico - Regolabile con camme,0 ÷ 2.300,,Elettronico - Regolabile con camme,1046268,,Elettronico - Regolabile con camme,-,,Elettronico - Regolabile con camme,2.310 ÷ 2.800,,Elettronico - Regolabile con camme,1046208,,Elettronico - Regolabile con camme,1046408,,Elettronico - Regolabile con camme,2.810 ÷ 3.300,,Elettronico - Regolabile con camme,1046278,,Elettronico - Regolabile con camme,1046478,,Elettronico - Regolabile con camme,3.310 ÷ 3.800,,Elettronico - Regolabile con camme,1046288,,Elettronico - Regolabile con camme,1046488,,Elettronico - Regolabile con camme,3.810 ÷ 4.300,,Elettronico - Regolabile con camme,1046228,,Elettronico - Regolabile con camme,1046428,,Elettronico - Regolabile con camme,4.310 ÷ 5.000,,Elettronico - Regolabile con camme,1046228,,Elettronico - Regolabile con camme,1046428,,Elettronico - Regolabile con camme,620 tonda S con siepe,,Elettronico - Regolabile con camme,0 ÷ 2.300,,Elettronico - Regolabile con camme,1046268,,Elettronico - Regolabile con camme,-,,Elettronico - Regolabile con camme,2.310 ÷ 2.800,,Elettronico - Regolabile con camme,1046208,,Elettronico - Regolabile con camme,1046408,,Elettronico - Regolabile con camme,2.810 ÷ 3.300,,Elettronico - Regolabile con camme,1046218,,Elettronico - Regolabile con camme,1046418,,Elettronico - Regolabile con camme,3.310 ÷ 3.800,,Elettronico - Regolabile con camme,1046228,,Elettronico - Regolabile con camme,1046428,,Elettronico - Regolabile con camme,3.810 ÷ 4.300,,Elettronico - Regolabile con camme,1047508,,Elettronico - Regolabile con camme,1047518,,Elettronico - Regolabile con camme,4.310 ÷ 5.000,,Elettronico - Regolabile con camme,1047508,,Elettronico - Regolabile con camme,1047518,,Elettronico - Regolabile con camme,620 tonda pivottante,,Elettronico - Regolabile con camme,1.500 ÷ 2.240,,Elettronico - Regolabile con camme,1046268,,Elettronico - Regolabile con camme,-,,Elettronico - Regolabile con camme,2.250 ÷ 2.740,,Elettronico - Regolabile con camme,1046208,,Elettronico - Regolabile con camme,1046408,,Elettronico - Regolabile con camme,2.750 ÷ 3.000,,Elettronico - Regolabile con camme,1046278,,Elettronico - Regolabile con camme,1046478,,Elettronico - Regolabile con camme,620 Standard ARTICOLATA,,Elettronico - Regolabile con camme,620 rettangolare articolata A(*) = 1315 ÷ 1814 mm,,Elettronico - Regolabile con camme,2.825 ÷ 3.815,,Elettronico - Regolabile con camme,1047048,,Elettronico - Regolabile con camme,1047148,,Elettronico - Regolabile con camme,620 rettangolare articolata A(*) = 1815 ÷ 2075 mm,,Elettronico - Regolabile con camme,1.825 ÷ 2.815,,Elettronico - Regolabile con camme,1047048,,Elettronico - Regolabile con camme,1047148,,Elettronico - Regolabile con camme
620 Standard,168-171,Tipo di asta,Asta,,Rettangolare - Rettangolare con siepe - Articolata - Tonda - Tonda pivottante,Lunghezza asta (mm),,Rettangolare - Rettangolare con siepe - Articolata - Tonda - Tonda pivottante,Codice versione SX,,Rettangolare - Rettangolare con siepe - Articolata - Tonda - Tonda pivottante,Codice versione DX,,Rettangolare - Rettangolare con siepe - Articolata - Tonda - Tonda pivottante,620 Standard,,Rettangolare - Rettangolare con siepe - Articolata - Tonda - Tonda pivottante,620 rettangolare standard,,Rettangolare - Rettangolare con siepe - Articolata - Tonda - Tonda pivottante,1.315 ÷ 2.055,,Rettangolare - Rettangolare con siepe - Articolata - Tonda - Tonda pivottante,1046268,,Rettangolare - Rettangolare con siepe - Articolata - Tonda - Tonda pivottante,-,,Rettangolare - Rettangolare con siepe - Articolata - Tonda - Tonda pivottante,2.065 ÷ 2.555,,Rettangolare - Rettangolare con siepe - Articolata - Tonda - Tonda pivottante,1046208,,Rettangolare - Rettangolare con siepe - Articolata - Tonda - Tonda pivottante,1046408,,Rettangolare - Rettangolare con siepe - Articolata - Tonda - Tonda pivottante,2.565 ÷ 3.055,,Rettangolare - Rettangolare con siepe - Articolata - Tonda - Tonda pivottante,1046278,,Rettangolare - Rettangolare con siepe - Articolata - Tonda - Tonda pivottante,1046478,,Rettangolare - Rettangolare con siepe - Articolata - Tonda - Tonda pivottante,3.065 ÷ 3.815,,Rettangolare - Rettangolare con siepe - Articolata - Tonda - Tonda pivottante,1046288,,Rettangolare - Rettangolare con siepe - Articolata - Tonda - Tonda pivottante,1046488,,Rettangolare - Rettangolare con siepe - Articolata - Tonda - Tonda pivottante,3.825 ÷ 4.815,,Rettangolare - Rettangolare con siepe - Articolata - Tonda - Tonda pivottante,1046228,,Rettangolare - Rettangolare con siepe - Articolata - Tonda - Tonda pivottante,1046428,,Rettangolare - Rettangolare con siepe - Articolata - Tonda - Tonda pivottante,620 rettangolare standard,,Rettangolare - Rettangolare con siepe - Articolata - Tonda - Tonda pivottante,con luci,,Rettangolare - Rettangolare con siepe - Articolata - Tonda - Tonda pivottante,1.315 ÷ 2.055,,Rettangolare - Rettangolare con siepe - Articolata - Tonda - Tonda pivottante,1046268,,Rettangolare - Rettangolare con siepe - Articolata - Tonda - Tonda pivottante,-,,Rettangolare - Rettangolare con siepe - Articolata - Tonda - Tonda pivottante,2.065 ÷ 2.555,,Rettangolare - Rettangolare con siepe - Articolata - Tonda - Tonda pivottante,1046208,,Rettangolare - Rettangolare con siepe - Articolata - Tonda - Tonda pivottante,1046408,,Rettangolare - Rettangolare con siepe - Articolata - Tonda - Tonda pivottante,2.565 ÷ 3.055,,Rettangolare - Rettangolare con siepe - Articolata - Tonda - Tonda pivottante,1046278,,Rettangolare - Rettangolare con siepe - Articolata - Tonda - Tonda pivottante,1046478,,Rettangolare - Rettangolare con siepe - Articolata - Tonda - Tonda pivottante,3.065 ÷ 3.665,,Rettangolare - Rettangolare con siepe - Articolata - Tonda - Tonda pivottante,1046288,,Rettangolare - Rettangolare con siepe - Articolata - Tonda - Tonda pivottante,1046488,,Rettangolare - Rettangolare con siepe - Articolata - Tonda - Tonda pivottante,3.675 ÷ 4.490,,Rettangolare - Rettangolare con siepe - Articolata - Tonda - Tonda pivottante,1046228,,Rettangolare - Rettangolare con siepe - Articolata - Tonda - Tonda pivottante,1046428,,Rettangolare - Rettangolare con siepe - Articolata - Tonda - Tonda pivottante,4.500 ÷ 4.815,,Rettangolare - Rettangolare con siepe - Articolata - Tonda - Tonda pivottante,1047508,,Rettangolare - Rettangolare con siepe - Articolata - Tonda - Tonda pivottante,1047518,,Rettangolare - Rettangolare con siepe - Articolata - Tonda - Tonda pivottante,620 rettangolare standard,,Rettangolare - Rettangolare con siepe - Articolata - Tonda - Tonda pivottante,con siepe,,Rettangolare - Rettangolare con siepe - Articolata - Tonda - Tonda pivottante,1.815 ÷ 2.805,,Rettangolare - Rettangolare con siepe - Articolata - Tonda - Tonda pivottante,1046208,,Rettangolare - Rettangolare con siepe - Articolata - Tonda - Tonda pivottante,1046408,,Rettangolare - Rettangolare con siepe - Articolata - Tonda - Tonda pivottante,2.815 ÷ 3.555,,Rettangolare - Rettangolare con siepe - Articolata - Tonda - Tonda pivottante,1046218,,Rettangolare - Rettangolare con siepe - Articolata - Tonda - Tonda pivottante,1046418,,Rettangolare - Rettangolare con siepe - Articolata - Tonda - Tonda pivottante,3.565 ÷ 3.815,,Rettangolare - Rettangolare con siepe - Articolata - Tonda - Tonda pivottante,1046228,,Rettangolare - Rettangolare con siepe - Articolata - Tonda - Tonda pivottante,1046428,,Rettangolare - Rettangolare con siepe - Articolata - Tonda - Tonda pivottante,3.825 ÷ 4.815,,Rettangolare - Rettangolare con siepe - Articolata - Tonda - Tonda pivottante,1047508,,Rettangolare - Rettangolare con siepe - Articolata - Tonda - Tonda pivottante,1047518,,Rettangolare - Rettangolare con siepe - Articolata - Tonda - Tonda pivottante,620 tonda S,,Rettangolare - Rettangolare con siepe - Articolata - Tonda - Tonda pivottante,0 ÷ 2.300,,Rettangolare - Rettangolare con siepe - Articolata - Tonda - Tonda pivottante,1046268,,Rettangolare - Rettangolare con siepe - Articolata - Tonda - Tonda pivottante,-,,Rettangolare - Rettangolare con siepe - Articolata - Tonda - Tonda pivottante,2.310 ÷ 2.800,,Rettangolare - Rettangolare con siepe - Articolata - Tonda - Tonda pivottante,1046208,,Rettangolare - Rettangolare con siepe - Articolata - Tonda - Tonda pivottante,1046408,,Rettangolare - Rettangolare con siepe - Articolata - Tonda - Tonda pivottante,2.810 ÷ 3.300,,Rettangolare - Rettangolare con siepe - Articolata - Tonda - Tonda pivottante,1046278,,Rettangolare - Rettangolare con siepe - Articolata - Tonda - Tonda pivottante,1046478,,Rettangolare - Rettangolare con siepe - Articolata - Tonda - Tonda pivottante,3.310 ÷ 3.800,,Rettangolare - Rettangolare con siepe - Articolata - Tonda - Tonda pivottante,1046288,,Rettangolare - Rettangolare con siepe - Articolata - Tonda - Tonda pivottante,1046488,,Rettangolare - Rettangolare con siepe - Articolata - Tonda - Tonda pivottante,3.810 ÷ 4.300,,Rettangolare - Rettangolare con siepe - Articolata - Tonda - Tonda pivottante,1046228,,Rettangolare - Rettangolare con siepe - Articolata - Tonda - Tonda pivottante,1046428,,Rettangolare - Rettangolare con siepe - Articolata - Tonda - Tonda pivottante,4.310 ÷ 5.000,,Rettangolare - Rettangolare con siepe - Articolata - Tonda - Tonda pivottante,1046228,,Rettangolare - Rettangolare con siepe - Articolata - Tonda - Tonda pivottante,1046428,,Rettangolare - Rettangolare con siepe - Articolata - Tonda - Tonda pivottante,620 tonda S con siepe,,Rettangolare - Rettangolare con siepe - Articolata - Tonda - Tonda pivottante,0 ÷ 2.300,,Rettangolare - Rettangolare con siepe - Articolata - Tonda - Tonda pivottante,1046268,,Rettangolare - Rettangolare con siepe - Articolata - Tonda - Tonda pivottante,-,,Rettangolare - Rettangolare con siepe - Articolata - Tonda - Tonda pivottante,2.310 ÷ 2.800,,Rettangolare - Rettangolare con siepe - Articolata - Tonda - Tonda pivottante,1046208,,Rettangolare - Rettangolare con siepe - Articolata - Tonda - Tonda pivottante,1046408,,Rettangolare - Rettangolare con siepe - Articolata - Tonda - Tonda pivottante,2.810 ÷ 3.300,,Rettangolare - Rettangolare con siepe - Articolata - Tonda - Tonda pivottante,1046218,,Rettangolare - Rettangolare con siepe - Articolata - Tonda - Tonda pivottante,1046418,,Rettangolare - Rettangolare con siepe - Articolata - Tonda - Tonda pivottante,3.310 ÷ 3.800,,Rettangolare - Rettangolare con siepe - Articolata - Tonda - Tonda pivottante,1046228,,Rettangolare - Rettangolare con siepe - Articolata - Tonda - Tonda pivottante,1046428,,Rettangolare - Rettangolare con siepe - Articolata - Tonda - Tonda pivottante,3.810 ÷ 4.300,,Rettangolare - Rettangolare con siepe - Articolata - Tonda - Tonda pivottante,1047508,,Rettangolare - Rettangolare con siepe - Articolata - Tonda - Tonda pivottante,1047518,,Rettangolare - Rettangolare con siepe - Articolata - Tonda - Tonda pivottante,4.310 ÷ 5.000,,Rettangolare - Rettangolare con siepe - Articolata - Tonda - Tonda pivottante,1047508,,Rettangolare - Rettangolare con siepe - Articolata - Tonda - Tonda pivottante,1047518,,Rettangolare - Rettangolare con siepe - Articolata - Tonda - Tonda pivottante,620 tonda pivottante,,Rettangolare - Rettangolare con siepe - Articolata - Tonda - Tonda pivottante,1.500 ÷ 2.240,,Rettangolare - Rettangolare con siepe - Articolata - Tonda - Tonda pivottante,1046268,,Rettangolare - Rettangolare con siepe - Articolata - Tonda - Tonda pivottante,-,,Rettangolare - Rettangolare con siepe - Articolata - Tonda - Tonda pivottante,2.250 ÷ 2.740,,Rettangolare - Rettangolare con siepe - Articolata - Tonda - Tonda pivottante,1046208,,Rettangolare - Rettangolare con siepe - Articolata - Tonda - Tonda pivottante,1046408,,Rettangolare - Rettangolare con siepe - Articolata - Tonda - Tonda pivottante,2.750 ÷ 3.000,,Rettangolare - Rettangolare con siepe - Articolata - Tonda - Tonda pivottante,1046278,,Rettangolare - Rettangolare con siepe - Articolata - Tonda - Tonda pivottante,1046478,,Rettangolare - Rettangolare con siepe - Articolata - Tonda - Tonda pivottante,620 Standard ARTICOLATA,,Rettangolare - Rettangolare con siepe - Articolata - Tonda - Tonda pivottante,620 rettangolare articolata A(*) = 1315 ÷ 1814 mm,,Rettangolare - Rettangolare con siepe - Articolata - Tonda - Tonda pivottante,2.825 ÷ 3.815,,Rettangolare - Rettangolare con siepe - Articolata - Tonda - Tonda pivottante,1047048,,Rettangolare - Rettangolare con siepe - Articolata - Tonda - Tonda pivottante,1047148,,Rettangolare - Rettangolare con siepe - Articolata - Tonda - Tonda pivottante,620 rettangolare articolata A(*) = 1815 ÷ 2075 mm,,Rettangolare - Rettangolare con siepe - Articolata - Tonda - Tonda pivottante,1.825 ÷ 2.815,,Rettangolare - Rettangolare con siepe - Articolata - Tonda - Tonda pivottante,1047048,,Rettangolare - Rettangolare con siepe - Articolata - Tonda - Tonda pivottante,1047148,,Rettangolare - Rettangolare con siepe - Articolata - Tonda - Tonda pivottante
620 Standard,168-171,Temperatura ambiente di esercizio,Asta,,-20°C ÷ +55°C,Lunghezza asta (mm),,-20°C ÷ +55°C,Codice versione SX,,-20°C ÷ +55°C,Codice versione DX,,-20°C ÷ +55°C,620 Standard,,-20°C ÷ +55°C,620 rettangolare standard,,-20°C ÷ +55°C,1.315 ÷ 2.055,,-20°C ÷ +55°C,1046268,,-20°C ÷ +55°C,-,,-20°C ÷ +55°C,2.065 ÷ 2.555,,-20°C ÷ +55°C,1046208,,-20°C ÷ +55°C,1046408,,-20°C ÷ +55°C,2.565 ÷ 3.055,,-20°C ÷ +55°C,1046278,,-20°C ÷ +55°C,1046478,,-20°C ÷ +55°C,3.065 ÷ 3.815,,-20°C ÷ +55°C,1046288,,-20°C ÷ +55°C,1046488,,-20°C ÷ +55°C,3.825 ÷ 4.815,,-20°C ÷ +55°C,1046228,,-20°C ÷ +55°C,1046428,,-20°C ÷ +55°C,620 rettangolare standard,,-20°C ÷ +55°C,con luci,,-20°C ÷ +55°C,1.315 ÷ 2.055,,-20°C ÷ +55°C,1046268,,-20°C ÷ +55°C,-,,-20°C ÷ +55°C,2.065 ÷ 2.555,,-20°C ÷ +55°C,1046208,,-20°C ÷ +55°C,1046408,,-20°C ÷ +55°C,2.565 ÷ 3.055,,-20°C ÷ +55°C,1046278,,-20°C ÷ +55°C,1046478,,-20°C ÷ +55°C,3.065 ÷ 3.665,,-20°C ÷ +55°C,1046288,,-20°C ÷ +55°C,1046488,,-20°C ÷ +55°C,3.675 ÷ 4.490,,-20°C ÷ +55°C,1046228,,-20°C ÷ +55°C,1046428,,-20°C ÷ +55°C,4.500 ÷ 4.815,,-20°C ÷ +55°C,1047508,,-20°C ÷ +55°C,1047518,,-20°C ÷ +55°C,620 rettangolare standard,,-20°C ÷ +55°C,con siepe,,-20°C ÷ +55°C,1.815 ÷ 2.805,,-20°C ÷ +55°C,1046208,,-20°C ÷ +55°C,1046408,,-20°C ÷ +55°C,2.815 ÷ 3.555,,-20°C ÷ +55°C,1046218,,-20°C ÷ +55°C,1046418,,-20°C ÷ +55°C,3.565 ÷ 3.815,,-20°C ÷ +55°C,1046228,,-20°C ÷ +55°C,1046428,,-20°C ÷ +55°C,3.825 ÷ 4.815,,-20°C ÷ +55°C,1047508,,-20°C ÷ +55°C,1047518,,-20°C ÷ +55°C,620 tonda S,,-20°C ÷ +55°C,0 ÷ 2.300,,-20°C ÷ +55°C,1046268,,-20°C ÷ +55°C,-,,-20°C ÷ +55°C,2.310 ÷ 2.800,,-20°C ÷ +55°C,1046208,,-20°C ÷ +55°C,1046408,,-20°C ÷ +55°C,2.810 ÷ 3.300,,-20°C ÷ +55°C,1046278,,-20°C ÷ +55°C,1046478,,-20°C ÷ +55°C,3.310 ÷ 3.800,,-20°C ÷ +55°C,1046288,,-20°C ÷ +55°C,1046488,,-20°C ÷ +55°C,3.810 ÷ 4.300,,-20°C ÷ +55°C,1046228,,-20°C ÷ +55°C,1046428,,-20°C ÷ +55°C,4.310 ÷ 5.000,,-20°C ÷ +55°C,1046228,,-20°C ÷ +55°C,1046428,,-20°C ÷ +55°C,620 tonda S con siepe,,-20°C ÷ +55°C,0 ÷ 2.300,,-20°C ÷ +55°C,1046268,,-20°C ÷ +55°C,-,,-20°C ÷ +55°C,2.310 ÷ 2.800,,-20°C ÷ +55°C,1046208,,-20°C ÷ +55°C,1046408,,-20°C ÷ +55°C,2.810 ÷ 3.300,,-20°C ÷ +55°C,1046218,,-20°C ÷ +55°C,1046418,,-20°C ÷ +55°C,3.310 ÷ 3.800,,-20°C ÷ +55°C,1046228,,-20°C ÷ +55°C,1046428,,-20°C ÷ +55°C,3.810 ÷ 4.300,,-20°C ÷ +55°C,1047508,,-20°C ÷ +55°C,1047518,,-20°C ÷ +55°C,4.310 ÷ 5.000,,-20°C ÷ +55°C,1047508,,-20°C ÷ +55°C,1047518,,-20°C ÷ +55°C,620 tonda pivottante,,-20°C ÷ +55°C,1.500 ÷ 2.240,,-20°C ÷ +55°C,1046268,,-20°C ÷ +55°C,-,,-20°C ÷ +55°C,2.250 ÷ 2.740,,-20°C ÷ +55°C,1046208,,-20°C ÷ +55°C,1046408,,-20°C ÷ +55°C,2.750 ÷ 3.000,,-20°C ÷ +55°C,1046278,,-20°C ÷ +55°C,1046478,,-20°C ÷ +55°C,620 Standard ARTICOLATA,,-20°C ÷ +55°C,620 rettangolare articolata A(*) = 1315 ÷ 1814 mm,,-20°C ÷ +55°C,2.825 ÷ 3.815,,-20°C ÷ +55°C,1047048,,-20°C ÷ +55°C,1047148,,-20°C ÷ +55°C,620 rettangolare articolata A(*) = 1815 ÷ 2075 mm,,-20°C ÷ +55°C,1.825 ÷ 2.815,,-20°C ÷ +55°C,1047048,,-20°C ÷ +55°C,1047148,,-20°C ÷ +55°C
620 Standard,168-171,Termoprotezione,Asta,,120°C,Lunghezza asta (mm),,Raffreddamento,Codice versione SX,,-,Codice versione DX,,-,620 Standard,,-,620 rettangolare standard,,-,1.315 ÷ 2.055,,-,1046268,,-,-,,-,2.065 ÷ 2.555,,-,1046208,,-,1046408,,-,2.565 ÷ 3.055,,-,1046278,,-,1046478,,-,3.065 ÷ 3.815,,-,1046288,,-,1046488,,-,3.825 ÷ 4.815,,-,1046228,,-,1046428,,-,620 rettangolare standard,,-,con luci,,-,1.315 ÷ 2.055,,-,1046268,,-,-,,-,2.065 ÷ 2.555,,-,1046208,,-,1046408,,-,2.565 ÷ 3.055,,-,1046278,,-,1046478,,-,3.065 ÷ 3.665,,-,1046288,,-,1046488,,-,3.675 ÷ 4.490,,-,1046228,,-,1046428,,-,4.500 ÷ 4.815,,-,1047508,,-,1047518,,-,620 rettangolare standard,,-,con siepe,,-,1.815 ÷ 2.805,,-,1046208,,-,1046408,,-,2.815 ÷ 3.555,,-,1046218,,-,1046418,,-,3.565 ÷ 3.815,,-,1046228,,-,1046428,,-,3.825 ÷ 4.815,,-,1047508,,-,1047518,,-,620 tonda S,,-,0 ÷ 2.300,,-,1046268,,-,-,,-,2.310 ÷ 2.800,,-,1046208,,-,1046408,,-,2.810 ÷ 3.300,,-,1046278,,-,1046478,,-,3.310 ÷ 3.800,,-,1046288,,-,1046488,,-,3.810 ÷ 4.300,,-,1046228,,-,1046428,,-,4.310 ÷ 5.000,,-,1046228,,-,1046428,,-,620 tonda S con siepe,,-,0 ÷ 2.300,,-,1046268,,-,-,,-,2.310 ÷ 2.800,,-,1046208,,-,1046408,,-,2.810 ÷ 3.300,,-,1046218,,-,1046418,,-,3.310 ÷ 3.800,,-,1046228,,-,1046428,,-,3.810 ÷ 4.300,,-,1047508,,-,1047518,,-,4.310 ÷ 5.000,,-,1047508,,-,1047518,,-,620 tonda pivottante,,-,1.500 ÷ 2.240,,-,1046268,,-,-,,-,2.250 ÷ 2.740,,-,1046208,,-,1046408,,-,2.750 ÷ 3.000,,-,1046278,,-,1046478,,-,620 Standard ARTICOLATA,,-,620 rettangolare articolata A(*) = 1315 ÷ 1814 mm,,-,2.825 ÷ 3.815,,-,1047048,,-,1047148,,-,620 rettangolare articolata A(*) = 1815 ÷ 2075 mm,,-,1.825 ÷ 2.815,,-,1047048,,-,1047148,,-
620 Standard,168-171,Grado di protezione,Asta,,IP44,Lunghezza asta (mm),,IP44,Codice versione SX,,IP44,Codice versione DX,,IP44,620 Standard,,IP44,620 rettangolare standard,,IP44,1.315 ÷ 2.055,,IP44,1046268,,IP44,-,,IP44,2.065 ÷ 2.555,,IP44,1046208,,IP44,1046408,,IP44,2.565 ÷ 3.055,,IP44,1046278,,IP44,1046478,,IP44,3.065 ÷ 3.815,,IP44,1046288,,IP44,1046488,,IP44,3.825 ÷ 4.815,,IP44,1046228,,IP44,1046428,,IP44,620 rettangolare standard,,IP44,con luci,,IP44,1.315 ÷ 2.055,,IP44,1046268,,IP44,-,,IP44,2.065 ÷ 2.555,,IP44,1046208,,IP44,1046408,,IP44,2.565 ÷ 3.055,,IP44,1046278,,IP44,1046478,,IP44,3.065 ÷ 3.665,,IP44,1046288,,IP44,1046488,,IP44,3.675 ÷ 4.490,,IP44,1046228,,IP44,1046428,,IP44,4.500 ÷ 4.815,,IP44,1047508,,IP44,1047518,,IP44,620 rettangolare standard,,IP44,con siepe,,IP44,1.815 ÷ 2.805,,IP44,1046208,,IP44,1046408,,IP44,2.815 ÷ 3.555,,IP44,1046218,,IP44,1046418,,IP44,3.565 ÷ 3.815,,IP44,1046228,,IP44,1046428,,IP44,3.825 ÷ 4.815,,IP44,1047508,,IP44,1047518,,IP44,620 tonda S,,IP44,0 ÷ 2.300,,IP44,1046268,,IP44,-,,IP44,2.310 ÷ 2.800,,IP44,1046208,,IP44,1046408,,IP44,2.810 ÷ 3.300,,IP44,1046278,,IP44,1046478,,IP44,3.310 ÷ 3.800,,IP44,1046288,,IP44,1046488,,IP44,3.810 ÷ 4.300,,IP44,1046228,,IP44,1046428,,IP44,4.310 ÷ 5.000,,IP44,1046228,,IP44,1046428,,IP44,620 tonda S con siepe,,IP44,0 ÷ 2.300,,IP44,1046268,,IP44,-,,IP44,2.310 ÷ 2.800,,IP44,1046208,,IP44,1046408,,IP44,2.810 ÷ 3.300,,IP44,1046218,,IP44,1046418,,IP44,3.310 ÷ 3.800,,IP44,1046228,,IP44,1046428,,IP44,3.810 ÷ 4.300,,IP44,1047508,,IP44,1047518,,IP44,4.310 ÷ 5.000,,IP44,1047508,,IP44,1047518,,IP44,620 tonda pivottante,,IP44,1.500 ÷ 2.240,,IP44,1046268,,IP44,-,,IP44,2.250 ÷ 2.740,,IP44,1046208,,IP44,1046408,,IP44,2.750 ÷ 3.000,,IP44,1046278,,IP44,1046478,,IP44,620 Standard ARTICOLATA,,IP44,620 rettangolare articolata A(*) = 1315 ÷ 1814 mm,,IP44,2.825 ÷ 3.815,,IP44,1047048,,IP44,1047148,,IP44,620 rettangolare articolata A(*) = 1815 ÷ 2075 mm,,IP44,1.825 ÷ 2.815,,IP44,1047048,,IP44,1047148,,IP44
620 Standard,168-171,Peso,Asta,,73 Kg,Lunghezza asta (mm),,73 Kg,Codice versione SX,,73 Kg,Codice versione DX,,73 Kg,620 Standard,,73 Kg,620 rettangolare standard,,73 Kg,1.315 ÷ 2.055,,73 Kg,1046268,,73 Kg,-,,73 Kg,2.065 ÷ 2.555,,73 Kg,1046208,,73 Kg,1046408,,73 Kg,2.565 ÷ 3.055,,73 Kg,1046278,,73 Kg,1046478,,73 Kg,3.065 ÷ 3.815,,73 Kg,1046288,,73 Kg,1046488,,73 Kg,3.825 ÷ 4.815,,73 Kg,1046228,,73 Kg,1046428,,73 Kg,620 rettangolare standard,,73 Kg,con luci,,73 Kg,1.315 ÷ 2.055,,73 Kg,1046268,,73 Kg,-,,73 Kg,2.065 ÷ 2.555,,73 Kg,1046208,,73 Kg,1046408,,73 Kg,2.565 ÷ 3.055,,73 Kg,1046278,,73 Kg,1046478,,73 Kg,3.065 ÷ 3.665,,73 Kg,1046288,,73 Kg,1046488,,73 Kg,3.675 ÷ 4.490,,73 Kg,1046228,,73 Kg,1046428,,73 Kg,4.500 ÷ 4.815,,73 Kg,1047508,,73 Kg,1047518,,73 Kg,620 rettangolare standard,,73 Kg,con siepe,,73 Kg,1.815 ÷ 2.805,,73 Kg,1046208,,73 Kg,1046408,,73 Kg,2.815 ÷ 3.555,,73 Kg,1046218,,73 Kg,1046418,,73 Kg,3.565 ÷ 3.815,,73 Kg,1046228,,73 Kg,1046428,,73 Kg,3.825 ÷ 4.815,,73 Kg,1047508,,73 Kg,1047518,,73 Kg,620 tonda S,,73 Kg,0 ÷ 2.300,,73 Kg,1046268,,73 Kg,-,,73 Kg,2.310 ÷ 2.800,,73 Kg,1046208,,73 Kg,1046408,,73 Kg,2.810 ÷ 3.300,,73 Kg,1046278,,73 Kg,1046478,,73 Kg,3.310 ÷ 3.800,,73 Kg,1046288,,73 Kg,1046488,,73 Kg,3.810 ÷ 4.300,,73 Kg,1046228,,73 Kg,1046428,,73 Kg,4.310 ÷ 5.000,,73 Kg,1046228,,73 Kg,1046428,,73 Kg,620 tonda S con siepe,,73 Kg,0 ÷ 2.300,,73 Kg,1046268,,73 Kg,-,,73 Kg,2.310 ÷ 2.800,,73 Kg,1046208,,73 Kg,1046408,,73 Kg,2.810 ÷ 3.300,,73 Kg,1046218,,73 Kg,1046418,,73 Kg,3.310 ÷ 3.800,,73 Kg,1046228,,73 Kg,1046428,,73 Kg,3.810 ÷ 4.300,,73 Kg,1047508,,73 Kg,1047518,,73 Kg,4.310 ÷ 5.000,,73 Kg,1047508,,73 Kg,1047518,,73 Kg,620 tonda pivottante,,73 Kg,1.500 ÷ 2.240,,73 Kg,1046268,,73 Kg,-,,73 Kg,2.250 ÷ 2.740,,73 Kg,1046208,,73 Kg,1046408,,73 Kg,2.750 ÷ 3.000,,73 Kg,1046278,,73 Kg,1046478,,73 Kg,620 Standard ARTICOLATA,,73 Kg,620 rettangolare articolata A(*) = 1315 ÷ 1814 mm,,73 Kg,2.825 ÷ 3.815,,73 Kg,1047048,,73 Kg,1047148,,73 Kg,620 rettangolare articolata A(*) = 1815 ÷ 2075 mm,,73 Kg,1.825 ÷ 2.815,,73 Kg,1047048,,73 Kg,1047148,,73 Kg
620 Standard,168-171,Tipo di olio,Asta,,FAAC HP OIL,Lunghezza asta (mm),,FAAC HP OIL,Codice versione SX,,FAAC HP OIL,Codice versione DX,,FAAC HP OIL,620 Standard,,FAAC HP OIL,620 rettangolare standard,,FAAC HP OIL,1.315 ÷ 2.055,,FAAC HP OIL,1046268,,FAAC HP OIL,-,,FAAC HP OIL,2.065 ÷ 2.555,,FAAC HP OIL,1046208,,FAAC HP OIL,1046408,,FAAC HP OIL,2.565 ÷ 3.055,,FAAC HP OIL,1046278,,FAAC HP OIL,1046478,,FAAC HP OIL,3.065 ÷ 3.815,,FAAC HP OIL,1046288,,FAAC HP OIL,1046488,,FAAC HP OIL,3.825 ÷ 4.815,,FAAC HP OIL,1046228,,FAAC HP OIL,1046428,,FAAC HP OIL,620 rettangolare standard,,FAAC HP OIL,con luci,,FAAC HP OIL,1.315 ÷ 2.055,,FAAC HP OIL,1046268,,FAAC HP OIL,-,,FAAC HP OIL,2.065 ÷ 2.555,,FAAC HP OIL,1046208,,FAAC HP OIL,1046408,,FAAC HP OIL,2.565 ÷ 3.055,,FAAC HP OIL,1046278,,FAAC HP OIL,1046478,,FAAC HP OIL,3.065 ÷ 3.665,,FAAC HP OIL,1046288,,FAAC HP OIL,1046488,,FAAC HP OIL,3.675 ÷ 4.490,,FAAC HP OIL,1046228,,FAAC HP OIL,1046428,,FAAC HP OIL,4.500 ÷ 4.815,,FAAC HP OIL,1047508,,FAAC HP OIL,1047518,,FAAC HP OIL,620 rettangolare standard,,FAAC HP OIL,con siepe,,FAAC HP OIL,1.815 ÷ 2.805,,FAAC HP OIL,1046208,,FAAC HP OIL,1046408,,FAAC HP OIL,2.815 ÷ 3.555,,FAAC HP OIL,1046218,,FAAC HP OIL,1046418,,FAAC HP OIL,3.565 ÷ 3.815,,FAAC HP OIL,1046228,,FAAC HP OIL,1046428,,FAAC HP OIL,3.825 ÷ 4.815,,FAAC HP OIL,1047508,,FAAC HP OIL,1047518,,FAAC HP OIL,620 tonda S,,FAAC HP OIL,0 ÷ 2.300,,FAAC HP OIL,1046268,,FAAC HP OIL,-,,FAAC HP OIL,2.310 ÷ 2.800,,FAAC HP OIL,1046208,,FAAC HP OIL,1046408,,FAAC HP OIL,2.810 ÷ 3.300,,FAAC HP OIL,1046278,,FAAC HP OIL,1046478,,FAAC HP OIL,3.310 ÷ 3.800,,FAAC HP OIL,1046288,,FAAC HP OIL,1046488,,FAAC HP OIL,3.810 ÷ 4.300,,FAAC HP OIL,1046228,,FAAC HP OIL,1046428,,FAAC HP OIL,4.310 ÷ 5.000,,FAAC HP OIL,1046228,,FAAC HP OIL,1046428,,FAAC HP OIL,620 tonda S con siepe,,FAAC HP OIL,0 ÷ 2.300,,FAAC HP OIL,1046268,,FAAC HP OIL,-,,FAAC HP OIL,2.310 ÷ 2.800,,FAAC HP OIL,1046208,,FAAC HP OIL,1046408,,FAAC HP OIL,2.810 ÷ 3.300,,FAAC HP OIL,1046218,,FAAC HP OIL,1046418,,FAAC HP OIL,3.310 ÷ 3.800,,FAAC HP OIL,1046228,,FAAC HP OIL,1046428,,FAAC HP OIL,3.810 ÷ 4.300,,FAAC HP OIL,1047508,,FAAC HP OIL,1047518,,FAAC HP OIL,4.310 ÷ 5.000,,FAAC HP OIL,1047508,,FAAC HP OIL,1047518,,FAAC HP OIL,620 tonda pivottante,,FAAC HP OIL,1.500 ÷ 2.240,,FAAC HP OIL,1046268,,FAAC HP OIL,-,,FAAC HP OIL,2.250 ÷ 2.740,,FAAC HP OIL,1046208,,FAAC HP OIL,1046408,,FAAC HP OIL,2.750 ÷ 3.000,,FAAC HP OIL,1046278,,FAAC HP OIL,1046478,,FAAC HP OIL,620 Standard ARTICOLATA,,FAAC HP OIL,620 rettangolare articolata A(*) = 1315 ÷ 1814 mm,,FAAC HP OIL,2.825 ÷ 3.815,,FAAC HP OIL,1047048,,FAAC HP OIL,1047148,,FAAC HP OIL,620 rettangolare articolata A(*) = 1815 ÷ 2075 mm,,FAAC HP OIL,1.825 ÷ 2.815,,FAAC HP OIL,1047048,,FAAC HP OIL,1047148,,FAAC HP OIL
620 Standard,168-171,Dimensioni (LxPxH),Asta,,350 x 170 x 1080 mm,Lunghezza asta (mm),,350 x 170 x 1080 mm,Codice versione SX,,350 x 170 x 1080 mm,Codice versione DX,,350 x 170 x 1080 mm,620 Standard,,350 x 170 x 1080 mm,620 rettangolare standard,,350 x 170 x 1080 mm,1.315 ÷ 2.055,,350 x 170 x 1080 mm,1046268,,350 x 170 x 1080 mm,-,,350 x 170 x 1080 mm,2.065 ÷ 2.555,,350 x 170 x 1080 mm,1046208,,350 x 170 x 1080 mm,1046408,,350 x 170 x 1080 mm,2.565 ÷ 3.055,,350 x 170 x 1080 mm,1046278,,350 x 170 x 1080 mm,1046478,,350 x 170 x 1080 mm,3.065 ÷ 3.815,,350 x 170 x 1080 mm,1046288,,350 x 170 x 1080 mm,1046488,,350 x 170 x 1080 mm,3.825 ÷ 4.815,,350 x 170 x 1080 mm,1046228,,350 x 170 x 1080 mm,1046428,,350 x 170 x 1080 mm,620 rettangolare standard,,350 x 170 x 1080 mm,con luci,,350 x 170 x 1080 mm,1.315 ÷ 2.055,,350 x 170 x 1080 mm,1046268,,350 x 170 x 1080 mm,-,,350 x 170 x 1080 mm,2.065 ÷ 2.555,,350 x 170 x 1080 mm,1046208,,350 x 170 x 1080 mm,1046408,,350 x 170 x 1080 mm,2.565 ÷ 3.055,,350 x 170 x 1080 mm,1046278,,350 x 170 x 1080 mm,1046478,,350 x 170 x 1080 mm,3.065 ÷ 3.665,,350 x 170 x 1080 mm,1046288,,350 x 170 x 1080 mm,1046488,,350 x 170 x 1080 mm,3.675 ÷ 4.490,,350 x 170 x 1080 mm,1046228,,350 x 170 x 1080 mm,1046428,,350 x 170 x 1080 mm,4.500 ÷ 4.815,,350 x 170 x 1080 mm,1047508,,350 x 170 x 1080 mm,1047518,,350 x 170 x 1080 mm,620 rettangolare standard,,350 x 170 x 1080 mm,con siepe,,350 x 170 x 1080 mm,1.815 ÷ 2.805,,350 x 170 x 1080 mm,1046208,,350 x 170 x 1080 mm,1046408,,350 x 170 x 1080 mm,2.815 ÷ 3.555,,350 x 170 x 1080 mm,1046218,,350 x 170 x 1080 mm,1046418,,350 x 170 x 1080 mm,3.565 ÷ 3.815,,350 x 170 x 1080 mm,1046228,,350 x 170 x 1080 mm,1046428,,350 x 170 x 1080 mm,3.825 ÷ 4.815,,350 x 170 x 1080 mm,1047508,,350 x 170 x 1080 mm,1047518,,350 x 170 x 1080 mm,620 tonda S,,350 x 170 x 1080 mm,0 ÷ 2.300,,350 x 170 x 1080 mm,1046268,,350 x 170 x 1080 mm,-,,350 x 170 x 1080 mm,2.310 ÷ 2.800,,350 x 170 x 1080 mm,1046208,,350 x 170 x 1080 mm,1046408,,350 x 170 x 1080 mm,2.810 ÷ 3.300,,350 x 170 x 1080 mm,1046278,,350 x 170 x 1080 mm,1046478,,350 x 170 x 1080 mm,3.310 ÷ 3.800,,350 x 170 x 1080 mm,1046288,,350 x 170 x 1080 mm,1046488,,350 x 170 x 1080 mm,3.810 ÷ 4.300,,350 x 170 x 1080 mm,1046228,,350 x 170 x 1080 mm,1046428,,350 x 170 x 1080 mm,4.310 ÷ 5.000,,350 x 170 x 1080 mm,1046228,,350 x 170 x 1080 mm,1046428,,350 x 170 x 1080 mm,620 tonda S con siepe,,350 x 170 x 1080 mm,0 ÷ 2.300,,350 x 170 x 1080 mm,1046268,,350 x 170 x 1080 mm,-,,350 x 170 x 1080 mm,2.310 ÷ 2.800,,350 x 170 x 1080 mm,1046208,,350 x 170 x 1080 mm,1046408,,350 x 170 x 1080 mm,2.810 ÷ 3.300,,350 x 170 x 1080 mm,1046218,,350 x 170 x 1080 mm,1046418,,350 x 170 x 1080 mm,3.310 ÷ 3.800,,350 x 170 x 1080 mm,1046228,,350 x 170 x 1080 mm,1046428,,350 x 170 x 1080 mm,3.810 ÷ 4.300,,350 x 170 x 1080 mm,1047508,,350 x 170 x 1080 mm,1047518,,350 x 170 x 1080 mm,4.310 ÷ 5.000,,350 x 170 x 1080 mm,1047508,,350 x 170 x 1080 mm,1047518,,350 x 170 x 1080 mm,620 tonda pivottante,,350 x 170 x 1080 mm,1.500 ÷ 2.240,,350 x 170 x 1080 mm,1046268,,350 x 170 x 1080 mm,-,,350 x 170 x 1080 mm,2.250 ÷ 2.740,,350 x 170 x 1080 mm,1046208,,350 x 170 x 1080 mm,1046408,,350 x 170 x 1080 mm,2.750 ÷ 3.000,,350 x 170 x 1080 mm,1046278,,350 x 170 x 1080 mm,1046478,,350 x 170 x 1080 mm,620 Standard ARTICOLATA,,350 x 170 x 1080 mm,620 rettangolare articolata A(*) = 1315 ÷ 1814 mm,,350 x 170 x 1080 mm,2.825 ÷ 3.815,,350 x 170 x 1080 mm,1047048,,350 x 170 x 1080 mm,1047148,,350 x 170 x 1080 mm,620 rettangolare articolata A(*) = 1815 ÷ 2075 mm,,350 x 170 x 1080 mm,1.825 ÷ 2.815,,350 x 170 x 1080 mm,1047048,,350 x 170 x 1080 mm,1047148,,350 x 170 x 1080 mm
620 Standard,168-171,Lunghezza max asta,Asta,,5 m,Lunghezza asta (mm),,5 m,Codice versione SX,,5 m,Codice versione DX,,5 m,620 Standard,,5 m,620 rettangolare standard,,5 m,1.315 ÷ 2.055,,5 m,1046268,,5 m,-,,5 m,2.065 ÷ 2.555,,5 m,1046208,,5 m,1046408,,5 m,2.565 ÷ 3.055,,5 m,1046278,,5 m,1046478,,5 m,3.065 ÷ 3.815,,5 m,1046288,,5 m,1046488,,5 m,3.825 ÷ 4.815,,5 m,1046228,,5 m,1046428,,5 m,620 rettangolare standard,,5 m,con luci,,5 m,1.315 ÷ 2.055,,5 m,1046268,,5 m,-,,5 m,2.065 ÷ 2.555,,5 m,1046208,,5 m,1046408,,5 m,2.565 ÷ 3.055,,5 m,1046278,,5 m,1046478,,5 m,3.065 ÷ 3.665,,5 m,1046288,,5 m,1046488,,5 m,3.675 ÷ 4.490,,5 m,1046228,,5 m,1046428,,5 m,4.500 ÷ 4.815,,5 m,1047508,,5 m,1047518,,5 m,620 rettangolare standard,,5 m,con siepe,,5 m,1.815 ÷ 2.805,,5 m,1046208,,5 m,1046408,,5 m,2.815 ÷ 3.555,,5 m,1046218,,5 m,1046418,,5 m,3.565 ÷ 3.815,,5 m,1046228,,5 m,1046428,,5 m,3.825 ÷ 4.815,,5 m,1047508,,5 m,1047518,,5 m,620 tonda S,,5 m,0 ÷ 2.300,,5 m,1046268,,5 m,-,,5 m,2.310 ÷ 2.800,,5 m,1046208,,5 m,1046408,,5 m,2.810 ÷ 3.300,,5 m,1046278,,5 m,1046478,,5 m,3.310 ÷ 3.800,,5 m,1046288,,5 m,1046488,,5 m,3.810 ÷ 4.300,,5 m,1046228,,5 m,1046428,,5 m,4.310 ÷ 5.000,,5 m,1046228,,5 m,1046428,,5 m,620 tonda S con siepe,,5 m,0 ÷ 2.300,,5 m,1046268,,5 m,-,,5 m,2.310 ÷ 2.800,,5 m,1046208,,5 m,1046408,,5 m,2.810 ÷ 3.300,,5 m,1046218,,5 m,1046418,,5 m,3.310 ÷ 3.800,,5 m,1046228,,5 m,1046428,,5 m,3.810 ÷ 4.300,,5 m,1047508,,5 m,1047518,,5 m,4.310 ÷ 5.000,,5 m,1047508,,5 m,1047518,,5 m,620 tonda pivottante,,5 m,1.500 ÷ 2.240,,5 m,1046268,,5 m,-,,5 m,2.250 ÷ 2.740,,5 m,1046208,,5 m,1046408,,5 m,2.750 ÷ 3.000,,5 m,1046278,,5 m,1046478,,5 m,620 Standard ARTICOLATA,,5 m,620 rettangolare articolata A(*) = 1315 ÷ 1814 mm,,5 m,2.825 ÷ 3.815,,5 m,1047048,,5 m,1047148,,5 m,620 rettangolare articolata A(*) = 1815 ÷ 2075 mm,,5 m,1.825 ÷ 2.815,,5 m,1047048,,5 m,1047148,,5 m
620 Standard,168-171,Tempo di apertura,Asta,,"3,5 s (90° - 3 m) - 4,5 s (90° - 4 m)",Lunghezza asta (mm),,"3,5 s (90° - 3 m) - 4,5 s (90° - 4 m)",Codice versione SX,,"3,5 s (90° - 3 m) - 4,5 s (90° - 4 m)",Codice versione DX,,"3,5 s (90° - 3 m) - 4,5 s (90° - 4 m)",620 Standard,,"3,5 s (90° - 3 m) - 4,5 s (90° - 4 m)",620 rettangolare standard,,"3,5 s (90° - 3 m) - 4,5 s (90° - 4 m)",1.315 ÷ 2.055,,"3,5 s (90° - 3 m) - 4,5 s (90° - 4 m)",1046268,,"3,5 s (90° - 3 m) - 4,5 s (90° - 4 m)",-,,"3,5 s (90° - 3 m) - 4,5 s (90° - 4 m)",2.065 ÷ 2.555,,"3,5 s (90° - 3 m) - 4,5 s (90° - 4 m)",1046208,,"3,5 s (90° - 3 m) - 4,5 s (90° - 4 m)",1046408,,"3,5 s (90° - 3 m) - 4,5 s (90° - 4 m)",2.565 ÷ 3.055,,"3,5 s (90° - 3 m) - 4,5 s (90° - 4 m)",1046278,,"3,5 s (90° - 3 m) - 4,5 s (90° - 4 m)",1046478,,"3,5 s (90° - 3 m) - 4,5 s (90° - 4 m)",3.065 ÷ 3.815,,"3,5 s (90° - 3 m) - 4,5 s (90° - 4 m)",1046288,,"3,5 s (90° - 3 m) - 4,5 s (90° - 4 m)",1046488,,"3,5 s (90° - 3 m) - 4,5 s (90° - 4 m)",3.825 ÷ 4.815,,"3,5 s (90° - 3 m) - 4,5 s (90° - 4 m)",1046228,,"3,5 s (90° - 3 m) - 4,5 s (90° - 4 m)",1046428,,"3,5 s (90° - 3 m) - 4,5 s (90° - 4 m)",620 rettangolare standard,,"3,5 s (90° - 3 m) - 4,5 s (90° - 4 m)",con luci,,"3,5 s (90° - 3 m) - 4,5 s (90° - 4 m)",1.315 ÷ 2.055,,"3,5 s (90° - 3 m) - 4,5 s (90° - 4 m)",1046268,,"3,5 s (90° - 3 m) - 4,5 s (90° - 4 m)",-,,"3,5 s (90° - 3 m) - 4,5 s (90° - 4 m)",2.065 ÷ 2.555,,"3,5 s (90° - 3 m) - 4,5 s (90° - 4 m)",1046208,,"3,5 s (90° - 3 m) - 4,5 s (90° - 4 m)",1046408,,"3,5 s (90° - 3 m) - 4,5 s (90° - 4 m)",2.565 ÷ 3.055,,"3,5 s (90° - 3 m) - 4,5 s (90° - 4 m)",1046278,,"3,5 s (90° - 3 m) - 4,5 s (90° - 4 m)",1046478,,"3,5 s (90° - 3 m) - 4,5 s (90° - 4 m)",3.065 ÷ 3.665,,"3,5 s (90° - 3 m) - 4,5 s (90° - 4 m)",1046288,,"3,5 s (90° - 3 m) - 4,5 s (90° - 4 m)",1046488,,"3,5 s (90° - 3 m) - 4,5 s (90° - 4 m)",3.675 ÷ 4.490,,"3,5 s (90° - 3 m) - 4,5 s (90° - 4 m)",1046228,,"3,5 s (90° - 3 m) - 4,5 s (90° - 4 m)",1046428,,"3,5 s (90° - 3 m) - 4,5 s (90° - 4 m)",4.500 ÷ 4.815,,"3,5 s (90° - 3 m) - 4,5 s (90° - 4 m)",1047508,,"3,5 s (90° - 3 m) - 4,5 s (90° - 4 m)",1047518,,"3,5 s (90° - 3 m) - 4,5 s (90° - 4 m)",620 rettangolare standard,,"3,5 s (90° - 3 m) - 4,5 s (90° - 4 m)",con siepe,,"3,5 s (90° - 3 m) - 4,5 s (90° - 4 m)",1.815 ÷ 2.805,,"3,5 s (90° - 3 m) - 4,5 s (90° - 4 m)",1046208,,"3,5 s (90° - 3 m) - 4,5 s (90° - 4 m)",1046408,,"3,5 s (90° - 3 m) - 4,5 s (90° - 4 m)",2.815 ÷ 3.555,,"3,5 s (90° - 3 m) - 4,5 s (90° - 4 m)",1046218,,"3,5 s (90° - 3 m) - 4,5 s (90° - 4 m)",1046418,,"3,5 s (90° - 3 m) - 4,5 s (90° - 4 m)",3.565 ÷ 3.815,,"3,5 s (90° - 3 m) - 4,5 s (90° - 4 m)",1046228,,"3,5 s (90° - 3 m) - 4,5 s (90° - 4 m)",1046428,,"3,5 s (90° - 3 m) - 4,5 s (90° - 4 m)",3.825 ÷ 4.815,,"3,5 s (90° - 3 m) - 4,5 s (90° - 4 m)",1047508,,"3,5 s (90° - 3 m) - 4,5 s (90° - 4 m)",1047518,,"3,5 s (90° - 3 m) - 4,5 s (90° - 4 m)",620 tonda S,,"3,5 s (90° - 3 m) - 4,5 s (90° - 4 m)",0 ÷ 2.300,,"3,5 s (90° - 3 m) - 4,5 s (90° - 4 m)",1046268,,"3,5 s (90° - 3 m) - 4,5 s (90° - 4 m)",-,,"3,5 s (90° - 3 m) - 4,5 s (90° - 4 m)",2.310 ÷ 2.800,,"3,5 s (90° - 3 m) - 4,5 s (90° - 4 m)",1046208,,"3,5 s (90° - 3 m) - 4,5 s (90° - 4 m)",1046408,,"3,5 s (90° - 3 m) - 4,5 s (90° - 4 m)",2.810 ÷ 3.300,,"3,5 s (90° - 3 m) - 4,5 s (90° - 4 m)",1046278,,"3,5 s (90° - 3 m) - 4,5 s (90° - 4 m)",1046478,,"3,5 s (90° - 3 m) - 4,5 s (90° - 4 m)",3.310 ÷ 3.800,,"3,5 s (90° - 3 m) - 4,5 s (90° - 4 m)",1046288,,"3,5 s (90° - 3 m) - 4,5 s (90° - 4 m)",1046488,,"3,5 s (90° - 3 m) - 4,5 s (90° - 4 m)",3.810 ÷ 4.300,,"3,5 s (90° - 3 m) - 4,5 s (90° - 4 m)",1046228,,"3,5 s (90° - 3 m) - 4,5 s (90° - 4 m)",1046428,,"3,5 s (90° - 3 m) - 4,5 s (90° - 4 m)",4.310 ÷ 5.000,,"3,5 s (90° - 3 m) - 4,5 s (90° - 4 m)",1046228,,"3,5 s (90° - 3 m) - 4,5 s (90° - 4 m)",1046428,,"3,5 s (90° - 3 m) - 4,5 s (90° - 4 m)",620 tonda S con siepe,,"3,5 s (90° - 3 m) - 4,5 s (90° - 4 m)",0 ÷ 2.300,,"3,5 s (90° - 3 m) - 4,5 s (90° - 4 m)",1046268,,"3,5 s (90° - 3 m) - 4,5 s (90° - 4 m)",-,,"3,5 s (90° - 3 m) - 4,5 s (90° - 4 m)",2.310 ÷ 2.800,,"3,5 s (90° - 3 m) - 4,5 s (90° - 4 m)",1046208,,"3,5 s (90° - 3 m) - 4,5 s (90° - 4 m)",1046408,,"3,5 s (90° - 3 m) - 4,5 s (90° - 4 m)",2.810 ÷ 3.300,,"3,5 s (90° - 3 m) - 4,5 s (90° - 4 m)",1046218,,"3,5 s (90° - 3 m) - 4,5 s (90° - 4 m)",1046418,,"3,5 s (90° - 3 m) - 4,5 s (90° - 4 m)",3.310 ÷ 3.800,,"3,5 s (90° - 3 m) - 4,5 s (90° - 4 m)",1046228,,"3,5 s (90° - 3 m) - 4,5 s (90° - 4 m)",1046428,,"3,5 s (90° - 3 m) - 4,5 s (90° - 4 m)",3.810 ÷ 4.300,,"3,5 s (90° - 3 m) - 4,5 s (90° - 4 m)",1047508,,"3,5 s (90° - 3 m) - 4,5 s (90° - 4 m)",1047518,,"3,5 s (90° - 3 m) - 4,5 s (90° - 4 m)",4.310 ÷ 5.000,,"3,5 s (90° - 3 m) - 4,5 s (90° - 4 m)",1047508,,"3,5 s (90° - 3 m) - 4,5 s (90° - 4 m)",1047518,,"3,5 s (90° - 3 m) - 4,5 s (90° - 4 m)",620 tonda pivottante,,"3,5 s (90° - 3 m) - 4,5 s (90° - 4 m)",1.500 ÷ 2.240,,"3,5 s (90° - 3 m) - 4,5 s (90° - 4 m)",1046268,,"3,5 s (90° - 3 m) - 4,5 s (90° - 4 m)",-,,"3,5 s (90° - 3 m) - 4,5 s (90° - 4 m)",2.250 ÷ 2.740,,"3,5 s (90° - 3 m) - 4,5 s (90° - 4 m)",1046208,,"3,5 s (90° - 3 m) - 4,5 s (90° - 4 m)",1046408,,"3,5 s (90° - 3 m) - 4,5 s (90° - 4 m)",2.750 ÷ 3.000,,"3,5 s (90° - 3 m) - 4,5 s (90° - 4 m)",1046278,,"3,5 s (90° - 3 m) - 4,5 s (90° - 4 m)",1046478,,"3,5 s (90° - 3 m) - 4,5 s (90° - 4 m)",620 Standard ARTICOLATA,,"3,5 s (90° - 3 m) - 4,5 s (90° - 4 m)",620 rettangolare articolata A(*) = 1315 ÷ 1814 mm,,"3,5 s (90° - 3 m) - 4,5 s (90° - 4 m)",2.825 ÷ 3.815,,"3,5 s (90° - 3 m) - 4,5 s (90° - 4 m)",1047048,,"3,5 s (90° - 3 m) - 4,5 s (90° - 4 m)",1047148,,"3,5 s (90° - 3 m) - 4,5 s (90° - 4 m)",620 rettangolare articolata A(*) = 1815 ÷ 2075 mm,,"3,5 s (90° - 3 m) - 4,5 s (90° - 4 m)",1.825 ÷ 2.815,,"3,5 s (90° - 3 m) - 4,5 s (90° - 4 m)",1047048,,"3,5 s (90° - 3 m) - 4,5 s (90° - 4 m)",1047148,,"3,5 s (90° - 3 m) - 4,5 s (90° - 4 m)"
620 Standard,168-171,Frequenza di utilizzo,Asta,,70%,Lunghezza asta (mm),,70%,Codice versione SX,,70%,Codice versione DX,,70%,620 Standard,,70%,620 rettangolare standard,,70%,1.315 ÷ 2.055,,70%,1046268,,70%,-,,70%,2.065 ÷ 2.555,,70%,1046208,,70%,1046408,,70%,2.565 ÷ 3.055,,70%,1046278,,70%,1046478,,70%,3.065 ÷ 3.815,,70%,1046288,,70%,1046488,,70%,3.825 ÷ 4.815,,70%,1046228,,70%,1046428,,70%,620 rettangolare standard,,70%,con luci,,70%,1.315 ÷ 2.055,,70%,1046268,,70%,-,,70%,2.065 ÷ 2.555,,70%,1046208,,70%,1046408,,70%,2.565 ÷ 3.055,,70%,1046278,,70%,1046478,,70%,3.065 ÷ 3.665,,70%,1046288,,70%,1046488,,70%,3.675 ÷ 4.490,,70%,1046228,,70%,1046428,,70%,4.500 ÷ 4.815,,70%,1047508,,70%,1047518,,70%,620 rettangolare standard,,70%,con siepe,,70%,1.815 ÷ 2.805,,70%,1046208,,70%,1046408,,70%,2.815 ÷ 3.555,,70%,1046218,,70%,1046418,,70%,3.565 ÷ 3.815,,70%,1046228,,70%,1046428,,70%,3.825 ÷ 4.815,,70%,1047508,,70%,1047518,,70%,620 tonda S,,70%,0 ÷ 2.300,,70%,1046268,,70%,-,,70%,2.310 ÷ 2.800,,70%,1046208,,70%,1046408,,70%,2.810 ÷ 3.300,,70%,1046278,,70%,1046478,,70%,3.310 ÷ 3.800,,70%,1046288,,70%,1046488,,70%,3.810 ÷ 4.300,,70%,1046228,,70%,1046428,,70%,4.310 ÷ 5.000,,70%,1046228,,70%,1046428,,70%,620 tonda S con siepe,,70%,0 ÷ 2.300,,70%,1046268,,70%,-,,70%,2.310 ÷ 2.800,,70%,1046208,,70%,1046408,,70%,2.810 ÷ 3.300,,70%,1046218,,70%,1046418,,70%,3.310 ÷ 3.800,,70%,1046228,,70%,1046428,,70%,3.810 ÷ 4.300,,70%,1047508,,70%,1047518,,70%,4.310 ÷ 5.000,,70%,1047508,,70%,1047518,,70%,620 tonda pivottante,,70%,1.500 ÷ 2.240,,70%,1046268,,70%,-,,70%,2.250 ÷ 2.740,,70%,1046208,,70%,1046408,,70%,2.750 ÷ 3.000,,70%,1046278,,70%,1046478,,70%,620 Standard ARTICOLATA,,70%,620 rettangolare articolata A(*) = 1315 ÷ 1814 mm,,70%,2.825 ÷ 3.815,,70%,1047048,,70%,1047148,,70%,620 rettangolare articolata A(*) = 1815 ÷ 2075 mm,,70%,1.825 ÷ 2.815,,70%,1047048,,70%,1047148,,70%
620 Standard,168-171,Apparecchiatura elettronica,Asta,,624BLD incorporata,Lunghezza asta (mm),,TABELLA CODICI DI ORDINAZIONE BARRIERA,Codice versione SX,,Aste tonde S - Ø 75mm ( etichette adesive non incluse) e accessori specifici,Codice versione DX,,Aste rettangolari e accessori specifici,620 Standard,,Aste rettangolari e accessori specifici,620 rettangolare standard,,Aste rettangolari e accessori specifici,1.315 ÷ 2.055,,Aste rettangolari e accessori specifici,1046268,,Aste rettangolari e accessori specifici,-,,Aste rettangolari e accessori specifici,2.065 ÷ 2.555,,Aste rettangolari e accessori specifici,1046208,,Aste rettangolari e accessori specifici,1046408,,Aste rettangolari e accessori specifici,2.565 ÷ 3.055,,Aste rettangolari e accessori specifici,1046278,,Aste rettangolari e accessori specifici,1046478,,Aste rettangolari e accessori specifici,3.065 ÷ 3.815,,Aste rettangolari e accessori specifici,1046288,,Aste rettangolari e accessori specifici,1046488,,Aste rettangolari e accessori specifici,3.825 ÷ 4.815,,Aste rettangolari e accessori specifici,1046228,,Aste rettangolari e accessori specifici,1046428,,Aste rettangolari e accessori specifici,620 rettangolare standard,,Aste rettangolari e accessori specifici,con luci,,Aste rettangolari e accessori specifici,1.315 ÷ 2.055,,Aste rettangolari e accessori specifici,1046268,,Aste rettangolari e accessori specifici,-,,Aste rettangolari e accessori specifici,2.065 ÷ 2.555,,Aste rettangolari e accessori specifici,1046208,,Aste rettangolari e accessori specifici,1046408,,Aste rettangolari e accessori specifici,2.565 ÷ 3.055,,Aste rettangolari e accessori specifici,1046278,,Aste rettangolari e accessori specifici,1046478,,Aste rettangolari e accessori specifici,3.065 ÷ 3.665,,Aste rettangolari e accessori specifici,1046288,,Aste rettangolari e accessori specifici,1046488,,Aste rettangolari e accessori specifici,3.675 ÷ 4.490,,Aste rettangolari e accessori specifici,1046228,,Aste rettangolari e accessori specifici,1046428,,Aste rettangolari e accessori specifici,4.500 ÷ 4.815,,Aste rettangolari e accessori specifici,1047508,,Aste rettangolari e accessori specifici,1047518,,Aste rettangolari e accessori specifici,620 rettangolare standard,,Aste rettangolari e accessori specifici,con siepe,,Aste rettangolari e accessori specifici,1.815 ÷ 2.805,,Aste rettangolari e accessori specifici,1046208,,Aste rettangolari e accessori specifici,1046408,,Aste rettangolari e accessori specifici,2.815 ÷ 3.555,,Aste rettangolari e accessori specifici,1046218,,Aste rettangolari e accessori specifici,1046418,,Aste rettangolari e accessori specifici,3.565 ÷ 3.815,,Aste rettangolari e accessori specifici,1046228,,Aste rettangolari e accessori specifici,1046428,,Aste rettangolari e accessori specifici,3.825 ÷ 4.815,,Aste rettangolari e accessori specifici,1047508,,Aste rettangolari e accessori specifici,1047518,,Aste rettangolari e accessori specifici,620 tonda S,,Aste rettangolari e accessori specifici,0 ÷ 2.300,,Aste rettangolari e accessori specifici,1046268,,Aste rettangolari e accessori specifici,-,,Aste rettangolari e accessori specifici,2.310 ÷ 2.800,,Aste rettangolari e accessori specifici,1046208,,Aste rettangolari e accessori specifici,1046408,,Aste rettangolari e accessori specifici,2.810 ÷ 3.300,,Aste rettangolari e accessori specifici,1046278,,Aste rettangolari e accessori specifici,1046478,,Aste rettangolari e accessori specifici,3.310 ÷ 3.800,,Aste rettangolari e accessori specifici,1046288,,Aste rettangolari e accessori specifici,1046488,,Aste rettangolari e accessori specifici,3.810 ÷ 4.300,,Aste rettangolari e accessori specifici,1046228,,Aste rettangolari e accessori specifici,1046428,,Aste rettangolari e accessori specifici,4.310 ÷ 5.000,,Aste rettangolari e accessori specifici,1046228,,Aste rettangolari e accessori specifici,1046428,,Aste rettangolari e accessori specifici,620 tonda S con siepe,,Aste rettangolari e accessori specifici,0 ÷ 2.300,,Aste rettangolari e accessori specifici,1046268,,Aste rettangolari e accessori specifici,-,,Aste rettangolari e accessori specifici,2.310 ÷ 2.800,,Aste rettangolari e accessori specifici,1046208,,Aste rettangolari e accessori specifici,1046408,,Aste rettangolari e accessori specifici,2.810 ÷ 3.300,,Aste rettangolari e accessori specifici,1046218,,Aste rettangolari e accessori specifici,1046418,,Aste rettangolari e accessori specifici,3.310 ÷ 3.800,,Aste rettangolari e accessori specifici,1046228,,Aste rettangolari e accessori specifici,1046428,,Aste rettangolari e accessori specifici,3.810 ÷ 4.300,,Aste rettangolari e accessori specifici,1047508,,Aste rettangolari e accessori specifici,1047518,,Aste rettangolari e accessori specifici,4.310 ÷ 5.000,,Aste rettangolari e accessori specifici,1047508,,Aste rettangolari e accessori specifici,1047518,,Aste rettangolari e accessori specifici,620 tonda pivottante,,Aste rettangolari e accessori specifici,1.500 ÷ 2.240,,Aste rettangolari e accessori specifici,1046268,,Aste rettangolari e accessori specifici,-,,Aste rettangolari e accessori specifici,2.250 ÷ 2.740,,Aste rettangolari e accessori specifici,1046208,,Aste rettangolari e accessori specifici,1046408,,Aste rettangolari e accessori specifici,2.750 ÷ 3.000,,Aste rettangolari e accessori specifici,1046278,,Aste rettangolari e accessori specifici,1046478,,Aste rettangolari e accessori specifici,620 Standard ARTICOLATA,,Aste rettangolari e accessori specifici,620 rettangolare articolata A(*) = 1315 ÷ 1814 mm,,Aste rettangolari e accessori specifici,2.825 ÷ 3.815,,Aste rettangolari e accessori specifici,1047048,,Aste rettangolari e accessori specifici,1047148,,Aste rettangolari e accessori specifici,620 rettangolare articolata A(*) = 1815 ÷ 2075 mm,,Aste rettangolari e accessori specifici,1.825 ÷ 2.815,,Aste rettangolari e accessori specifici,1047048,,Aste rettangolari e accessori specifici,1047148,,Aste rettangolari e accessori specifici
620 Rapida,172-175,Tensione di alimentazione di rete,Asta,,220-240V~ 50/60 Hz,Lunghezza asta (mm),,220-240V~ 50/60 Hz,Codice versione SX,,220-240V~ 50/60 Hz,Codice versione DX,,220-240V~ 50/60 Hz,620,,220-240V~ 50/60 Hz,Rapida,,220-240V~ 50/60 Hz,620,,220-240V~ 50/60 Hz,rettangolare,,220-240V~ 50/60 Hz,standard,,220-240V~ 50/60 Hz,2.065 ÷ 2.555,,220-240V~ 50/60 Hz,1046338,,220-240V~ 50/60 Hz,1046538,,220-240V~ 50/60 Hz,2.565 ÷ 3.055,,220-240V~ 50/60 Hz,1046348,,220-240V~ 50/60 Hz,1046548,,220-240V~ 50/60 Hz,3.065 ÷ 3.815,,220-240V~ 50/60 Hz,1046358,,220-240V~ 50/60 Hz,1046558,,220-240V~ 50/60 Hz,620,,220-240V~ 50/60 Hz,rettangolare,,220-240V~ 50/60 Hz,con luci,,220-240V~ 50/60 Hz,2.065 ÷ 2.555,,220-240V~ 50/60 Hz,1046338,,220-240V~ 50/60 Hz,1046538,,220-240V~ 50/60 Hz,2.565 ÷ 3.055,,220-240V~ 50/60 Hz,1046348,,220-240V~ 50/60 Hz,1046548,,220-240V~ 50/60 Hz,3.065 ÷ 3.665,,220-240V~ 50/60 Hz,1046358,,220-240V~ 50/60 Hz,1046558,,220-240V~ 50/60 Hz,620,,220-240V~ 50/60 Hz,tonda S,,220-240V~ 50/60 Hz,2.310 ÷ 2.800,,220-240V~ 50/60 Hz,1046338,,220-240V~ 50/60 Hz,1046538,,220-240V~ 50/60 Hz,2.810 ÷ 3.300,,220-240V~ 50/60 Hz,1046348,,220-240V~ 50/60 Hz,1046548,,220-240V~ 50/60 Hz,620,,220-240V~ 50/60 Hz,tonda pivottante,,220-240V~ 50/60 Hz,2.250 ÷ 2.740,,220-240V~ 50/60 Hz,1046338,,220-240V~ 50/60 Hz,1046538,,220-240V~ 50/60 Hz,2.750 ÷ 3.000,,220-240V~ 50/60 Hz,1046348,,220-240V~ 50/60 Hz,1046548,,220-240V~ 50/60 Hz,,,,,,,,,,,,,,,,,,,,,,,,,,,,,,,,,,,,,,,,,,,,,,,,,,,,,,,,,,,,,,,,,,,,,,,,,,,,,,,,,,,,,,,,,,,,,,,,,,,,,,,,,,,,,,,,,,,,,,,,,,,,,,,,,,,,,,,,,,,,,,,,,,,,,,,,,,,,,,,,,,,,,,,,,,,,,,,,,,,,,,,,,,,,,,,,,,,,,,
620 Rapida,172-175,Motore elettrico,Asta,,Asincrono monofase,Lunghezza asta (mm),,Asincrono monofase,Codice versione SX,,Asincrono monofase,Codice versione DX,,Asincrono monofase,620,,Asincrono monofase,Rapida,,Asincrono monofase,620,,Asincrono monofase,rettangolare,,Asincrono monofase,standard,,Asincrono monofase,2.065 ÷ 2.555,,Asincrono monofase,1046338,,Asincrono monofase,1046538,,Asincrono monofase,2.565 ÷ 3.055,,Asincrono monofase,1046348,,Asincrono monofase,1046548,,Asincrono monofase,3.065 ÷ 3.815,,Asincrono monofase,1046358,,Asincrono monofase,1046558,,Asincrono monofase,620,,Asincrono monofase,rettangolare,,Asincrono monofase,con luci,,Asincrono monofase,2.065 ÷ 2.555,,Asincrono monofase,1046338,,Asincrono monofase,1046538,,Asincrono monofase,2.565 ÷ 3.055,,Asincrono monofase,1046348,,Asincrono monofase,1046548,,Asincrono monofase,3.065 ÷ 3.665,,Asincrono monofase,1046358,,Asincrono monofase,1046558,,Asincrono monofase,620,,Asincrono monofase,tonda S,,Asincrono monofase,2.310 ÷ 2.800,,Asincrono monofase,1046338,,Asincrono monofase,1046538,,Asincrono monofase,2.810 ÷ 3.300,,Asincrono monofase,1046348,,Asincrono monofase,1046548,,Asincrono monofase,620,,Asincrono monofase,tonda pivottante,,Asincrono monofase,2.250 ÷ 2.740,,Asincrono monofase,1046338,,Asincrono monofase,1046538,,Asincrono monofase,2.750 ÷ 3.000,,Asincrono monofase,1046348,,Asincrono monofase,1046548,,Asincrono monofase,,,,,,,,,,,,,,,,,,,,,,,,,,,,,,,,,,,,,,,,,,,,,,,,,,,,,,,,,,,,,,,,,,,,,,,,,,,,,,,,,,,,,,,,,,,,,,,,,,,,,,,,,,,,,,,,,,,,,,,,,,,,,,,,,,,,,,,,,,,,,,,,,,,,,,,,,,,,,,,,,,,,,,,,,,,,,,,,,,,,,,,,,,,,,,,,,,,,,,
620 Rapida,172-175,Velocità di rotazione motore,Asta,,1.400 - 2.800 rpm (*),Lunghezza asta (mm),,1.400 - 2.800 rpm (*),Codice versione SX,,1.400 - 2.800 rpm (*),Codice versione DX,,1.400 - 2.800 rpm (*),620,,1.400 - 2.800 rpm (*),Rapida,,1.400 - 2.800 rpm (*),620,,1.400 - 2.800 rpm (*),rettangolare,,1.400 - 2.800 rpm (*),standard,,1.400 - 2.800 rpm (*),2.065 ÷ 2.555,,1.400 - 2.800 rpm (*),1046338,,1.400 - 2.800 rpm (*),1046538,,1.400 - 2.800 rpm (*),2.565 ÷ 3.055,,1.400 - 2.800 rpm (*),1046348,,1.400 - 2.800 rpm (*),1046548,,1.400 - 2.800 rpm (*),3.065 ÷ 3.815,,1.400 - 2.800 rpm (*),1046358,,1.400 - 2.800 rpm (*),1046558,,1.400 - 2.800 rpm (*),620,,1.400 - 2.800 rpm (*),rettangolare,,1.400 - 2.800 rpm (*),con luci,,1.400 - 2.800 rpm (*),2.065 ÷ 2.555,,1.400 - 2.800 rpm (*),1046338,,1.400 - 2.800 rpm (*),1046538,,1.400 - 2.800 rpm (*),2.565 ÷ 3.055,,1.400 - 2.800 rpm (*),1046348,,1.400 - 2.800 rpm (*),1046548,,1.400 - 2.800 rpm (*),3.065 ÷ 3.665,,1.400 - 2.800 rpm (*),1046358,,1.400 - 2.800 rpm (*),1046558,,1.400 - 2.800 rpm (*),620,,1.400 - 2.800 rpm (*),tonda S,,1.400 - 2.800 rpm (*),2.310 ÷ 2.800,,1.400 - 2.800 rpm (*),1046338,,1.400 - 2.800 rpm (*),1046538,,1.400 - 2.800 rpm (*),2.810 ÷ 3.300,,1.400 - 2.800 rpm (*),1046348,,1.400 - 2.800 rpm (*),1046548,,1.400 - 2.800 rpm (*),620,,1.400 - 2.800 rpm (*),tonda pivottante,,1.400 - 2.800 rpm (*),2.250 ÷ 2.740,,1.400 - 2.800 rpm (*),1046338,,1.400 - 2.800 rpm (*),1046538,,1.400 - 2.800 rpm (*),2.750 ÷ 3.000,,1.400 - 2.800 rpm (*),1046348,,1.400 - 2.800 rpm (*),1046548,,1.400 - 2.800 rpm (*),,,,,,,,,,,,,,,,,,,,,,,,,,,,,,,,,,,,,,,,,,,,,,,,,,,,,,,,,,,,,,,,,,,,,,,,,,,,,,,,,,,,,,,,,,,,,,,,,,,,,,,,,,,,,,,,,,,,,,,,,,,,,,,,,,,,,,,,,,,,,,,,,,,,,,,,,,,,,,,,,,,,,,,,,,,,,,,,,,,,,,,,,,,,,,,,,,,,,,
620 Rapida,172-175,Potenza max,Asta,,220 W,Lunghezza asta (mm),,220 W,Codice versione SX,,220 W,Codice versione DX,,220 W,620,,220 W,Rapida,,220 W,620,,220 W,rettangolare,,220 W,standard,,220 W,2.065 ÷ 2.555,,220 W,1046338,,220 W,1046538,,220 W,2.565 ÷ 3.055,,220 W,1046348,,220 W,1046548,,220 W,3.065 ÷ 3.815,,220 W,1046358,,220 W,1046558,,220 W,620,,220 W,rettangolare,,220 W,con luci,,220 W,2.065 ÷ 2.555,,220 W,1046338,,220 W,1046538,,220 W,2.565 ÷ 3.055,,220 W,1046348,,220 W,1046548,,220 W,3.065 ÷ 3.665,,220 W,1046358,,220 W,1046558,,220 W,620,,220 W,tonda S,,220 W,2.310 ÷ 2.800,,220 W,1046338,,220 W,1046538,,220 W,2.810 ÷ 3.300,,220 W,1046348,,220 W,1046548,,220 W,620,,220 W,tonda pivottante,,220 W,2.250 ÷ 2.740,,220 W,1046338,,220 W,1046538,,220 W,2.750 ÷ 3.000,,220 W,1046348,,220 W,1046548,,220 W,,,,,,,,,,,,,,,,,,,,,,,,,,,,,,,,,,,,,,,,,,,,,,,,,,,,,,,,,,,,,,,,,,,,,,,,,,,,,,,,,,,,,,,,,,,,,,,,,,,,,,,,,,,,,,,,,,,,,,,,,,,,,,,,,,,,,,,,,,,,,,,,,,,,,,,,,,,,,,,,,,,,,,,,,,,,,,,,,,,,,,,,,,,,,,,,,,,,,,
620 Rapida,172-175,Coppia max,Asta,,0 ÷ 150 / 0 ÷ 140 Nm (*),Lunghezza asta (mm),,0 ÷ 150 / 0 ÷ 140 Nm (*),Codice versione SX,,0 ÷ 150 / 0 ÷ 140 Nm (*),Codice versione DX,,0 ÷ 150 / 0 ÷ 140 Nm (*),620,,0 ÷ 150 / 0 ÷ 140 Nm (*),Rapida,,0 ÷ 150 / 0 ÷ 140 Nm (*),620,,0 ÷ 150 / 0 ÷ 140 Nm (*),rettangolare,,0 ÷ 150 / 0 ÷ 140 Nm (*),standard,,0 ÷ 150 / 0 ÷ 140 Nm (*),2.065 ÷ 2.555,,0 ÷ 150 / 0 ÷ 140 Nm (*),1046338,,0 ÷ 150 / 0 ÷ 140 Nm (*),1046538,,0 ÷ 150 / 0 ÷ 140 Nm (*),2.565 ÷ 3.055,,0 ÷ 150 / 0 ÷ 140 Nm (*),1046348,,0 ÷ 150 / 0 ÷ 140 Nm (*),1046548,,0 ÷ 150 / 0 ÷ 140 Nm (*),3.065 ÷ 3.815,,0 ÷ 150 / 0 ÷ 140 Nm (*),1046358,,0 ÷ 150 / 0 ÷ 140 Nm (*),1046558,,0 ÷ 150 / 0 ÷ 140 Nm (*),620,,0 ÷ 150 / 0 ÷ 140 Nm (*),rettangolare,,0 ÷ 150 / 0 ÷ 140 Nm (*),con luci,,0 ÷ 150 / 0 ÷ 140 Nm (*),2.065 ÷ 2.555,,0 ÷ 150 / 0 ÷ 140 Nm (*),1046338,,0 ÷ 150 / 0 ÷ 140 Nm (*),1046538,,0 ÷ 150 / 0 ÷ 140 Nm (*),2.565 ÷ 3.055,,0 ÷ 150 / 0 ÷ 140 Nm (*),1046348,,0 ÷ 150 / 0 ÷ 140 Nm (*),1046548,,0 ÷ 150 / 0 ÷ 140 Nm (*),3.065 ÷ 3.665,,0 ÷ 150 / 0 ÷ 140 Nm (*),1046358,,0 ÷ 150 / 0 ÷ 140 Nm (*),1046558,,0 ÷ 150 / 0 ÷ 140 Nm (*),620,,0 ÷ 150 / 0 ÷ 140 Nm (*),tonda S,,0 ÷ 150 / 0 ÷ 140 Nm (*),2.310 ÷ 2.800,,0 ÷ 150 / 0 ÷ 140 Nm (*),1046338,,0 ÷ 150 / 0 ÷ 140 Nm (*),1046538,,0 ÷ 150 / 0 ÷ 140 Nm (*),2.810 ÷ 3.300,,0 ÷ 150 / 0 ÷ 140 Nm (*),1046348,,0 ÷ 150 / 0 ÷ 140 Nm (*),1046548,,0 ÷ 150 / 0 ÷ 140 Nm (*),620,,0 ÷ 150 / 0 ÷ 140 Nm (*),tonda pivottante,,0 ÷ 150 / 0 ÷ 140 Nm (*),2.250 ÷ 2.740,,0 ÷ 150 / 0 ÷ 140 Nm (*),1046338,,0 ÷ 150 / 0 ÷ 140 Nm (*),1046538,,0 ÷ 150 / 0 ÷ 140 Nm (*),2.750 ÷ 3.000,,0 ÷ 150 / 0 ÷ 140 Nm (*),1046348,,0 ÷ 150 / 0 ÷ 140 Nm (*),1046548,,0 ÷ 150 / 0 ÷ 140 Nm (*),,,,,,,,,,,,,,,,,,,,,,,,,,,,,,,,,,,,,,,,,,,,,,,,,,,,,,,,,,,,,,,,,,,,,,,,,,,,,,,,,,,,,,,,,,,,,,,,,,,,,,,,,,,,,,,,,,,,,,,,,,,,,,,,,,,,,,,,,,,,,,,,,,,,,,,,,,,,,,,,,,,,,,,,,,,,,,,,,,,,,,,,,,,,,,,,,,,,,,
620 Rapida,172-175,Portata gruppo motore-pompa,Asta,,"1,5 - 2 lpm (*)",Lunghezza asta (mm),,Tipo di materiale,Codice versione SX,,Acciaio,Codice versione DX,,Tipo di trattamento,620,,Primer anticorrosivo 100 microns + Verniciatura in poliestere RAL 2004,Rapida,,Primer anticorrosivo 100 microns + Verniciatura in poliestere RAL 2004,620,,Primer anticorrosivo 100 microns + Verniciatura in poliestere RAL 2004,rettangolare,,Primer anticorrosivo 100 microns + Verniciatura in poliestere RAL 2004,standard,,Primer anticorrosivo 100 microns + Verniciatura in poliestere RAL 2004,2.065 ÷ 2.555,,Primer anticorrosivo 100 microns + Verniciatura in poliestere RAL 2004,1046338,,Primer anticorrosivo 100 microns + Verniciatura in poliestere RAL 2004,1046538,,Primer anticorrosivo 100 microns + Verniciatura in poliestere RAL 2004,2.565 ÷ 3.055,,Primer anticorrosivo 100 microns + Verniciatura in poliestere RAL 2004,1046348,,Primer anticorrosivo 100 microns + Verniciatura in poliestere RAL 2004,1046548,,Primer anticorrosivo 100 microns + Verniciatura in poliestere RAL 2004,3.065 ÷ 3.815,,Primer anticorrosivo 100 microns + Verniciatura in poliestere RAL 2004,1046358,,Primer anticorrosivo 100 microns + Verniciatura in poliestere RAL 2004,1046558,,Primer anticorrosivo 100 microns + Verniciatura in poliestere RAL 2004,620,,Primer anticorrosivo 100 microns + Verniciatura in poliestere RAL 2004,rettangolare,,Primer anticorrosivo 100 microns + Verniciatura in poliestere RAL 2004,con luci,,Primer anticorrosivo 100 microns + Verniciatura in poliestere RAL 2004,2.065 ÷ 2.555,,Primer anticorrosivo 100 microns + Verniciatura in poliestere RAL 2004,1046338,,Primer anticorrosivo 100 microns + Verniciatura in poliestere RAL 2004,1046538,,Primer anticorrosivo 100 microns + Verniciatura in poliestere RAL 2004,2.565 ÷ 3.055,,Primer anticorrosivo 100 microns + Verniciatura in poliestere RAL 2004,1046348,,Primer anticorrosivo 100 microns + Verniciatura in poliestere RAL 2004,1046548,,Primer anticorrosivo 100 microns + Verniciatura in poliestere RAL 2004,3.065 ÷ 3.665,,Primer anticorrosivo 100 microns + Verniciatura in poliestere RAL 2004,1046358,,Primer anticorrosivo 100 microns + Verniciatura in poliestere RAL 2004,1046558,,Primer anticorrosivo 100 microns + Verniciatura in poliestere RAL 2004,620,,Primer anticorrosivo 100 microns + Verniciatura in poliestere RAL 2004,tonda S,,Primer anticorrosivo 100 microns + Verniciatura in poliestere RAL 2004,2.310 ÷ 2.800,,Primer anticorrosivo 100 microns + Verniciatura in poliestere RAL 2004,1046338,,Primer anticorrosivo 100 microns + Verniciatura in poliestere RAL 2004,1046538,,Primer anticorrosivo 100 microns + Verniciatura in poliestere RAL 2004,2.810 ÷ 3.300,,Primer anticorrosivo 100 microns + Verniciatura in poliestere RAL 2004,1046348,,Primer anticorrosivo 100 microns + Verniciatura in poliestere RAL 2004,1046548,,Primer anticorrosivo 100 microns + Verniciatura in poliestere RAL 2004,620,,Primer anticorrosivo 100 microns + Verniciatura in poliestere RAL 2004,tonda pivottante,,Primer anticorrosivo 100 microns + Verniciatura in poliestere RAL 2004,2.250 ÷ 2.740,,Primer anticorrosivo 100 microns + Verniciatura in poliestere RAL 2004,1046338,,Primer anticorrosivo 100 microns + Verniciatura in poliestere RAL 2004,1046538,,Primer anticorrosivo 100 microns + Verniciatura in poliestere RAL 2004,2.750 ÷ 3.000,,Primer anticorrosivo 100 microns + Verniciatura in poliestere RAL 2004,1046348,,Primer anticorrosivo 100 microns + Verniciatura in poliestere RAL 2004,1046548,,Primer anticorrosivo 100 microns + Verniciatura in poliestere RAL 2004,,,,,,,,,,,,,,,,,,,,,,,,,,,,,,,,,,,,,,,,,,,,,,,,,,,,,,,,,,,,,,,,,,,,,,,,,,,,,,,,,,,,,,,,,,,,,,,,,,,,,,,,,,,,,,,,,,,,,,,,,,,,,,,,,,,,,,,,,,,,,,,,,,,,,,,,,,,,,,,,,,,,,,,,,,,,,,,,,,,,,,,,,,,,,,,,,,,,,,
620 Rapida,172-175,Encoder,Asta,,No - sicurezza oleodinamica antischiacciamento,Lunghezza asta (mm),,No - sicurezza oleodinamica antischiacciamento,Codice versione SX,,No - sicurezza oleodinamica antischiacciamento,Codice versione DX,,No - sicurezza oleodinamica antischiacciamento,620,,No - sicurezza oleodinamica antischiacciamento,Rapida,,No - sicurezza oleodinamica antischiacciamento,620,,No - sicurezza oleodinamica antischiacciamento,rettangolare,,No - sicurezza oleodinamica antischiacciamento,standard,,No - sicurezza oleodinamica antischiacciamento,2.065 ÷ 2.555,,No - sicurezza oleodinamica antischiacciamento,1046338,,No - sicurezza oleodinamica antischiacciamento,1046538,,No - sicurezza oleodinamica antischiacciamento,2.565 ÷ 3.055,,No - sicurezza oleodinamica antischiacciamento,1046348,,No - sicurezza oleodinamica antischiacciamento,1046548,,No - sicurezza oleodinamica antischiacciamento,3.065 ÷ 3.815,,No - sicurezza oleodinamica antischiacciamento,1046358,,No - sicurezza oleodinamica antischiacciamento,1046558,,No - sicurezza oleodinamica antischiacciamento,620,,No - sicurezza oleodinamica antischiacciamento,rettangolare,,No - sicurezza oleodinamica antischiacciamento,con luci,,No - sicurezza oleodinamica antischiacciamento,2.065 ÷ 2.555,,No - sicurezza oleodinamica antischiacciamento,1046338,,No - sicurezza oleodinamica antischiacciamento,1046538,,No - sicurezza oleodinamica antischiacciamento,2.565 ÷ 3.055,,No - sicurezza oleodinamica antischiacciamento,1046348,,No - sicurezza oleodinamica antischiacciamento,1046548,,No - sicurezza oleodinamica antischiacciamento,3.065 ÷ 3.665,,No - sicurezza oleodinamica antischiacciamento,1046358,,No - sicurezza oleodinamica antischiacciamento,1046558,,No - sicurezza oleodinamica antischiacciamento,620,,No - sicurezza oleodinamica antischiacciamento,tonda S,,No - sicurezza oleodinamica antischiacciamento,2.310 ÷ 2.800,,No - sicurezza oleodinamica antischiacciamento,1046338,,No - sicurezza oleodinamica antischiacciamento,1046538,,No - sicurezza oleodinamica antischiacciamento,2.810 ÷ 3.300,,No - sicurezza oleodinamica antischiacciamento,1046348,,No - sicurezza oleodinamica antischiacciamento,1046548,,No - sicurezza oleodinamica antischiacciamento,620,,No - sicurezza oleodinamica antischiacciamento,tonda pivottante,,No - sicurezza oleodinamica antischiacciamento,2.250 ÷ 2.740,,No - sicurezza oleodinamica antischiacciamento,1046338,,No - sicurezza oleodinamica antischiacciamento,1046538,,No - sicurezza oleodinamica antischiacciamento,2.750 ÷ 3.000,,No - sicurezza oleodinamica antischiacciamento,1046348,,No - sicurezza oleodinamica antischiacciamento,1046548,,No - sicurezza oleodinamica antischiacciamento,,,,,,,,,,,,,,,,,,,,,,,,,,,,,,,,,,,,,,,,,,,,,,,,,,,,,,,,,,,,,,,,,,,,,,,,,,,,,,,,,,,,,,,,,,,,,,,,,,,,,,,,,,,,,,,,,,,,,,,,,,,,,,,,,,,,,,,,,,,,,,,,,,,,,,,,,,,,,,,,,,,,,,,,,,,,,,,,,,,,,,,,,,,,,,,,,,,,,,
620 Rapida,172-175,Tipo di rallentamento,Asta,,Elettronico - Regolabile con camme,Lunghezza asta (mm),,Elettronico - Regolabile con camme,Codice versione SX,,Elettronico - Regolabile con camme,Codice versione DX,,Elettronico - Regolabile con camme,620,,Elettronico - Regolabile con camme,Rapida,,Elettronico - Regolabile con camme,620,,Elettronico - Regolabile con camme,rettangolare,,Elettronico - Regolabile con camme,standard,,Elettronico - Regolabile con camme,2.065 ÷ 2.555,,Elettronico - Regolabile con camme,1046338,,Elettronico - Regolabile con camme,1046538,,Elettronico - Regolabile con camme,2.565 ÷ 3.055,,Elettronico - Regolabile con camme,1046348,,Elettronico - Regolabile con camme,1046548,,Elettronico - Regolabile con camme,3.065 ÷ 3.815,,Elettronico - Regolabile con camme,1046358,,Elettronico - Regolabile con camme,1046558,,Elettronico - Regolabile con camme,620,,Elettronico - Regolabile con camme,rettangolare,,Elettronico - Regolabile con camme,con luci,,Elettronico - Regolabile con camme,2.065 ÷ 2.555,,Elettronico - Regolabile con camme,1046338,,Elettronico - Regolabile con camme,1046538,,Elettronico - Regolabile con camme,2.565 ÷ 3.055,,Elettronico - Regolabile con camme,1046348,,Elettronico - Regolabile con camme,1046548,,Elettronico - Regolabile con camme,3.065 ÷ 3.665,,Elettronico - Regolabile con camme,1046358,,Elettronico - Regolabile con camme,1046558,,Elettronico - Regolabile con camme,620,,Elettronico - Regolabile con camme,tonda S,,Elettronico - Regolabile con camme,2.310 ÷ 2.800,,Elettronico - Regolabile con camme,1046338,,Elettronico - Regolabile con camme,1046538,,Elettronico - Regolabile con camme,2.810 ÷ 3.300,,Elettronico - Regolabile con camme,1046348,,Elettronico - Regolabile con camme,1046548,,Elettronico - Regolabile con camme,620,,Elettronico - Regolabile con camme,tonda pivottante,,Elettronico - Regolabile con camme,2.250 ÷ 2.740,,Elettronico - Regolabile con camme,1046338,,Elettronico - Regolabile con camme,1046538,,Elettronico - Regolabile con camme,2.750 ÷ 3.000,,Elettronico - Regolabile con camme,1046348,,Elettronico - Regolabile con camme,1046548,,Elettronico - Regolabile con camme,,,,,,,,,,,,,,,,,,,,,,,,,,,,,,,,,,,,,,,,,,,,,,,,,,,,,,,,,,,,,,,,,,,,,,,,,,,,,,,,,,,,,,,,,,,,,,,,,,,,,,,,,,,,,,,,,,,,,,,,,,,,,,,,,,,,,,,,,,,,,,,,,,,,,,,,,,,,,,,,,,,,,,,,,,,,,,,,,,,,,,,,,,,,,,,,,,,,,,
620 Rapida,172-175,Tipo di asta,Asta,,Rettangolare - Articolata - Tonda - Tonda pivottante,Lunghezza asta (mm),,Rettangolare - Articolata - Tonda - Tonda pivottante,Codice versione SX,,Rettangolare - Articolata - Tonda - Tonda pivottante,Codice versione DX,,Rettangolare - Articolata - Tonda - Tonda pivottante,620,,Rettangolare - Articolata - Tonda - Tonda pivottante,Rapida,,Rettangolare - Articolata - Tonda - Tonda pivottante,620,,Rettangolare - Articolata - Tonda - Tonda pivottante,rettangolare,,Rettangolare - Articolata - Tonda - Tonda pivottante,standard,,Rettangolare - Articolata - Tonda - Tonda pivottante,2.065 ÷ 2.555,,Rettangolare - Articolata - Tonda - Tonda pivottante,1046338,,Rettangolare - Articolata - Tonda - Tonda pivottante,1046538,,Rettangolare - Articolata - Tonda - Tonda pivottante,2.565 ÷ 3.055,,Rettangolare - Articolata - Tonda - Tonda pivottante,1046348,,Rettangolare - Articolata - Tonda - Tonda pivottante,1046548,,Rettangolare - Articolata - Tonda - Tonda pivottante,3.065 ÷ 3.815,,Rettangolare - Articolata - Tonda - Tonda pivottante,1046358,,Rettangolare - Articolata - Tonda - Tonda pivottante,1046558,,Rettangolare - Articolata - Tonda - Tonda pivottante,620,,Rettangolare - Articolata - Tonda - Tonda pivottante,rettangolare,,Rettangolare - Articolata - Tonda - Tonda pivottante,con luci,,Rettangolare - Articolata - Tonda - Tonda pivottante,2.065 ÷ 2.555,,Rettangolare - Articolata - Tonda - Tonda pivottante,1046338,,Rettangolare - Articolata - Tonda - Tonda pivottante,1046538,,Rettangolare - Articolata - Tonda - Tonda pivottante,2.565 ÷ 3.055,,Rettangolare - Articolata - Tonda - Tonda pivottante,1046348,,Rettangolare - Articolata - Tonda - Tonda pivottante,1046548,,Rettangolare - Articolata - Tonda - Tonda pivottante,3.065 ÷ 3.665,,Rettangolare - Articolata - Tonda - Tonda pivottante,1046358,,Rettangolare - Articolata - Tonda - Tonda pivottante,1046558,,Rettangolare - Articolata - Tonda - Tonda pivottante,620,,Rettangolare - Articolata - Tonda - Tonda pivottante,tonda S,,Rettangolare - Articolata - Tonda - Tonda pivottante,2.310 ÷ 2.800,,Rettangolare - Articolata - Tonda - Tonda pivottante,1046338,,Rettangolare - Articolata - Tonda - Tonda pivottante,1046538,,Rettangolare - Articolata - Tonda - Tonda pivottante,2.810 ÷ 3.300,,Rettangolare - Articolata - Tonda - Tonda pivottante,1046348,,Rettangolare - Articolata - Tonda - Tonda pivottante,1046548,,Rettangolare - Articolata - Tonda - Tonda pivottante,620,,Rettangolare - Articolata - Tonda - Tonda pivottante,tonda pivottante,,Rettangolare - Articolata - Tonda - Tonda pivottante,2.250 ÷ 2.740,,Rettangolare - Articolata - Tonda - Tonda pivottante,1046338,,Rettangolare - Articolata - Tonda - Tonda pivottante,1046538,,Rettangolare - Articolata - Tonda - Tonda pivottante,2.750 ÷ 3.000,,Rettangolare - Articolata - Tonda - Tonda pivottante,1046348,,Rettangolare - Articolata - Tonda - Tonda pivottante,1046548,,Rettangolare - Articolata - Tonda - Tonda pivottante,,,,,,,,,,,,,,,,,,,,,,,,,,,,,,,,,,,,,,,,,,,,,,,,,,,,,,,,,,,,,,,,,,,,,,,,,,,,,,,,,,,,,,,,,,,,,,,,,,,,,,,,,,,,,,,,,,,,,,,,,,,,,,,,,,,,,,,,,,,,,,,,,,,,,,,,,,,,,,,,,,,,,,,,,,,,,,,,,,,,,,,,,,,,,,,,,,,,,,
620 Rapida,172-175,Temperatura ambiente di esercizio,Asta,,-20°C ÷ +55°C,Lunghezza asta (mm),,-20°C ÷ +55°C,Codice versione SX,,-20°C ÷ +55°C,Codice versione DX,,-20°C ÷ +55°C,620,,-20°C ÷ +55°C,Rapida,,-20°C ÷ +55°C,620,,-20°C ÷ +55°C,rettangolare,,-20°C ÷ +55°C,standard,,-20°C ÷ +55°C,2.065 ÷ 2.555,,-20°C ÷ +55°C,1046338,,-20°C ÷ +55°C,1046538,,-20°C ÷ +55°C,2.565 ÷ 3.055,,-20°C ÷ +55°C,1046348,,-20°C ÷ +55°C,1046548,,-20°C ÷ +55°C,3.065 ÷ 3.815,,-20°C ÷ +55°C,1046358,,-20°C ÷ +55°C,1046558,,-20°C ÷ +55°C,620,,-20°C ÷ +55°C,rettangolare,,-20°C ÷ +55°C,con luci,,-20°C ÷ +55°C,2.065 ÷ 2.555,,-20°C ÷ +55°C,1046338,,-20°C ÷ +55°C,1046538,,-20°C ÷ +55°C,2.565 ÷ 3.055,,-20°C ÷ +55°C,1046348,,-20°C ÷ +55°C,1046548,,-20°C ÷ +55°C,3.065 ÷ 3.665,,-20°C ÷ +55°C,1046358,,-20°C ÷ +55°C,1046558,,-20°C ÷ +55°C,620,,-20°C ÷ +55°C,tonda S,,-20°C ÷ +55°C,2.310 ÷ 2.800,,-20°C ÷ +55°C,1046338,,-20°C ÷ +55°C,1046538,,-20°C ÷ +55°C,2.810 ÷ 3.300,,-20°C ÷ +55°C,1046348,,-20°C ÷ +55°C,1046548,,-20°C ÷ +55°C,620,,-20°C ÷ +55°C,tonda pivottante,,-20°C ÷ +55°C,2.250 ÷ 2.740,,-20°C ÷ +55°C,1046338,,-20°C ÷ +55°C,1046538,,-20°C ÷ +55°C,2.750 ÷ 3.000,,-20°C ÷ +55°C,1046348,,-20°C ÷ +55°C,1046548,,-20°C ÷ +55°C,,,,,,,,,,,,,,,,,,,,,,,,,,,,,,,,,,,,,,,,,,,,,,,,,,,,,,,,,,,,,,,,,,,,,,,,,,,,,,,,,,,,,,,,,,,,,,,,,,,,,,,,,,,,,,,,,,,,,,,,,,,,,,,,,,,,,,,,,,,,,,,,,,,,,,,,,,,,,,,,,,,,,,,,,,,,,,,,,,,,,,,,,,,,,,,,,,,,,,
620 Rapida,172-175,Termoprotezione,Asta,,120°C,Lunghezza asta (mm),,Raffreddamento,Codice versione SX,,Ad aria forzata,Codice versione DX,,Ad aria forzata,620,,Ad aria forzata,Rapida,,Ad aria forzata,620,,Ad aria forzata,rettangolare,,Ad aria forzata,standard,,Ad aria forzata,2.065 ÷ 2.555,,Ad aria forzata,1046338,,Ad aria forzata,1046538,,Ad aria forzata,2.565 ÷ 3.055,,Ad aria forzata,1046348,,Ad aria forzata,1046548,,Ad aria forzata,3.065 ÷ 3.815,,Ad aria forzata,1046358,,Ad aria forzata,1046558,,Ad aria forzata,620,,Ad aria forzata,rettangolare,,Ad aria forzata,con luci,,Ad aria forzata,2.065 ÷ 2.555,,Ad aria forzata,1046338,,Ad aria forzata,1046538,,Ad aria forzata,2.565 ÷ 3.055,,Ad aria forzata,1046348,,Ad aria forzata,1046548,,Ad aria forzata,3.065 ÷ 3.665,,Ad aria forzata,1046358,,Ad aria forzata,1046558,,Ad aria forzata,620,,Ad aria forzata,tonda S,,Ad aria forzata,2.310 ÷ 2.800,,Ad aria forzata,1046338,,Ad aria forzata,1046538,,Ad aria forzata,2.810 ÷ 3.300,,Ad aria forzata,1046348,,Ad aria forzata,1046548,,Ad aria forzata,620,,Ad aria forzata,tonda pivottante,,Ad aria forzata,2.250 ÷ 2.740,,Ad aria forzata,1046338,,Ad aria forzata,1046538,,Ad aria forzata,2.750 ÷ 3.000,,Ad aria forzata,1046348,,Ad aria forzata,1046548,,Ad aria forzata,,,,,,,,,,,,,,,,,,,,,,,,,,,,,,,,,,,,,,,,,,,,,,,,,,,,,,,,,,,,,,,,,,,,,,,,,,,,,,,,,,,,,,,,,,,,,,,,,,,,,,,,,,,,,,,,,,,,,,,,,,,,,,,,,,,,,,,,,,,,,,,,,,,,,,,,,,,,,,,,,,,,,,,,,,,,,,,,,,,,,,,,,,,,,,,,,,,,,,
620 Rapida,172-175,Grado di protezione,Asta,,IP44,Lunghezza asta (mm),,IP44,Codice versione SX,,IP44,Codice versione DX,,IP44,620,,IP44,Rapida,,IP44,620,,IP44,rettangolare,,IP44,standard,,IP44,2.065 ÷ 2.555,,IP44,1046338,,IP44,1046538,,IP44,2.565 ÷ 3.055,,IP44,1046348,,IP44,1046548,,IP44,3.065 ÷ 3.815,,IP44,1046358,,IP44,1046558,,IP44,620,,IP44,rettangolare,,IP44,con luci,,IP44,2.065 ÷ 2.555,,IP44,1046338,,IP44,1046538,,IP44,2.565 ÷ 3.055,,IP44,1046348,,IP44,1046548,,IP44,3.065 ÷ 3.665,,IP44,1046358,,IP44,1046558,,IP44,620,,IP44,tonda S,,IP44,2.310 ÷ 2.800,,IP44,1046338,,IP44,1046538,,IP44,2.810 ÷ 3.300,,IP44,1046348,,IP44,1046548,,IP44,620,,IP44,tonda pivottante,,IP44,2.250 ÷ 2.740,,IP44,1046338,,IP44,1046538,,IP44,2.750 ÷ 3.000,,IP44,1046348,,IP44,1046548,,IP44,,,,,,,,,,,,,,,,,,,,,,,,,,,,,,,,,,,,,,,,,,,,,,,,,,,,,,,,,,,,,,,,,,,,,,,,,,,,,,,,,,,,,,,,,,,,,,,,,,,,,,,,,,,,,,,,,,,,,,,,,,,,,,,,,,,,,,,,,,,,,,,,,,,,,,,,,,,,,,,,,,,,,,,,,,,,,,,,,,,,,,,,,,,,,,,,,,,,,,
620 Rapida,172-175,Peso,Asta,,73 Kg,Lunghezza asta (mm),,73 Kg,Codice versione SX,,73 Kg,Codice versione DX,,73 Kg,620,,73 Kg,Rapida,,73 Kg,620,,73 Kg,rettangolare,,73 Kg,standard,,73 Kg,2.065 ÷ 2.555,,73 Kg,1046338,,73 Kg,1046538,,73 Kg,2.565 ÷ 3.055,,73 Kg,1046348,,73 Kg,1046548,,73 Kg,3.065 ÷ 3.815,,73 Kg,1046358,,73 Kg,1046558,,73 Kg,620,,73 Kg,rettangolare,,73 Kg,con luci,,73 Kg,2.065 ÷ 2.555,,73 Kg,1046338,,73 Kg,1046538,,73 Kg,2.565 ÷ 3.055,,73 Kg,1046348,,73 Kg,1046548,,73 Kg,3.065 ÷ 3.665,,73 Kg,1046358,,73 Kg,1046558,,73 Kg,620,,73 Kg,tonda S,,73 Kg,2.310 ÷ 2.800,,73 Kg,1046338,,73 Kg,1046538,,73 Kg,2.810 ÷ 3.300,,73 Kg,1046348,,73 Kg,1046548,,73 Kg,620,,73 Kg,tonda pivottante,,73 Kg,2.250 ÷ 2.740,,73 Kg,1046338,,73 Kg,1046538,,73 Kg,2.750 ÷ 3.000,,73 Kg,1046348,,73 Kg,1046548,,73 Kg,,,,,,,,,,,,,,,,,,,,,,,,,,,,,,,,,,,,,,,,,,,,,,,,,,,,,,,,,,,,,,,,,,,,,,,,,,,,,,,,,,,,,,,,,,,,,,,,,,,,,,,,,,,,,,,,,,,,,,,,,,,,,,,,,,,,,,,,,,,,,,,,,,,,,,,,,,,,,,,,,,,,,,,,,,,,,,,,,,,,,,,,,,,,,,,,,,,,,,
620 Rapida,172-175,Tipo di olio,Asta,,FAAC HP OIL,Lunghezza asta (mm),,FAAC HP OIL,Codice versione SX,,FAAC HP OIL,Codice versione DX,,FAAC HP OIL,620,,FAAC HP OIL,Rapida,,FAAC HP OIL,620,,FAAC HP OIL,rettangolare,,FAAC HP OIL,standard,,FAAC HP OIL,2.065 ÷ 2.555,,FAAC HP OIL,1046338,,FAAC HP OIL,1046538,,FAAC HP OIL,2.565 ÷ 3.055,,FAAC HP OIL,1046348,,FAAC HP OIL,1046548,,FAAC HP OIL,3.065 ÷ 3.815,,FAAC HP OIL,1046358,,FAAC HP OIL,1046558,,FAAC HP OIL,620,,FAAC HP OIL,rettangolare,,FAAC HP OIL,con luci,,FAAC HP OIL,2.065 ÷ 2.555,,FAAC HP OIL,1046338,,FAAC HP OIL,1046538,,FAAC HP OIL,2.565 ÷ 3.055,,FAAC HP OIL,1046348,,FAAC HP OIL,1046548,,FAAC HP OIL,3.065 ÷ 3.665,,FAAC HP OIL,1046358,,FAAC HP OIL,1046558,,FAAC HP OIL,620,,FAAC HP OIL,tonda S,,FAAC HP OIL,2.310 ÷ 2.800,,FAAC HP OIL,1046338,,FAAC HP OIL,1046538,,FAAC HP OIL,2.810 ÷ 3.300,,FAAC HP OIL,1046348,,FAAC HP OIL,1046548,,FAAC HP OIL,620,,FAAC HP OIL,tonda pivottante,,FAAC HP OIL,2.250 ÷ 2.740,,FAAC HP OIL,1046338,,FAAC HP OIL,1046538,,FAAC HP OIL,2.750 ÷ 3.000,,FAAC HP OIL,1046348,,FAAC HP OIL,1046548,,FAAC HP OIL,,,,,,,,,,,,,,,,,,,,,,,,,,,,,,,,,,,,,,,,,,,,,,,,,,,,,,,,,,,,,,,,,,,,,,,,,,,,,,,,,,,,,,,,,,,,,,,,,,,,,,,,,,,,,,,,,,,,,,,,,,,,,,,,,,,,,,,,,,,,,,,,,,,,,,,,,,,,,,,,,,,,,,,,,,,,,,,,,,,,,,,,,,,,,,,,,,,,,,
620 Rapida,172-175,Dimensioni (LxPxH),Asta,,350 x 170 x 1080 mm,Lunghezza asta (mm),,350 x 170 x 1080 mm,Codice versione SX,,350 x 170 x 1080 mm,Codice versione DX,,350 x 170 x 1080 mm,620,,350 x 170 x 1080 mm,Rapida,,350 x 170 x 1080 mm,620,,350 x 170 x 1080 mm,rettangolare,,350 x 170 x 1080 mm,standard,,350 x 170 x 1080 mm,2.065 ÷ 2.555,,350 x 170 x 1080 mm,1046338,,350 x 170 x 1080 mm,1046538,,350 x 170 x 1080 mm,2.565 ÷ 3.055,,350 x 170 x 1080 mm,1046348,,350 x 170 x 1080 mm,1046548,,350 x 170 x 1080 mm,3.065 ÷ 3.815,,350 x 170 x 1080 mm,1046358,,350 x 170 x 1080 mm,1046558,,350 x 170 x 1080 mm,620,,350 x 170 x 1080 mm,rettangolare,,350 x 170 x 1080 mm,con luci,,350 x 170 x 1080 mm,2.065 ÷ 2.555,,350 x 170 x 1080 mm,1046338,,350 x 170 x 1080 mm,1046538,,350 x 170 x 1080 mm,2.565 ÷ 3.055,,350 x 170 x 1080 mm,1046348,,350 x 170 x 1080 mm,1046548,,350 x 170 x 1080 mm,3.065 ÷ 3.665,,350 x 170 x 1080 mm,1046358,,350 x 170 x 1080 mm,1046558,,350 x 170 x 1080 mm,620,,350 x 170 x 1080 mm,tonda S,,350 x 170 x 1080 mm,2.310 ÷ 2.800,,350 x 170 x 1080 mm,1046338,,350 x 170 x 1080 mm,1046538,,350 x 170 x 1080 mm,2.810 ÷ 3.300,,350 x 170 x 1080 mm,1046348,,350 x 170 x 1080 mm,1046548,,350 x 170 x 1080 mm,620,,350 x 170 x 1080 mm,tonda pivottante,,350 x 170 x 1080 mm,2.250 ÷ 2.740,,350 x 170 x 1080 mm,1046338,,350 x 170 x 1080 mm,1046538,,350 x 170 x 1080 mm,2.750 ÷ 3.000,,350 x 170 x 1080 mm,1046348,,350 x 170 x 1080 mm,1046548,,350 x 170 x 1080 mm,,,,,,,,,,,,,,,,,,,,,,,,,,,,,,,,,,,,,,,,,,,,,,,,,,,,,,,,,,,,,,,,,,,,,,,,,,,,,,,,,,,,,,,,,,,,,,,,,,,,,,,,,,,,,,,,,,,,,,,,,,,,,,,,,,,,,,,,,,,,,,,,,,,,,,,,,,,,,,,,,,,,,,,,,,,,,,,,,,,,,,,,,,,,,,,,,,,,,,
620 Rapida,172-175,Lunghezza max asta,Asta,,"3,8 m",Lunghezza asta (mm),,"3,8 m",Codice versione SX,,"3,8 m",Codice versione DX,,"3,8 m",620,,"3,8 m",Rapida,,"3,8 m",620,,"3,8 m",rettangolare,,"3,8 m",standard,,"3,8 m",2.065 ÷ 2.555,,"3,8 m",1046338,,"3,8 m",1046538,,"3,8 m",2.565 ÷ 3.055,,"3,8 m",1046348,,"3,8 m",1046548,,"3,8 m",3.065 ÷ 3.815,,"3,8 m",1046358,,"3,8 m",1046558,,"3,8 m",620,,"3,8 m",rettangolare,,"3,8 m",con luci,,"3,8 m",2.065 ÷ 2.555,,"3,8 m",1046338,,"3,8 m",1046538,,"3,8 m",2.565 ÷ 3.055,,"3,8 m",1046348,,"3,8 m",1046548,,"3,8 m",3.065 ÷ 3.665,,"3,8 m",1046358,,"3,8 m",1046558,,"3,8 m",620,,"3,8 m",tonda S,,"3,8 m",2.310 ÷ 2.800,,"3,8 m",1046338,,"3,8 m",1046538,,"3,8 m",2.810 ÷ 3.300,,"3,8 m",1046348,,"3,8 m",1046548,,"3,8 m",620,,"3,8 m",tonda pivottante,,"3,8 m",2.250 ÷ 2.740,,"3,8 m",1046338,,"3,8 m",1046538,,"3,8 m",2.750 ÷ 3.000,,"3,8 m",1046348,,"3,8 m",1046548,,"3,8 m",,,,,,,,,,,,,,,,,,,,,,,,,,,,,,,,,,,,,,,,,,,,,,,,,,,,,,,,,,,,,,,,,,,,,,,,,,,,,,,,,,,,,,,,,,,,,,,,,,,,,,,,,,,,,,,,,,,,,,,,,,,,,,,,,,,,,,,,,,,,,,,,,,,,,,,,,,,,,,,,,,,,,,,,,,,,,,,,,,,,,,,,,,,,,,,,,,,,,,
620 Rapida,172-175,Tempo di apertura,Asta,,2 s (90° - 3 m) - 3 s (90° - 4 m),Lunghezza asta (mm),,2 s (90° - 3 m) - 3 s (90° - 4 m),Codice versione SX,,2 s (90° - 3 m) - 3 s (90° - 4 m),Codice versione DX,,2 s (90° - 3 m) - 3 s (90° - 4 m),620,,2 s (90° - 3 m) - 3 s (90° - 4 m),Rapida,,2 s (90° - 3 m) - 3 s (90° - 4 m),620,,2 s (90° - 3 m) - 3 s (90° - 4 m),rettangolare,,2 s (90° - 3 m) - 3 s (90° - 4 m),standard,,2 s (90° - 3 m) - 3 s (90° - 4 m),2.065 ÷ 2.555,,2 s (90° - 3 m) - 3 s (90° - 4 m),1046338,,2 s (90° - 3 m) - 3 s (90° - 4 m),1046538,,2 s (90° - 3 m) - 3 s (90° - 4 m),2.565 ÷ 3.055,,2 s (90° - 3 m) - 3 s (90° - 4 m),1046348,,2 s (90° - 3 m) - 3 s (90° - 4 m),1046548,,2 s (90° - 3 m) - 3 s (90° - 4 m),3.065 ÷ 3.815,,2 s (90° - 3 m) - 3 s (90° - 4 m),1046358,,2 s (90° - 3 m) - 3 s (90° - 4 m),1046558,,2 s (90° - 3 m) - 3 s (90° - 4 m),620,,2 s (90° - 3 m) - 3 s (90° - 4 m),rettangolare,,2 s (90° - 3 m) - 3 s (90° - 4 m),con luci,,2 s (90° - 3 m) - 3 s (90° - 4 m),2.065 ÷ 2.555,,2 s (90° - 3 m) - 3 s (90° - 4 m),1046338,,2 s (90° - 3 m) - 3 s (90° - 4 m),1046538,,2 s (90° - 3 m) - 3 s (90° - 4 m),2.565 ÷ 3.055,,2 s (90° - 3 m) - 3 s (90° - 4 m),1046348,,2 s (90° - 3 m) - 3 s (90° - 4 m),1046548,,2 s (90° - 3 m) - 3 s (90° - 4 m),3.065 ÷ 3.665,,2 s (90° - 3 m) - 3 s (90° - 4 m),1046358,,2 s (90° - 3 m) - 3 s (90° - 4 m),1046558,,2 s (90° - 3 m) - 3 s (90° - 4 m),620,,2 s (90° - 3 m) - 3 s (90° - 4 m),tonda S,,2 s (90° - 3 m) - 3 s (90° - 4 m),2.310 ÷ 2.800,,2 s (90° - 3 m) - 3 s (90° - 4 m),1046338,,2 s (90° - 3 m) - 3 s (90° - 4 m),1046538,,2 s (90° - 3 m) - 3 s (90° - 4 m),2.810 ÷ 3.300,,2 s (90° - 3 m) - 3 s (90° - 4 m),1046348,,2 s (90° - 3 m) - 3 s (90° - 4 m),1046548,,2 s (90° - 3 m) - 3 s (90° - 4 m),620,,2 s (90° - 3 m) - 3 s (90° - 4 m),tonda pivottante,,2 s (90° - 3 m) - 3 s (90° - 4 m),2.250 ÷ 2.740,,2 s (90° - 3 m) - 3 s (90° - 4 m),1046338,,2 s (90° - 3 m) - 3 s (90° - 4 m),1046538,,2 s (90° - 3 m) - 3 s (90° - 4 m),2.750 ÷ 3.000,,2 s (90° - 3 m) - 3 s (90° - 4 m),1046348,,2 s (90° - 3 m) - 3 s (90° - 4 m),1046548,,2 s (90° - 3 m) - 3 s (90° - 4 m),,,,,,,,,,,,,,,,,,,,,,,,,,,,,,,,,,,,,,,,,,,,,,,,,,,,,,,,,,,,,,,,,,,,,,,,,,,,,,,,,,,,,,,,,,,,,,,,,,,,,,,,,,,,,,,,,,,,,,,,,,,,,,,,,,,,,,,,,,,,,,,,,,,,,,,,,,,,,,,,,,,,,,,,,,,,,,,,,,,,,,,,,,,,,,,,,,,,,,
620 Rapida,172-175,Frequenza di utilizzo,Asta,,100%,Lunghezza asta (mm),,100%,Codice versione SX,,100%,Codice versione DX,,100%,620,,100%,Rapida,,100%,620,,100%,rettangolare,,100%,standard,,100%,2.065 ÷ 2.555,,100%,1046338,,100%,1046538,,100%,2.565 ÷ 3.055,,100%,1046348,,100%,1046548,,100%,3.065 ÷ 3.815,,100%,1046358,,100%,1046558,,100%,620,,100%,rettangolare,,100%,con luci,,100%,2.065 ÷ 2.555,,100%,1046338,,100%,1046538,,100%,2.565 ÷ 3.055,,100%,1046348,,100%,1046548,,100%,3.065 ÷ 3.665,,100%,1046358,,100%,1046558,,100%,620,,100%,tonda S,,100%,2.310 ÷ 2.800,,100%,1046338,,100%,1046538,,100%,2.810 ÷ 3.300,,100%,1046348,,100%,1046548,,100%,620,,100%,tonda pivottante,,100%,2.250 ÷ 2.740,,100%,1046338,,100%,1046538,,100%,2.750 ÷ 3.000,,100%,1046348,,100%,1046548,,100%,,,,,,,,,,,,,,,,,,,,,,,,,,,,,,,,,,,,,,,,,,,,,,,,,,,,,,,,,,,,,,,,,,,,,,,,,,,,,,,,,,,,,,,,,,,,,,,,,,,,,,,,,,,,,,,,,,,,,,,,,,,,,,,,,,,,,,,,,,,,,,,,,,,,,,,,,,,,,,,,,,,,,,,,,,,,,,,,,,,,,,,,,,,,,,,,,,,,,,
620 Rapida,172-175,Apparecchiatura elettronica,Asta,,624BLD incorporata,Lunghezza asta (mm),,TABELLA CODICI DI ORDINAZIONE BARRIERA,Codice versione SX,,Aste rettangolari e accessori specifici,Codice versione DX,,Aste tonde pivottanti e accessori specifici,620,,Aste tonde pivottanti e accessori specifici,Rapida,,Aste tonde pivottanti e accessori specifici,620,,Aste tonde pivottanti e accessori specifici,rettangolare,,Aste tonde pivottanti e accessori specifici,standard,,Aste tonde pivottanti e accessori specifici,2.065 ÷ 2.555,,Aste tonde pivottanti e accessori specifici,1046338,,Aste tonde pivottanti e accessori specifici,1046538,,Aste tonde pivottanti e accessori specifici,2.565 ÷ 3.055,,Aste tonde pivottanti e accessori specifici,1046348,,Aste tonde pivottanti e accessori specifici,1046548,,Aste tonde pivottanti e accessori specifici,3.065 ÷ 3.815,,Aste tonde pivottanti e accessori specifici,1046358,,Aste tonde pivottanti e accessori specifici,1046558,,Aste tonde pivottanti e accessori specifici,620,,Aste tonde pivottanti e accessori specifici,rettangolare,,Aste tonde pivottanti e accessori specifici,con luci,,Aste tonde pivottanti e accessori specifici,2.065 ÷ 2.555,,Aste tonde pivottanti e accessori specifici,1046338,,Aste tonde pivottanti e accessori specifici,1046538,,Aste tonde pivottanti e accessori specifici,2.565 ÷ 3.055,,Aste tonde pivottanti e accessori specifici,1046348,,Aste tonde pivottanti e accessori specifici,1046548,,Aste tonde pivottanti e accessori specifici,3.065 ÷ 3.665,,Aste tonde pivottanti e accessori specifici,1046358,,Aste tonde pivottanti e accessori specifici,1046558,,Aste tonde pivottanti e accessori specifici,620,,Aste tonde pivottanti e accessori specifici,tonda S,,Aste tonde pivottanti e accessori specifici,2.310 ÷ 2.800,,Aste tonde pivottanti e accessori specifici,1046338,,Aste tonde pivottanti e accessori specifici,1046538,,Aste tonde pivottanti e accessori specifici,2.810 ÷ 3.300,,Aste tonde pivottanti e accessori specifici,1046348,,Aste tonde pivottanti e accessori specifici,1046548,,Aste tonde pivottanti e accessori specifici,620,,Aste tonde pivottanti e accessori specifici,tonda pivottante,,Aste tonde pivottanti e accessori specifici,2.250 ÷ 2.740,,Aste tonde pivottanti e accessori specifici,1046338,,Aste tonde pivottanti e accessori specifici,1046538,,Aste tonde pivottanti e accessori specifici,2.750 ÷ 3.000,,Aste tonde pivottanti e accessori specifici,1046348,,Aste tonde pivottanti e accessori specifici,1046548,,Aste tonde pivottanti e accessori specifici,,,,,,,,,,,,,,,,,,,,,,,,,,,,,,,,,,,,,,,,,,,,,,,,,,,,,,,,,,,,,,,,,,,,,,,,,,,,,,,,,,,,,,,,,,,,,,,,,,,,,,,,,,,,,,,,,,,,,,,,,,,,,,,,,,,,,,,,,,,,,,,,,,,,,,,,,,,,,,,,,,,,,,,,,,,,,,,,,,,,,,,,,,,,,,,,,,,,,,
B680H,176-179,Tensione di alimentazione di rete,B680H,104680,Switching: 100 ÷ 240V~ 50/60 Hz,,,,,,,,,,,,,,,,,,,,,,,,,,,,,,,,,,,,,,,,,,,,,,,,,,,,,,,,,,,,,,,,,,,,,,,,,,,,,,,,,,,,,,,,,,,,,,,,,,,,,,,,,,,,,,,,,,,,,,,,,,,,,,,,,,,,,,,,,,,,,,,,,,,,,,,,,,,,,,,,,,,,,,,,,,,,,,,,,,,,,,,,,,,,,,,,,,,,,,,,,,,,,,,,,,,,,,,,,,,,,,,,,,,,,,,,,,,,,,,,,,,,,,,,,,,,,,,,,,,,,,,,,,,,,,,,,,,,,,,,,,,,,,,,,,,,,,,,,,,,,,,,,,,,,,,,,,,,,,,,,,,,,,,,,,,,,
B680H,176-179,Motore elettrico,B680H,104680,Brushless 36V,,,,,,,,,,,,,,,,,,,,,,,,,,,,,,,,,,,,,,,,,,,,,,,,,,,,,,,,,,,,,,,,,,,,,,,,,,,,,,,,,,,,,,,,,,,,,,,,,,,,,,,,,,,,,,,,,,,,,,,,,,,,,,,,,,,,,,,,,,,,,,,,,,,,,,,,,,,,,,,,,,,,,,,,,,,,,,,,,,,,,,,,,,,,,,,,,,,,,,,,,,,,,,,,,,,,,,,,,,,,,,,,,,,,,,,,,,,,,,,,,,,,,,,,,,,,,,,,,,,,,,,,,,,,,,,,,,,,,,,,,,,,,,,,,,,,,,,,,,,,,,,,,,,,,,,,,,,,,,,,,,,,,,,,,,,,,
B680H,176-179,Velocità di rotazione motore,B680H,104680,1.000 ÷ 6.000 rpm,,,,,,,,,,,,,,,,,,,,,,,,,,,,,,,,,,,,,,,,,,,,,,,,,,,,,,,,,,,,,,,,,,,,,,,,,,,,,,,,,,,,,,,,,,,,,,,,,,,,,,,,,,,,,,,,,,,,,,,,,,,,,,,,,,,,,,,,,,,,,,,,,,,,,,,,,,,,,,,,,,,,,,,,,,,,,,,,,,,,,,,,,,,,,,,,,,,,,,,,,,,,,,,,,,,,,,,,,,,,,,,,,,,,,,,,,,,,,,,,,,,,,,,,,,,,,,,,,,,,,,,,,,,,,,,,,,,,,,,,,,,,,,,,,,,,,,,,,,,,,,,,,,,,,,,,,,,,,,,,,,,,,,,,,,,,,
B680H,176-179,Potenza max,B680H,104680,240 W,,,,,,,,,,,,,,,,,,,,,,,,,,,,,,,,,,,,,,,,,,,,,,,,,,,,,,,,,,,,,,,,,,,,,,,,,,,,,,,,,,,,,,,,,,,,,,,,,,,,,,,,,,,,,,,,,,,,,,,,,,,,,,,,,,,,,,,,,,,,,,,,,,,,,,,,,,,,,,,,,,,,,,,,,,,,,,,,,,,,,,,,,,,,,,,,,,,,,,,,,,,,,,,,,,,,,,,,,,,,,,,,,,,,,,,,,,,,,,,,,,,,,,,,,,,,,,,,,,,,,,,,,,,,,,,,,,,,,,,,,,,,,,,,,,,,,,,,,,,,,,,,,,,,,,,,,,,,,,,,,,,,,,,,,,,,,
B680H,176-179,Portata gruppo motore-pompa,B680H,104680,"3,2 lpm",,,,,,,,,,,,,,,,,,,,,,,,,,,,,,,,,,,,,,,,,,,,,,,,,,,,,,,,,,,,,,,,,,,,,,,,,,,,,,,,,,,,,,,,,,,,,,,,,,,,,,,,,,,,,,,,,,,,,,,,,,,,,,,,,,,,,,,,,,,,,,,,,,,,,,,,,,,,,,,,,,,,,,,,,,,,,,,,,,,,,,,,,,,,,,,,,,,,,,,,,,,,,,,,,,,,,,,,,,,,,,,,,,,,,,,,,,,,,,,,,,,,,,,,,,,,,,,,,,,,,,,,,,,,,,,,,,,,,,,,,,,,,,,,,,,,,,,,,,,,,,,,,,,,,,,,,,,,,,,,,,,,,,,,,,,,,
B680H,176-179,Tipo di asta,B680H,104680,Tonda,,,,,,,,,,,,,,,,,,,,,,,,,,,,,,,,,,,,,,,,,,,,,,,,,,,,,,,,,,,,,,,,,,,,,,,,,,,,,,,,,,,,,,,,,,,,,,,,,,,,,,,,,,,,,,,,,,,,,,,,,,,,,,,,,,,,,,,,,,,,,,,,,,,,,,,,,,,,,,,,,,,,,,,,,,,,,,,,,,,,,,,,,,,,,,,,,,,,,,,,,,,,,,,,,,,,,,,,,,,,,,,,,,,,,,,,,,,,,,,,,,,,,,,,,,,,,,,,,,,,,,,,,,,,,,,,,,,,,,,,,,,,,,,,,,,,,,,,,,,,,,,,,,,,,,,,,,,,,,,,,,,,,,,,,,,,,
B680H,176-179,Temperatura ambiente di esercizio,B680H,104680,-20°C ÷ +65°C,,,,,,,,,,,,,,,,,,,,,,,,,,,,,,,,,,,,,,,,,,,,,,,,,,,,,,,,,,,,,,,,,,,,,,,,,,,,,,,,,,,,,,,,,,,,,,,,,,,,,,,,,,,,,,,,,,,,,,,,,,,,,,,,,,,,,,,,,,,,,,,,,,,,,,,,,,,,,,,,,,,,,,,,,,,,,,,,,,,,,,,,,,,,,,,,,,,,,,,,,,,,,,,,,,,,,,,,,,,,,,,,,,,,,,,,,,,,,,,,,,,,,,,,,,,,,,,,,,,,,,,,,,,,,,,,,,,,,,,,,,,,,,,,,,,,,,,,,,,,,,,,,,,,,,,,,,,,,,,,,,,,,,,,,,,,,
B680H,176-179,Grado di protezione,B680H,104680,IP56 (attestato TÜV),,,,,,,,,,,,,,,,,,,,,,,,,,,,,,,,,,,,,,,,,,,,,,,,,,,,,,,,,,,,,,,,,,,,,,,,,,,,,,,,,,,,,,,,,,,,,,,,,,,,,,,,,,,,,,,,,,,,,,,,,,,,,,,,,,,,,,,,,,,,,,,,,,,,,,,,,,,,,,,,,,,,,,,,,,,,,,,,,,,,,,,,,,,,,,,,,,,,,,,,,,,,,,,,,,,,,,,,,,,,,,,,,,,,,,,,,,,,,,,,,,,,,,,,,,,,,,,,,,,,,,,,,,,,,,,,,,,,,,,,,,,,,,,,,,,,,,,,,,,,,,,,,,,,,,,,,,,,,,,,,,,,,,,,,,,,,
B680H,176-179,Peso,B680H,104680,85 Kg (65 Kg montante + 20 Kg cofano),,,,,,,,,,,,,,,,,,,,,,,,,,,,,,,,,,,,,,,,,,,,,,,,,,,,,,,,,,,,,,,,,,,,,,,,,,,,,,,,,,,,,,,,,,,,,,,,,,,,,,,,,,,,,,,,,,,,,,,,,,,,,,,,,,,,,,,,,,,,,,,,,,,,,,,,,,,,,,,,,,,,,,,,,,,,,,,,,,,,,,,,,,,,,,,,,,,,,,,,,,,,,,,,,,,,,,,,,,,,,,,,,,,,,,,,,,,,,,,,,,,,,,,,,,,,,,,,,,,,,,,,,,,,,,,,,,,,,,,,,,,,,,,,,,,,,,,,,,,,,,,,,,,,,,,,,,,,,,,,,,,,,,,,,,,,,
B680H,176-179,Tipo di olio,B680H,104680,FAAC HP OIL,,,,,,,,,,,,,,,,,,,,,,,,,,,,,,,,,,,,,,,,,,,,,,,,,,,,,,,,,,,,,,,,,,,,,,,,,,,,,,,,,,,,,,,,,,,,,,,,,,,,,,,,,,,,,,,,,,,,,,,,,,,,,,,,,,,,,,,,,,,,,,,,,,,,,,,,,,,,,,,,,,,,,,,,,,,,,,,,,,,,,,,,,,,,,,,,,,,,,,,,,,,,,,,,,,,,,,,,,,,,,,,,,,,,,,,,,,,,,,,,,,,,,,,,,,,,,,,,,,,,,,,,,,,,,,,,,,,,,,,,,,,,,,,,,,,,,,,,,,,,,,,,,,,,,,,,,,,,,,,,,,,,,,,,,,,,,
B680H,176-179,Dimensioni (LxPxH),B680H,104680,469 x 279 x 1100 mm,,,,,,,,,,,,,,,,,,,,,,,,,,,,,,,,,,,,,,,,,,,,,,,,,,,,,,,,,,,,,,,,,,,,,,,,,,,,,,,,,,,,,,,,,,,,,,,,,,,,,,,,,,,,,,,,,,,,,,,,,,,,,,,,,,,,,,,,,,,,,,,,,,,,,,,,,,,,,,,,,,,,,,,,,,,,,,,,,,,,,,,,,,,,,,,,,,,,,,,,,,,,,,,,,,,,,,,,,,,,,,,,,,,,,,,,,,,,,,,,,,,,,,,,,,,,,,,,,,,,,,,,,,,,,,,,,,,,,,,,,,,,,,,,,,,,,,,,,,,,,,,,,,,,,,,,,,,,,,,,,,,,,,,,,,,,,
B680H,176-179,Lunghezza max asta,B680H,104680,2 ÷ 8 m,,,,,,,,,,,,,,,,,,,,,,,,,,,,,,,,,,,,,,,,,,,,,,,,,,,,,,,,,,,,,,,,,,,,,,,,,,,,,,,,,,,,,,,,,,,,,,,,,,,,,,,,,,,,,,,,,,,,,,,,,,,,,,,,,,,,,,,,,,,,,,,,,,,,,,,,,,,,,,,,,,,,,,,,,,,,,,,,,,,,,,,,,,,,,,,,,,,,,,,,,,,,,,,,,,,,,,,,,,,,,,,,,,,,,,,,,,,,,,,,,,,,,,,,,,,,,,,,,,,,,,,,,,,,,,,,,,,,,,,,,,,,,,,,,,,,,,,,,,,,,,,,,,,,,,,,,,,,,,,,,,,,,,,,,,,,,
B680H,176-179,Tempo di apertura,B680H,104680,"1,5 s (90° - 2m) - 6 s (90° - 8m)",,,,,,,,,,,,,,,,,,,,,,,,,,,,,,,,,,,,,,,,,,,,,,,,,,,,,,,,,,,,,,,,,,,,,,,,,,,,,,,,,,,,,,,,,,,,,,,,,,,,,,,,,,,,,,,,,,,,,,,,,,,,,,,,,,,,,,,,,,,,,,,,,,,,,,,,,,,,,,,,,,,,,,,,,,,,,,,,,,,,,,,,,,,,,,,,,,,,,,,,,,,,,,,,,,,,,,,,,,,,,,,,,,,,,,,,,,,,,,,,,,,,,,,,,,,,,,,,,,,,,,,,,,,,,,,,,,,,,,,,,,,,,,,,,,,,,,,,,,,,,,,,,,,,,,,,,,,,,,,,,,,,,,,,,,,,,
B680H,176-179,Frequenza di utilizzo,B680H,104680,100%,,,,,,,,,,,,,,,,,,,,,,,,,,,,,,,,,,,,,,,,,,,,,,,,,,,,,,,,,,,,,,,,,,,,,,,,,,,,,,,,,,,,,,,,,,,,,,,,,,,,,,,,,,,,,,,,,,,,,,,,,,,,,,,,,,,,,,,,,,,,,,,,,,,,,,,,,,,,,,,,,,,,,,,,,,,,,,,,,,,,,,,,,,,,,,,,,,,,,,,,,,,,,,,,,,,,,,,,,,,,,,,,,,,,,,,,,,,,,,,,,,,,,,,,,,,,,,,,,,,,,,,,,,,,,,,,,,,,,,,,,,,,,,,,,,,,,,,,,,,,,,,,,,,,,,,,,,,,,,,,,,,,,,,,,,,,,
B680H,176-179,Apparecchiatura elettronica,B680H,104680,E680,,,,,,,,,,,,,,,,,,,,,,,,,,,,,,,,,,,,,,,,,,,,,,,,,,,,,,,,,,,,,,,,,,,,,,,,,,,,,,,,,,,,,,,,,,,,,,,,,,,,,,,,,,,,,,,,,,,,,,,,,,,,,,,,,,,,,,,,,,,,,,,,,,,,,,,,,,,,,,,,,,,,,,,,,,,,,,,,,,,,,,,,,,,,,,,,,,,,,,,,,,,,,,,,,,,,,,,,,,,,,,,,,,,,,,,,,,,,,,,,,,,,,,,,,,,,,,,,,,,,,,,,,,,,,,,,,,,,,,,,,,,,,,,,,,,,,,,,,,,,,,,,,,,,,,,,,,,,,,,,,,,,,,,,,,,,,
Contenitori,187,Grado di protezione,Contenitore Mod. L,,IP55,,,,,,,,,,,,,,,,,,,,,,,,,,,,,,,,,,,,,,,,,,,,,,,,,,,,,,,,,,,,,,,,,,,,,,,,,,,,,,,,,,,,,,,,,,,,,,,,,,,,,,,,,,,,,,,,,,,,,,,,,,,,,,,,,,,,,,,,,,,,,,,,,,,,,,,,,,,,,,,,,,,,,,,,,,,,,,,,,,,,,,,,,,,,,,,,,,,,,,,,,,,,,,,,,,,,,,,,,,,,,,,,,,,,,,,,,,,,,,,,,,,,,,,,,,,,,,,,,,,,,,,,,,,,,,,,,,,,,,,,,,,,,,,,,,,,,,,,,,,,,,,,,,,,,,,,,,,,,,,,,,,,,,,,,,,,,
Contenitori,187,Dimensioni (LxPxH),Contenitore Mod. L,,246 x 142 x 353 mm,,,,,,,,,,,,,,,,,,,,,,,,,,,,,,,,,,,,,,,,,,,,,,,,,,,,,,,,,,,,,,,,,,,,,,,,,,,,,,,,,,,,,,,,,,,,,,,,,,,,,,,,,,,,,,,,,,,,,,,,,,,,,,,,,,,,,,,,,,,,,,,,,,,,,,,,,,,,,,,,,,,,,,,,,,,,,,,,,,,,,,,,,,,,,,,,,,,,,,,,,,,,,,,,,,,,,,,,,,,,,,,,,,,,,,,,,,,,,,,,,,,,,,,,,,,,,,,,,,,,,,,,,,,,,,,,,,,,,,,,,,,,,,,,,,,,,,,,,,,,,,,,,,,,,,,,,,,,,,,,,,,,,,,,,,,,,
Dispositivi Simply Connect,196,Tensione di alimentazione,XRS485,,5VDC,,,,,,,,,,,,,,,,,,,,,,,,,,,,,,,,,,,,,,,,,,,,,,,,,,,,,,,,,,,,,,,,,,,,,,,,,,,,,,,,,,,,,,,,,,,,,,,,,,,,,,,,,,,,,,,,,,,,,,,,,,,,,,,,,,,,,,,,,,,,,,,,,,,,,,,,,,,,,,,,,,,,,,,,,,,,,,,,,,,,,,,,,,,,,,,,,,,,,,,,,,,,,,,,,,,,,,,,,,,,,,,,,,,,,,,,,,,,,,,,,,,,,,,,,,,,,,,,,,,,,,,,,,,,,,,,,,,,,,,,,,,,,,,,,,,,,,,,,,,,,,,,,,,,,,,,,,,,,,,,,,,,,,,,,,,,,
Dispositivi Simply Connect,196,Temperatura di esercizio,XRS485,,-20°C ÷ +55°C,,,,,,,,,,,,,,,,,,,,,,,,,,,,,,,,,,,,,,,,,,,,,,,,,,,,,,,,,,,,,,,,,,,,,,,,,,,,,,,,,,,,,,,,,,,,,,,,,,,,,,,,,,,,,,,,,,,,,,,,,,,,,,,,,,,,,,,,,,,,,,,,,,,,,,,,,,,,,,,,,,,,,,,,,,,,,,,,,,,,,,,,,,,,,,,,,,,,,,,,,,,,,,,,,,,,,,,,,,,,,,,,,,,,,,,,,,,,,,,,,,,,,,,,,,,,,,,,,,,,,,,,,,,,,,,,,,,,,,,,,,,,,,,,,,,,,,,,,,,,,,,,,,,,,,,,,,,,,,,,,,,,,,,,,,,,,
Dispositivi Simply Connect,196,Grado di protezione,XRS485,,IP20,,,,,,,,,,,,,,,,,,,,,,,,,,,,,,,,,,,,,,,,,,,,,,,,,,,,,,,,,,,,,,,,,,,,,,,,,,,,,,,,,,,,,,,,,,,,,,,,,,,,,,,,,,,,,,,,,,,,,,,,,,,,,,,,,,,,,,,,,,,,,,,,,,,,,,,,,,,,,,,,,,,,,,,,,,,,,,,,,,,,,,,,,,,,,,,,,,,,,,,,,,,,,,,,,,,,,,,,,,,,,,,,,,,,,,,,,,,,,,,,,,,,,,,,,,,,,,,,,,,,,,,,,,,,,,,,,,,,,,,,,,,,,,,,,,,,,,,,,,,,,,,,,,,,,,,,,,,,,,,,,,,,,,,,,,,,,
Applicazioni Simply Connect,197-199,Tensione di alimentazione,XRS485,,5VDC,,,,,,,,,,,,,,,,,,,,,,,,,,,,,,,,,,,,,,,,,,,,,,,,,,,,,,,,,,,,,,,,,,,,,,,,,,,,,,,,,,,,,,,,,,,,,,,,,,,,,,,,,,,,,,,,,,,,,,,,,,,,,,,,,,,,,,,,,,,,,,,,,,,,,,,,,,,,,,,,,,,,,,,,,,,,,,,,,,,,,,,,,,,,,,,,,,,,,,,,,,,,,,,,,,,,,,,,,,,,,,,,,,,,,,,,,,,,,,,,,,,,,,,,,,,,,,,,,,,,,,,,,,,,,,,,,,,,,,,,,,,,,,,,,,,,,,,,,,,,,,,,,,,,,,,,,,,,,,,,,,,,,,,,,,,,,
Applicazioni Simply Connect,197-199,Temperatura di esercizio,XRS485,,-20°C ÷ +55°C,,,,,,,,,,,,,,,,,,,,,,,,,,,,,,,,,,,,,,,,,,,,,,,,,,,,,,,,,,,,,,,,,,,,,,,,,,,,,,,,,,,,,,,,,,,,,,,,,,,,,,,,,,,,,,,,,,,,,,,,,,,,,,,,,,,,,,,,,,,,,,,,,,,,,,,,,,,,,,,,,,,,,,,,,,,,,,,,,,,,,,,,,,,,,,,,,,,,,,,,,,,,,,,,,,,,,,,,,,,,,,,,,,,,,,,,,,,,,,,,,,,,,,,,,,,,,,,,,,,,,,,,,,,,,,,,,,,,,,,,,,,,,,,,,,,,,,,,,,,,,,,,,,,,,,,,,,,,,,,,,,,,,,,,,,,,,
Applicazioni Simply Connect,197-199,Grado di protezione,XRS485,,IP20,,,,,,,,,,,,,,,,,,,,,,,,,,,,,,,,,,,,,,,,,,,,,,,,,,,,,,,,,,,,,,,,,,,,,,,,,,,,,,,,,,,,,,,,,,,,,,,,,,,,,,,,,,,,,,,,,,,,,,,,,,,,,,,,,,,,,,,,,,,,,,,,,,,,,,,,,,,,,,,,,,,,,,,,,,,,,,,,,,,,,,,,,,,,,,,,,,,,,,,,,,,,,,,,,,,,,,,,,,,,,,,,,,,,,,,,,,,,,,,,,,,,,,,,,,,,,,,,,,,,,,,,,,,,,,,,,,,,,,,,,,,,,,,,,,,,,,,,,,,,,,,,,,,,,,,,,,,,,,,,,,,,,,,,,,,,,
Sistema 433-868MHz FDS,200-201,Tensione di alimentazione,Decodifica,,12 ÷ 24 V~ - 12 ÷ 24 V~,Descrizione,,12 ÷ 24 V~ - 12 ÷ 24 V~,Colore,,12 ÷ 24 V~ - 12 ÷ 24 V~,,,,,,,,,,,,,,,,,,,,,,,,,,,,,,,,,,,,,,,,,,,,,,,,,,,,,,,,,,,,,,,,,,,,,,,,,,,,,,,,,,,,,,,,,,,,,,,,,,,,,,,,,,,,,,,,,,,,,,,,,,,,,,,,,,,,,,,,,,,,,,,,,,,,,,,,,,,,,,,,,,,,,,,,,,,,,,,,,,,,,,,,,,,,,,,,,,,,,,,,,,,,,,,,,,,,,,,,,,,,,,,,,,,,,,,,,,,,,,,,,,,,,,,,,,,,,,,,,,,,,,,,,,,,,,,,,,,,,,,,,,,,,,,,,,,,,,,,,,,,,,,,,,,,,,,,,,,,,,,,,,,,,,,
Sistema 433-868MHz FDS,200-201,Frequenza di ricezione,Decodifica,,433.92 Mhz - 868.35 Mhz,Descrizione,,Corrente assorbita,Colore,,100 mA,,,,,,,,,,,,,,,,,,,,,,,,,,,,,,,,,,,,,,,,,,,,,,,,,,,,,,,,,,,,,,,,,,,,,,,,,,,,,,,,,,,,,,,,,,,,,,,,,,,,,,,,,,,,,,,,,,,,,,,,,,,,,,,,,,,,,,,,,,,,,,,,,,,,,,,,,,,,,,,,,,,,,,,,,,,,,,,,,,,,,,,,,,,,,,,,,,,,,,,,,,,,,,,,,,,,,,,,,,,,,,,,,,,,,,,,,,,,,,,,,,,,,,,,,,,,,,,,,,,,,,,,,,,,,,,,,,,,,,,,,,,,,,,,,,,,,,,,,,,,,,,,,,,,,,,,,,,,,,,,,,,,,,,
Sistema 433-868MHz FDS,200-201,Memoria codici radio,Decodifica,,248,Descrizione,,248 CH 1-2 / 248 CH 3-4,Colore,,Numero canali,,,,,,,,,,,,,,,,,,,,,,,,,,,,,,,,,,,,,,,,,,,,,,,,,,,,,,,,,,,,,,,,,,,,,,,,,,,,,,,,,,,,,,,,,,,,,,,,,,,,,,,,,,,,,,,,,,,,,,,,,,,,,,,,,,,,,,,,,,,,,,,,,,,,,,,,,,,,,,,,,,,,,,,,,,,,,,,,,,,,,,,,,,,,,,,,,,,,,,,,,,,,,,,,,,,,,,,,,,,,,,,,,,,,,,,,,,,,,,,,,,,,,,,,,,,,,,,,,,,,,,,,,,,,,,,,,,,,,,,,,,,,,,,,,,,,,,,,,,,,,,,,,,,,,,,,,,,,,,,,,,,,,,,
Sistema 433-868MHz FDS,200-201,Portata contatti,Decodifica,,"0,5 A / 120 VA",Descrizione,,"0,5 A / 120 VA",Colore,,"0,5 A / 120 VA",,,,,,,,,,,,,,,,,,,,,,,,,,,,,,,,,,,,,,,,,,,,,,,,,,,,,,,,,,,,,,,,,,,,,,,,,,,,,,,,,,,,,,,,,,,,,,,,,,,,,,,,,,,,,,,,,,,,,,,,,,,,,,,,,,,,,,,,,,,,,,,,,,,,,,,,,,,,,,,,,,,,,,,,,,,,,,,,,,,,,,,,,,,,,,,,,,,,,,,,,,,,,,,,,,,,,,,,,,,,,,,,,,,,,,,,,,,,,,,,,,,,,,,,,,,,,,,,,,,,,,,,,,,,,,,,,,,,,,,,,,,,,,,,,,,,,,,,,,,,,,,,,,,,,,,,,,,,,,,,,,,,,,,
Sistema 433-868MHz FDS,200-201,Grado di protezione,Decodifica,,IP 44,Descrizione,,IP 44,Colore,,IP 44,,,,,,,,,,,,,,,,,,,,,,,,,,,,,,,,,,,,,,,,,,,,,,,,,,,,,,,,,,,,,,,,,,,,,,,,,,,,,,,,,,,,,,,,,,,,,,,,,,,,,,,,,,,,,,,,,,,,,,,,,,,,,,,,,,,,,,,,,,,,,,,,,,,,,,,,,,,,,,,,,,,,,,,,,,,,,,,,,,,,,,,,,,,,,,,,,,,,,,,,,,,,,,,,,,,,,,,,,,,,,,,,,,,,,,,,,,,,,,,,,,,,,,,,,,,,,,,,,,,,,,,,,,,,,,,,,,,,,,,,,,,,,,,,,,,,,,,,,,,,,,,,,,,,,,,,,,,,,,,,,,,,,,,
Sistema 433-868MHz FDS,200-201,Temperatura ambiente di esercizio,Decodifica,,-20° C ÷ +55 ° C,Descrizione,,-20° C ÷ +55 ° C,Colore,,-20° C ÷ +55 ° C,,,,,,,,,,,,,,,,,,,,,,,,,,,,,,,,,,,,,,,,,,,,,,,,,,,,,,,,,,,,,,,,,,,,,,,,,,,,,,,,,,,,,,,,,,,,,,,,,,,,,,,,,,,,,,,,,,,,,,,,,,,,,,,,,,,,,,,,,,,,,,,,,,,,,,,,,,,,,,,,,,,,,,,,,,,,,,,,,,,,,,,,,,,,,,,,,,,,,,,,,,,,,,,,,,,,,,,,,,,,,,,,,,,,,,,,,,,,,,,,,,,,,,,,,,,,,,,,,,,,,,,,,,,,,,,,,,,,,,,,,,,,,,,,,,,,,,,,,,,,,,,,,,,,,,,,,,,,,,,,,,,,,,,
Sistema 433-868MHz FDS,200-201,Dimensioni (LxPxH),Decodifica,,"90 x 70 x 32,5 mm",Descrizione,,Accessori,Colore,,t,,,,,,,,,,,,,,,,,,,,,,,,,,,,,,,,,,,,,,,,,,,,,,,,,,,,,,,,,,,,,,,,,,,,,,,,,,,,,,,,,,,,,,,,,,,,,,,,,,,,,,,,,,,,,,,,,,,,,,,,,,,,,,,,,,,,,,,,,,,,,,,,,,,,,,,,,,,,,,,,,,,,,,,,,,,,,,,,,,,,,,,,,,,,,,,,,,,,,,,,,,,,,,,,,,,,,,,,,,,,,,,,,,,,,,,,,,,,,,,,,,,,,,,,,,,,,,,,,,,,,,,,,,,,,,,,,,,,,,,,,,,,,,,,,,,,,,,,,,,,,,,,,,,,,,,,,,,,,,,,,,,,,,,
Sistema 433-868MHz FDS,200-201,"Frequenza d’utilizzo 433,92 - 868,35 MHz",Decodifica,,Tipo di codifica: tecnologia FDS,Descrizione,,FDS = FAAC DIGITAL SIGNATURE:,Colore,,FDS = FAAC DIGITAL SIGNATURE:,,,,,,,,,,,,,,,,,,,,,,,,,,,,,,,,,,,,,,,,,,,,,,,,,,,,,,,,,,,,,,,,,,,,,,,,,,,,,,,,,,,,,,,,,,,,,,,,,,,,,,,,,,,,,,,,,,,,,,,,,,,,,,,,,,,,,,,,,,,,,,,,,,,,,,,,,,,,,,,,,,,,,,,,,,,,,,,,,,,,,,,,,,,,,,,,,,,,,,,,,,,,,,,,,,,,,,,,,,,,,,,,,,,,,,,,,,,,,,,,,,,,,,,,,,,,,,,,,,,,,,,,,,,,,,,,,,,,,,,,,,,,,,,,,,,,,,,,,,,,,,,,,,,,,,,,,,,,,,,,,,,,,,,
Sistema 433-868MHz FDS,200-201,Protocollo radio basato sulla modulazione di frequenza con prestazioni ottimali in termini di autonomia e durata della batteria; la trasmissione radio è protetta dall'algoritmo di crittografia simmetrica,Decodifica,,AES-128 con chiave a 128 bit,Descrizione,,. L'autenticità delle trasmittenti è verificata mediante una catena di certificati di sicurezza personalizzati FAAC.,Colore,,Vantaggi:,,,,,,,,,,,,,,,,,,,,,,,,,,,,,,,,,,,,,,,,,,,,,,,,,,,,,,,,,,,,,,,,,,,,,,,,,,,,,,,,,,,,,,,,,,,,,,,,,,,,,,,,,,,,,,,,,,,,,,,,,,,,,,,,,,,,,,,,,,,,,,,,,,,,,,,,,,,,,,,,,,,,,,,,,,,,,,,,,,,,,,,,,,,,,,,,,,,,,,,,,,,,,,,,,,,,,,,,,,,,,,,,,,,,,,,,,,,,,,,,,,,,,,,,,,,,,,,,,,,,,,,,,,,,,,,,,,,,,,,,,,,,,,,,,,,,,,,,,,,,,,,,,,,,,,,,,,,,,,,,,,,,,,,
Sistema 433-868MHz FDS,200-201,"le trasmittenti e le riceventi sono in grado di comunicare a 868MHz-433MHz in time sharing, senza dover scegliere preventivamente la frequenza di lavoro, semplificando così la gestione delle attività di installazione/manutenzione.",Decodifica,,Facilità di memorizzazione:,Descrizione,,nuove procedure semplificate di memorizzazione/gestione delle trasmittenti sia tramite autoapprendimento che tramite memorizzazione diretta sul ricevente.,Colore,,Compatibile con SLH:,,,,,,,,,,,,,,,,,,,,,,,,,,,,,,,,,,,,,,,,,,,,,,,,,,,,,,,,,,,,,,,,,,,,,,,,,,,,,,,,,,,,,,,,,,,,,,,,,,,,,,,,,,,,,,,,,,,,,,,,,,,,,,,,,,,,,,,,,,,,,,,,,,,,,,,,,,,,,,,,,,,,,,,,,,,,,,,,,,,,,,,,,,,,,,,,,,,,,,,,,,,,,,,,,,,,,,,,,,,,,,,,,,,,,,,,,,,,,,,,,,,,,,,,,,,,,,,,,,,,,,,,,,,,,,,,,,,,,,,,,,,,,,,,,,,,,,,,,,,,,,,,,,,,,,,,,,,,,,,,,,,,,,,
Sistema 433-868MHz FDS,200-201,Modulo di frequenza,Decodifica,,787025,Descrizione,,"132,00",Colore,,Modello,,,,,,,,,,,,,,,,,,,,,,,,,,,,,,,,,,,,,,,,,,,,,,,,,,,,,,,,,,,,,,,,,,,,,,,,,,,,,,,,,,,,,,,,,,,,,,,,,,,,,,,,,,,,,,,,,,,,,,,,,,,,,,,,,,,,,,,,,,,,,,,,,,,,,,,,,,,,,,,,,,,,,,,,,,,,,,,,,,,,,,,,,,,,,,,,,,,,,,,,,,,,,,,,,,,,,,,,,,,,,,,,,,,,,,,,,,,,,,,,,,,,,,,,,,,,,,,,,,,,,,,,,,,,,,,,,,,,,,,,,,,,,,,,,,,,,,,,,,,,,,,,,,,,,,,,,,,,,,,,,,,,,,,
Sistema 433-868MHz FDS BD,202-203,Tensione di alimentazione,Decodifica,,12 ÷ 24 V~ - 12 ÷ 24 V~,Descrizione,,12 ÷ 24 V~ - 12 ÷ 24 V~,Colore,,12 ÷ 24 V~ - 12 ÷ 24 V~,,,,,,,,,,,,,,,,,,,,,,,,,,,,,,,,,,,,,,,,,,,,,,,,,,,,,,,,,,,,,,,,,,,,,,,,,,,,,,,,,,,,,,,,,,,,,,,,,,,,,,,,,,,,,,,,,,,,,,,,,,,,,,,,,,,,,,,,,,,,,,,,,,,,,,,,,,,,,,,,,,,,,,,,,,,,,,,,,,,,,,,,,,,,,,,,,,,,,,,,,,,,,,,,,,,,,,,,,,,,,,,,,,,,,,,,,,,,,,,,,,,,,,,,,,,,,,,,,,,,,,,,,,,,,,,,,,,,,,,,,,,,,,,,,,,,,,,,,,,,,,,,,,,,,,,,,,,,,,,,,,,,,,,
Sistema 433-868MHz FDS BD,202-203,Frequenza di ricezione,Decodifica,,433.92 Mhz - 868.35 Mhz,Descrizione,,Corrente assorbita,Colore,,100 mA,,,,,,,,,,,,,,,,,,,,,,,,,,,,,,,,,,,,,,,,,,,,,,,,,,,,,,,,,,,,,,,,,,,,,,,,,,,,,,,,,,,,,,,,,,,,,,,,,,,,,,,,,,,,,,,,,,,,,,,,,,,,,,,,,,,,,,,,,,,,,,,,,,,,,,,,,,,,,,,,,,,,,,,,,,,,,,,,,,,,,,,,,,,,,,,,,,,,,,,,,,,,,,,,,,,,,,,,,,,,,,,,,,,,,,,,,,,,,,,,,,,,,,,,,,,,,,,,,,,,,,,,,,,,,,,,,,,,,,,,,,,,,,,,,,,,,,,,,,,,,,,,,,,,,,,,,,,,,,,,,,,,,,,
Sistema 433-868MHz FDS BD,202-203,Memoria codici radio,Decodifica,,248,Descrizione,,248 CH 1-2 / 248 CH 3-4,Colore,,Numero canali,,,,,,,,,,,,,,,,,,,,,,,,,,,,,,,,,,,,,,,,,,,,,,,,,,,,,,,,,,,,,,,,,,,,,,,,,,,,,,,,,,,,,,,,,,,,,,,,,,,,,,,,,,,,,,,,,,,,,,,,,,,,,,,,,,,,,,,,,,,,,,,,,,,,,,,,,,,,,,,,,,,,,,,,,,,,,,,,,,,,,,,,,,,,,,,,,,,,,,,,,,,,,,,,,,,,,,,,,,,,,,,,,,,,,,,,,,,,,,,,,,,,,,,,,,,,,,,,,,,,,,,,,,,,,,,,,,,,,,,,,,,,,,,,,,,,,,,,,,,,,,,,,,,,,,,,,,,,,,,,,,,,,,,
Sistema 433-868MHz FDS BD,202-203,Portata contatti,Decodifica,,"0,5 A / 120 VA",Descrizione,,"0,5 A / 120 VA",Colore,,"0,5 A / 120 VA",,,,,,,,,,,,,,,,,,,,,,,,,,,,,,,,,,,,,,,,,,,,,,,,,,,,,,,,,,,,,,,,,,,,,,,,,,,,,,,,,,,,,,,,,,,,,,,,,,,,,,,,,,,,,,,,,,,,,,,,,,,,,,,,,,,,,,,,,,,,,,,,,,,,,,,,,,,,,,,,,,,,,,,,,,,,,,,,,,,,,,,,,,,,,,,,,,,,,,,,,,,,,,,,,,,,,,,,,,,,,,,,,,,,,,,,,,,,,,,,,,,,,,,,,,,,,,,,,,,,,,,,,,,,,,,,,,,,,,,,,,,,,,,,,,,,,,,,,,,,,,,,,,,,,,,,,,,,,,,,,,,,,,,
Sistema 433-868MHz FDS BD,202-203,Grado di protezione,Decodifica,,IP 44,Descrizione,,IP 44,Colore,,IP 44,,,,,,,,,,,,,,,,,,,,,,,,,,,,,,,,,,,,,,,,,,,,,,,,,,,,,,,,,,,,,,,,,,,,,,,,,,,,,,,,,,,,,,,,,,,,,,,,,,,,,,,,,,,,,,,,,,,,,,,,,,,,,,,,,,,,,,,,,,,,,,,,,,,,,,,,,,,,,,,,,,,,,,,,,,,,,,,,,,,,,,,,,,,,,,,,,,,,,,,,,,,,,,,,,,,,,,,,,,,,,,,,,,,,,,,,,,,,,,,,,,,,,,,,,,,,,,,,,,,,,,,,,,,,,,,,,,,,,,,,,,,,,,,,,,,,,,,,,,,,,,,,,,,,,,,,,,,,,,,,,,,,,,,
Sistema 433-868MHz FDS BD,202-203,Temperatura ambiente di esercizio,Decodifica,,-20° C ÷ +55 ° C,Descrizione,,-20° C ÷ +55 ° C,Colore,,-20° C ÷ +55 ° C,,,,,,,,,,,,,,,,,,,,,,,,,,,,,,,,,,,,,,,,,,,,,,,,,,,,,,,,,,,,,,,,,,,,,,,,,,,,,,,,,,,,,,,,,,,,,,,,,,,,,,,,,,,,,,,,,,,,,,,,,,,,,,,,,,,,,,,,,,,,,,,,,,,,,,,,,,,,,,,,,,,,,,,,,,,,,,,,,,,,,,,,,,,,,,,,,,,,,,,,,,,,,,,,,,,,,,,,,,,,,,,,,,,,,,,,,,,,,,,,,,,,,,,,,,,,,,,,,,,,,,,,,,,,,,,,,,,,,,,,,,,,,,,,,,,,,,,,,,,,,,,,,,,,,,,,,,,,,,,,,,,,,,,
Sistema 433-868MHz FDS BD,202-203,Dimensioni (LxPxH),Decodifica,,"90 x 70 x 32,5 mm",Descrizione,,Accessori,Colore,,t,,,,,,,,,,,,,,,,,,,,,,,,,,,,,,,,,,,,,,,,,,,,,,,,,,,,,,,,,,,,,,,,,,,,,,,,,,,,,,,,,,,,,,,,,,,,,,,,,,,,,,,,,,,,,,,,,,,,,,,,,,,,,,,,,,,,,,,,,,,,,,,,,,,,,,,,,,,,,,,,,,,,,,,,,,,,,,,,,,,,,,,,,,,,,,,,,,,,,,,,,,,,,,,,,,,,,,,,,,,,,,,,,,,,,,,,,,,,,,,,,,,,,,,,,,,,,,,,,,,,,,,,,,,,,,,,,,,,,,,,,,,,,,,,,,,,,,,,,,,,,,,,,,,,,,,,,,,,,,,,,,,,,,,
Sistema 433-868MHz FDS BD,202-203,"Frequenza d’utilizzo 433,92 - 868,35 MHz",Decodifica,,Tipo di codifica: tecnologia FDS,Descrizione,,FDS = FAAC DIGITAL SIGNATURE:,Colore,,FDS = FAAC DIGITAL SIGNATURE:,,,,,,,,,,,,,,,,,,,,,,,,,,,,,,,,,,,,,,,,,,,,,,,,,,,,,,,,,,,,,,,,,,,,,,,,,,,,,,,,,,,,,,,,,,,,,,,,,,,,,,,,,,,,,,,,,,,,,,,,,,,,,,,,,,,,,,,,,,,,,,,,,,,,,,,,,,,,,,,,,,,,,,,,,,,,,,,,,,,,,,,,,,,,,,,,,,,,,,,,,,,,,,,,,,,,,,,,,,,,,,,,,,,,,,,,,,,,,,,,,,,,,,,,,,,,,,,,,,,,,,,,,,,,,,,,,,,,,,,,,,,,,,,,,,,,,,,,,,,,,,,,,,,,,,,,,,,,,,,,,,,,,,,
Sistema 433-868MHz FDS BD,202-203,Protocollo radio basato sulla modulazione di frequenza con prestazioni ottimali in termini di autonomia e durata della batteria; la trasmissione radio è protetta dall'algoritmo di crittografia simmetrica,Decodifica,,AES-128 con chiave a 128 bit,Descrizione,,. L'autenticità delle trasmittenti è verificata mediante una catena di certificati di sicurezza personalizzati FAAC.,Colore,,BD = BIDIREZIONALE:,,,,,,,,,,,,,,,,,,,,,,,,,,,,,,,,,,,,,,,,,,,,,,,,,,,,,,,,,,,,,,,,,,,,,,,,,,,,,,,,,,,,,,,,,,,,,,,,,,,,,,,,,,,,,,,,,,,,,,,,,,,,,,,,,,,,,,,,,,,,,,,,,,,,,,,,,,,,,,,,,,,,,,,,,,,,,,,,,,,,,,,,,,,,,,,,,,,,,,,,,,,,,,,,,,,,,,,,,,,,,,,,,,,,,,,,,,,,,,,,,,,,,,,,,,,,,,,,,,,,,,,,,,,,,,,,,,,,,,,,,,,,,,,,,,,,,,,,,,,,,,,,,,,,,,,,,,,,,,,,,,,,,,,
Sistema 433-868MHz FDS BD,202-203,"le trasmittenti e le riceventi sono in grado di comunicare a 868MHz-433MHz in time sharing, senza dover scegliere preventivamente la frequenza di lavoro, semplificando così la gestione delle attività di installazione/manutenzione.",Decodifica,,Bidirezionale:,Descrizione,,Le trasmittenti BD sono in grado di:,Colore,,- Fornire un feedback di comando ricevuto da parte della ricevente,,,,,,,,,,,,,,,,,,,,,,,,,,,,,,,,,,,,,,,,,,,,,,,,,,,,,,,,,,,,,,,,,,,,,,,,,,,,,,,,,,,,,,,,,,,,,,,,,,,,,,,,,,,,,,,,,,,,,,,,,,,,,,,,,,,,,,,,,,,,,,,,,,,,,,,,,,,,,,,,,,,,,,,,,,,,,,,,,,,,,,,,,,,,,,,,,,,,,,,,,,,,,,,,,,,,,,,,,,,,,,,,,,,,,,,,,,,,,,,,,,,,,,,,,,,,,,,,,,,,,,,,,,,,,,,,,,,,,,,,,,,,,,,,,,,,,,,,,,,,,,,,,,,,,,,,,,,,,,,,,,,,,,,
Sistema 433-868MHz FDS BD,202-203,Modulo di frequenza,Decodifica,,787025,Descrizione,,"132,00",Colore,,Modello,,,,,,,,,,,,,,,,,,,,,,,,,,,,,,,,,,,,,,,,,,,,,,,,,,,,,,,,,,,,,,,,,,,,,,,,,,,,,,,,,,,,,,,,,,,,,,,,,,,,,,,,,,,,,,,,,,,,,,,,,,,,,,,,,,,,,,,,,,,,,,,,,,,,,,,,,,,,,,,,,,,,,,,,,,,,,,,,,,,,,,,,,,,,,,,,,,,,,,,,,,,,,,,,,,,,,,,,,,,,,,,,,,,,,,,,,,,,,,,,,,,,,,,,,,,,,,,,,,,,,,,,,,,,,,,,,,,,,,,,,,,,,,,,,,,,,,,,,,,,,,,,,,,,,,,,,,,,,,,,,,,,,,,
XTO - Sistema 868MHz SLH-DS,204-205,Tensione di alimentazione,Decodifica,,12 ÷ 24 V~ - 12 ÷ 24 V~,Descrizione,,12 ÷ 24 V~ - 12 ÷ 24 V~,,,,,,,,,,,,,,,,,,,,,,,,,,,,,,,,,,,,,,,,,,,,,,,,,,,,,,,,,,,,,,,,,,,,,,,,,,,,,,,,,,,,,,,,,,,,,,,,,,,,,,,,,,,,,,,,,,,,,,,,,,,,,,,,,,,,,,,,,,,,,,,,,,,,,,,,,,,,,,,,,,,,,,,,,,,,,,,,,,,,,,,,,,,,,,,,,,,,,,,,,,,,,,,,,,,,,,,,,,,,,,,,,,,,,,,,,,,,,,,,,,,,,,,,,,,,,,,,,,,,,,,,,,,,,,,,,,,,,,,,,,,,,,,,,,,,,,,,,,,,,,,,,,,,,,,,,,,,,,,,,,,,,,,,,,
XTO - Sistema 868MHz SLH-DS,204-205,Numero max schede di decodifica collegabili,Decodifica,,50,Descrizione,,-,,,,,,,,,,,,,,,,,,,,,,,,,,,,,,,,,,,,,,,,,,,,,,,,,,,,,,,,,,,,,,,,,,,,,,,,,,,,,,,,,,,,,,,,,,,,,,,,,,,,,,,,,,,,,,,,,,,,,,,,,,,,,,,,,,,,,,,,,,,,,,,,,,,,,,,,,,,,,,,,,,,,,,,,,,,,,,,,,,,,,,,,,,,,,,,,,,,,,,,,,,,,,,,,,,,,,,,,,,,,,,,,,,,,,,,,,,,,,,,,,,,,,,,,,,,,,,,,,,,,,,,,,,,,,,,,,,,,,,,,,,,,,,,,,,,,,,,,,,,,,,,,,,,,,,,,,,,,,,,,,,,,,,,,,,
XTO - Sistema 868MHz SLH-DS,204-205,Memoria codici radio,Decodifica,,250,Descrizione,,250 CH 1-2 / 250 CH 3-4,,,,,,,,,,,,,,,,,,,,,,,,,,,,,,,,,,,,,,,,,,,,,,,,,,,,,,,,,,,,,,,,,,,,,,,,,,,,,,,,,,,,,,,,,,,,,,,,,,,,,,,,,,,,,,,,,,,,,,,,,,,,,,,,,,,,,,,,,,,,,,,,,,,,,,,,,,,,,,,,,,,,,,,,,,,,,,,,,,,,,,,,,,,,,,,,,,,,,,,,,,,,,,,,,,,,,,,,,,,,,,,,,,,,,,,,,,,,,,,,,,,,,,,,,,,,,,,,,,,,,,,,,,,,,,,,,,,,,,,,,,,,,,,,,,,,,,,,,,,,,,,,,,,,,,,,,,,,,,,,,,,,,,,,,,
XTO - Sistema 868MHz SLH-DS,204-205,Collegamento,Decodifica,,-,Descrizione,,A connettore (schede FAAC) e/o morsetto,,,,,,,,,,,,,,,,,,,,,,,,,,,,,,,,,,,,,,,,,,,,,,,,,,,,,,,,,,,,,,,,,,,,,,,,,,,,,,,,,,,,,,,,,,,,,,,,,,,,,,,,,,,,,,,,,,,,,,,,,,,,,,,,,,,,,,,,,,,,,,,,,,,,,,,,,,,,,,,,,,,,,,,,,,,,,,,,,,,,,,,,,,,,,,,,,,,,,,,,,,,,,,,,,,,,,,,,,,,,,,,,,,,,,,,,,,,,,,,,,,,,,,,,,,,,,,,,,,,,,,,,,,,,,,,,,,,,,,,,,,,,,,,,,,,,,,,,,,,,,,,,,,,,,,,,,,,,,,,,,,,,,,,,,,
XTO - Sistema 868MHz SLH-DS,204-205,Frequenza di ricezione,Decodifica,,868.35 ± 0.2 Mhz,Descrizione,,Corrente assorbita,,,,,,,,,,,,,,,,,,,,,,,,,,,,,,,,,,,,,,,,,,,,,,,,,,,,,,,,,,,,,,,,,,,,,,,,,,,,,,,,,,,,,,,,,,,,,,,,,,,,,,,,,,,,,,,,,,,,,,,,,,,,,,,,,,,,,,,,,,,,,,,,,,,,,,,,,,,,,,,,,,,,,,,,,,,,,,,,,,,,,,,,,,,,,,,,,,,,,,,,,,,,,,,,,,,,,,,,,,,,,,,,,,,,,,,,,,,,,,,,,,,,,,,,,,,,,,,,,,,,,,,,,,,,,,,,,,,,,,,,,,,,,,,,,,,,,,,,,,,,,,,,,,,,,,,,,,,,,,,,,,,,,,,,,,
XTO - Sistema 868MHz SLH-DS,204-205,Portata contatti,Decodifica,,"0,5 A / 12 ÷ 24V~ - 12 ÷ 24 V~",Descrizione,,"0,5 A / 12 ÷ 24V~ - 12 ÷ 24 V~",,,,,,,,,,,,,,,,,,,,,,,,,,,,,,,,,,,,,,,,,,,,,,,,,,,,,,,,,,,,,,,,,,,,,,,,,,,,,,,,,,,,,,,,,,,,,,,,,,,,,,,,,,,,,,,,,,,,,,,,,,,,,,,,,,,,,,,,,,,,,,,,,,,,,,,,,,,,,,,,,,,,,,,,,,,,,,,,,,,,,,,,,,,,,,,,,,,,,,,,,,,,,,,,,,,,,,,,,,,,,,,,,,,,,,,,,,,,,,,,,,,,,,,,,,,,,,,,,,,,,,,,,,,,,,,,,,,,,,,,,,,,,,,,,,,,,,,,,,,,,,,,,,,,,,,,,,,,,,,,,,,,,,,,,,
XTO - Sistema 868MHz SLH-DS,204-205,Grado di protezione,Decodifica,,IP 44,Descrizione,,IP 44,,,,,,,,,,,,,,,,,,,,,,,,,,,,,,,,,,,,,,,,,,,,,,,,,,,,,,,,,,,,,,,,,,,,,,,,,,,,,,,,,,,,,,,,,,,,,,,,,,,,,,,,,,,,,,,,,,,,,,,,,,,,,,,,,,,,,,,,,,,,,,,,,,,,,,,,,,,,,,,,,,,,,,,,,,,,,,,,,,,,,,,,,,,,,,,,,,,,,,,,,,,,,,,,,,,,,,,,,,,,,,,,,,,,,,,,,,,,,,,,,,,,,,,,,,,,,,,,,,,,,,,,,,,,,,,,,,,,,,,,,,,,,,,,,,,,,,,,,,,,,,,,,,,,,,,,,,,,,,,,,,,,,,,,,,
XTO - Sistema 868MHz SLH-DS,204-205,Temperatura ambiente di esercizio,Decodifica,,-20° C ÷ +55 ° C,Descrizione,,-20° C ÷ +55 ° C,,,,,,,,,,,,,,,,,,,,,,,,,,,,,,,,,,,,,,,,,,,,,,,,,,,,,,,,,,,,,,,,,,,,,,,,,,,,,,,,,,,,,,,,,,,,,,,,,,,,,,,,,,,,,,,,,,,,,,,,,,,,,,,,,,,,,,,,,,,,,,,,,,,,,,,,,,,,,,,,,,,,,,,,,,,,,,,,,,,,,,,,,,,,,,,,,,,,,,,,,,,,,,,,,,,,,,,,,,,,,,,,,,,,,,,,,,,,,,,,,,,,,,,,,,,,,,,,,,,,,,,,,,,,,,,,,,,,,,,,,,,,,,,,,,,,,,,,,,,,,,,,,,,,,,,,,,,,,,,,,,,,,,,,,,
XTO - Sistema 868MHz SLH-DS,204-205,Dimensioni (LxPxH),Decodifica,,"90 x 70 x 32,5 mm",Descrizione,,Accessori,,,,,,,,,,,,,,,,,,,,,,,,,,,,,,,,,,,,,,,,,,,,,,,,,,,,,,,,,,,,,,,,,,,,,,,,,,,,,,,,,,,,,,,,,,,,,,,,,,,,,,,,,,,,,,,,,,,,,,,,,,,,,,,,,,,,,,,,,,,,,,,,,,,,,,,,,,,,,,,,,,,,,,,,,,,,,,,,,,,,,,,,,,,,,,,,,,,,,,,,,,,,,,,,,,,,,,,,,,,,,,,,,,,,,,,,,,,,,,,,,,,,,,,,,,,,,,,,,,,,,,,,,,,,,,,,,,,,,,,,,,,,,,,,,,,,,,,,,,,,,,,,,,,,,,,,,,,,,,,,,,,,,,,,,,
XTO - Sistema 868MHz SLH-DS,204-205,Modulo di frequenza,Decodifica,,787832,Descrizione,,"61,00",,,,,,,,,,,,,,,,,,,,,,,,,,,,,,,,,,,,,,,,,,,,,,,,,,,,,,,,,,,,,,,,,,,,,,,,,,,,,,,,,,,,,,,,,,,,,,,,,,,,,,,,,,,,,,,,,,,,,,,,,,,,,,,,,,,,,,,,,,,,,,,,,,,,,,,,,,,,,,,,,,,,,,,,,,,,,,,,,,,,,,,,,,,,,,,,,,,,,,,,,,,,,,,,,,,,,,,,,,,,,,,,,,,,,,,,,,,,,,,,,,,,,,,,,,,,,,,,,,,,,,,,,,,,,,,,,,,,,,,,,,,,,,,,,,,,,,,,,,,,,,,,,,,,,,,,,,,,,,,,,,,,,,,,,,
XTO - Sistema 433 MHz SLH-SL-DS-RC,206-207,Tensione di alimentazione,Descrizione,,12 ÷ 24 V~ - 12 ÷ 24 V~,,,,,,,,,,,,,,,,,,,,,,,,,,,,,,,,,,,,,,,,,,,,,,,,,,,,,,,,,,,,,,,,,,,,,,,,,,,,,,,,,,,,,,,,,,,,,,,,,,,,,,,,,,,,,,,,,,,,,,,,,,,,,,,,,,,,,,,,,,,,,,,,,,,,,,,,,,,,,,,,,,,,,,,,,,,,,,,,,,,,,,,,,,,,,,,,,,,,,,,,,,,,,,,,,,,,,,,,,,,,,,,,,,,,,,,,,,,,,,,,,,,,,,,,,,,,,,,,,,,,,,,,,,,,,,,,,,,,,,,,,,,,,,,,,,,,,,,,,,,,,,,,,,,,,,,,,,,,,,,,,,,,,,,,,,,,,
XTO - Sistema 433 MHz SLH-SL-DS-RC,206-207,Numero max schede di decodifica collegabili,Descrizione,,50,,,,,,,,,,,,,,,,,,,,,,,,,,,,,,,,,,,,,,,,,,,,,,,,,,,,,,,,,,,,,,,,,,,,,,,,,,,,,,,,,,,,,,,,,,,,,,,,,,,,,,,,,,,,,,,,,,,,,,,,,,,,,,,,,,,,,,,,,,,,,,,,,,,,,,,,,,,,,,,,,,,,,,,,,,,,,,,,,,,,,,,,,,,,,,,,,,,,,,,,,,,,,,,,,,,,,,,,,,,,,,,,,,,,,,,,,,,,,,,,,,,,,,,,,,,,,,,,,,,,,,,,,,,,,,,,,,,,,,,,,,,,,,,,,,,,,,,,,,,,,,,,,,,,,,,,,,,,,,,,,,,,,,,,,,,,,
XTO - Sistema 433 MHz SLH-SL-DS-RC,206-207,Memoria codici radio,Descrizione,,250,,,,,,,,,,,,,,,,,,,,,,,,,,,,,,,,,,,,,,,,,,,,,,,,,,,,,,,,,,,,,,,,,,,,,,,,,,,,,,,,,,,,,,,,,,,,,,,,,,,,,,,,,,,,,,,,,,,,,,,,,,,,,,,,,,,,,,,,,,,,,,,,,,,,,,,,,,,,,,,,,,,,,,,,,,,,,,,,,,,,,,,,,,,,,,,,,,,,,,,,,,,,,,,,,,,,,,,,,,,,,,,,,,,,,,,,,,,,,,,,,,,,,,,,,,,,,,,,,,,,,,,,,,,,,,,,,,,,,,,,,,,,,,,,,,,,,,,,,,,,,,,,,,,,,,,,,,,,,,,,,,,,,,,,,,,,,
XTO - Sistema 433 MHz SLH-SL-DS-RC,206-207,Collegamento,Descrizione,,-,,,,,,,,,,,,,,,,,,,,,,,,,,,,,,,,,,,,,,,,,,,,,,,,,,,,,,,,,,,,,,,,,,,,,,,,,,,,,,,,,,,,,,,,,,,,,,,,,,,,,,,,,,,,,,,,,,,,,,,,,,,,,,,,,,,,,,,,,,,,,,,,,,,,,,,,,,,,,,,,,,,,,,,,,,,,,,,,,,,,,,,,,,,,,,,,,,,,,,,,,,,,,,,,,,,,,,,,,,,,,,,,,,,,,,,,,,,,,,,,,,,,,,,,,,,,,,,,,,,,,,,,,,,,,,,,,,,,,,,,,,,,,,,,,,,,,,,,,,,,,,,,,,,,,,,,,,,,,,,,,,,,,,,,,,,,,
XTO - Sistema 433 MHz SLH-SL-DS-RC,206-207,Frequenza di ricezione,Descrizione,,868.35 ± 0.2 Mhz,,,,,,,,,,,,,,,,,,,,,,,,,,,,,,,,,,,,,,,,,,,,,,,,,,,,,,,,,,,,,,,,,,,,,,,,,,,,,,,,,,,,,,,,,,,,,,,,,,,,,,,,,,,,,,,,,,,,,,,,,,,,,,,,,,,,,,,,,,,,,,,,,,,,,,,,,,,,,,,,,,,,,,,,,,,,,,,,,,,,,,,,,,,,,,,,,,,,,,,,,,,,,,,,,,,,,,,,,,,,,,,,,,,,,,,,,,,,,,,,,,,,,,,,,,,,,,,,,,,,,,,,,,,,,,,,,,,,,,,,,,,,,,,,,,,,,,,,,,,,,,,,,,,,,,,,,,,,,,,,,,,,,,,,,,,,,
XTO - Sistema 433 MHz SLH-SL-DS-RC,206-207,Portata contatti,Descrizione,,"0,5 A / 12 ÷ 24V~ - 12 ÷ 24 V~",,,,,,,,,,,,,,,,,,,,,,,,,,,,,,,,,,,,,,,,,,,,,,,,,,,,,,,,,,,,,,,,,,,,,,,,,,,,,,,,,,,,,,,,,,,,,,,,,,,,,,,,,,,,,,,,,,,,,,,,,,,,,,,,,,,,,,,,,,,,,,,,,,,,,,,,,,,,,,,,,,,,,,,,,,,,,,,,,,,,,,,,,,,,,,,,,,,,,,,,,,,,,,,,,,,,,,,,,,,,,,,,,,,,,,,,,,,,,,,,,,,,,,,,,,,,,,,,,,,,,,,,,,,,,,,,,,,,,,,,,,,,,,,,,,,,,,,,,,,,,,,,,,,,,,,,,,,,,,,,,,,,,,,,,,,,,
XTO - Sistema 433 MHz SLH-SL-DS-RC,206-207,Grado di protezione,Descrizione,,IP 44,,,,,,,,,,,,,,,,,,,,,,,,,,,,,,,,,,,,,,,,,,,,,,,,,,,,,,,,,,,,,,,,,,,,,,,,,,,,,,,,,,,,,,,,,,,,,,,,,,,,,,,,,,,,,,,,,,,,,,,,,,,,,,,,,,,,,,,,,,,,,,,,,,,,,,,,,,,,,,,,,,,,,,,,,,,,,,,,,,,,,,,,,,,,,,,,,,,,,,,,,,,,,,,,,,,,,,,,,,,,,,,,,,,,,,,,,,,,,,,,,,,,,,,,,,,,,,,,,,,,,,,,,,,,,,,,,,,,,,,,,,,,,,,,,,,,,,,,,,,,,,,,,,,,,,,,,,,,,,,,,,,,,,,,,,,,,
XTO - Sistema 433 MHz SLH-SL-DS-RC,206-207,Temperatura ambiente di esercizio,Descrizione,,-20° C ÷ +55 ° C,,,,,,,,,,,,,,,,,,,,,,,,,,,,,,,,,,,,,,,,,,,,,,,,,,,,,,,,,,,,,,,,,,,,,,,,,,,,,,,,,,,,,,,,,,,,,,,,,,,,,,,,,,,,,,,,,,,,,,,,,,,,,,,,,,,,,,,,,,,,,,,,,,,,,,,,,,,,,,,,,,,,,,,,,,,,,,,,,,,,,,,,,,,,,,,,,,,,,,,,,,,,,,,,,,,,,,,,,,,,,,,,,,,,,,,,,,,,,,,,,,,,,,,,,,,,,,,,,,,,,,,,,,,,,,,,,,,,,,,,,,,,,,,,,,,,,,,,,,,,,,,,,,,,,,,,,,,,,,,,,,,,,,,,,,,,,
XTO - Sistema 433 MHz SLH-SL-DS-RC,206-207,Dimensioni (LxPxH),Descrizione,,"90 x 70 x 32,5 mm",,,,,,,,,,,,,,,,,,,,,,,,,,,,,,,,,,,,,,,,,,,,,,,,,,,,,,,,,,,,,,,,,,,,,,,,,,,,,,,,,,,,,,,,,,,,,,,,,,,,,,,,,,,,,,,,,,,,,,,,,,,,,,,,,,,,,,,,,,,,,,,,,,,,,,,,,,,,,,,,,,,,,,,,,,,,,,,,,,,,,,,,,,,,,,,,,,,,,,,,,,,,,,,,,,,,,,,,,,,,,,,,,,,,,,,,,,,,,,,,,,,,,,,,,,,,,,,,,,,,,,,,,,,,,,,,,,,,,,,,,,,,,,,,,,,,,,,,,,,,,,,,,,,,,,,,,,,,,,,,,,,,,,,,,,,,,
Sistema 868MHz SLH LR,208-209,Tensione di alimentazione,Decodifica,,12 ÷ 24 V~ - 12 ÷ 24 V~,Descrizione,,12 ÷ 24 V~ - 12 ÷ 24 V~,Colore,,12 ÷ 24 V~ - 12 ÷ 24 V~,,,,,,,,,,,,,,,,,,,,,,,,,,,,,,,,,,,,,,,,,,,,,,,,,,,,,,,,,,,,,,,,,,,,,,,,,,,,,,,,,,,,,,,,,,,,,,,,,,,,,,,,,,,,,,,,,,,,,,,,,,,,,,,,,,,,,,,,,,,,,,,,,,,,,,,,,,,,,,,,,,,,,,,,,,,,,,,,,,,,,,,,,,,,,,,,,,,,,,,,,,,,,,,,,,,,,,,,,,,,,,,,,,,,,,,,,,,,,,,,,,,,,,,,,,,,,,,,,,,,,,,,,,,,,,,,,,,,,,,,,,,,,,,,,,,,,,,,,,,,,,,,,,,,,,,,,,,,,,,,,,,,,,,
Sistema 868MHz SLH LR,208-209,Numero max schede di decodifica collegabili,Decodifica,,50,Descrizione,,-,Colore,,Decodifica segnale radio,,,,,,,,,,,,,,,,,,,,,,,,,,,,,,,,,,,,,,,,,,,,,,,,,,,,,,,,,,,,,,,,,,,,,,,,,,,,,,,,,,,,,,,,,,,,,,,,,,,,,,,,,,,,,,,,,,,,,,,,,,,,,,,,,,,,,,,,,,,,,,,,,,,,,,,,,,,,,,,,,,,,,,,,,,,,,,,,,,,,,,,,,,,,,,,,,,,,,,,,,,,,,,,,,,,,,,,,,,,,,,,,,,,,,,,,,,,,,,,,,,,,,,,,,,,,,,,,,,,,,,,,,,,,,,,,,,,,,,,,,,,,,,,,,,,,,,,,,,,,,,,,,,,,,,,,,,,,,,,,,,,,,,,
Sistema 868MHz SLH LR,208-209,Memoria codici radio,Decodifica,,248,Descrizione,,248 CH 1-2 / 248 CH 3-4,Colore,,Numero canali,,,,,,,,,,,,,,,,,,,,,,,,,,,,,,,,,,,,,,,,,,,,,,,,,,,,,,,,,,,,,,,,,,,,,,,,,,,,,,,,,,,,,,,,,,,,,,,,,,,,,,,,,,,,,,,,,,,,,,,,,,,,,,,,,,,,,,,,,,,,,,,,,,,,,,,,,,,,,,,,,,,,,,,,,,,,,,,,,,,,,,,,,,,,,,,,,,,,,,,,,,,,,,,,,,,,,,,,,,,,,,,,,,,,,,,,,,,,,,,,,,,,,,,,,,,,,,,,,,,,,,,,,,,,,,,,,,,,,,,,,,,,,,,,,,,,,,,,,,,,,,,,,,,,,,,,,,,,,,,,,,,,,,,
Sistema 868MHz SLH LR,208-209,Collegamento,Decodifica,,-,Descrizione,,A connettore (schede FAAC) e/o morsetto,Colore,,Caratteristiche tecniche,,,,,,,,,,,,,,,,,,,,,,,,,,,,,,,,,,,,,,,,,,,,,,,,,,,,,,,,,,,,,,,,,,,,,,,,,,,,,,,,,,,,,,,,,,,,,,,,,,,,,,,,,,,,,,,,,,,,,,,,,,,,,,,,,,,,,,,,,,,,,,,,,,,,,,,,,,,,,,,,,,,,,,,,,,,,,,,,,,,,,,,,,,,,,,,,,,,,,,,,,,,,,,,,,,,,,,,,,,,,,,,,,,,,,,,,,,,,,,,,,,,,,,,,,,,,,,,,,,,,,,,,,,,,,,,,,,,,,,,,,,,,,,,,,,,,,,,,,,,,,,,,,,,,,,,,,,,,,,,,,,,,,,,
Sistema 868MHz SLH LR,208-209,Frequenza di ricezione,Decodifica,,433.92 Mhz - 868.35 Mhz,Descrizione,,Corrente assorbita,Colore,,100 mA,,,,,,,,,,,,,,,,,,,,,,,,,,,,,,,,,,,,,,,,,,,,,,,,,,,,,,,,,,,,,,,,,,,,,,,,,,,,,,,,,,,,,,,,,,,,,,,,,,,,,,,,,,,,,,,,,,,,,,,,,,,,,,,,,,,,,,,,,,,,,,,,,,,,,,,,,,,,,,,,,,,,,,,,,,,,,,,,,,,,,,,,,,,,,,,,,,,,,,,,,,,,,,,,,,,,,,,,,,,,,,,,,,,,,,,,,,,,,,,,,,,,,,,,,,,,,,,,,,,,,,,,,,,,,,,,,,,,,,,,,,,,,,,,,,,,,,,,,,,,,,,,,,,,,,,,,,,,,,,,,,,,,,,
Sistema 868MHz SLH LR,208-209,Portata contatti,Decodifica,,"0,5 A / 120 VA",Descrizione,,"0,5 A / 120 VA",Colore,,"0,5 A / 120 VA",,,,,,,,,,,,,,,,,,,,,,,,,,,,,,,,,,,,,,,,,,,,,,,,,,,,,,,,,,,,,,,,,,,,,,,,,,,,,,,,,,,,,,,,,,,,,,,,,,,,,,,,,,,,,,,,,,,,,,,,,,,,,,,,,,,,,,,,,,,,,,,,,,,,,,,,,,,,,,,,,,,,,,,,,,,,,,,,,,,,,,,,,,,,,,,,,,,,,,,,,,,,,,,,,,,,,,,,,,,,,,,,,,,,,,,,,,,,,,,,,,,,,,,,,,,,,,,,,,,,,,,,,,,,,,,,,,,,,,,,,,,,,,,,,,,,,,,,,,,,,,,,,,,,,,,,,,,,,,,,,,,,,,,
Sistema 868MHz SLH LR,208-209,Grado di protezione,Decodifica,,IP 44,Descrizione,,IP 44,Colore,,IP 44,,,,,,,,,,,,,,,,,,,,,,,,,,,,,,,,,,,,,,,,,,,,,,,,,,,,,,,,,,,,,,,,,,,,,,,,,,,,,,,,,,,,,,,,,,,,,,,,,,,,,,,,,,,,,,,,,,,,,,,,,,,,,,,,,,,,,,,,,,,,,,,,,,,,,,,,,,,,,,,,,,,,,,,,,,,,,,,,,,,,,,,,,,,,,,,,,,,,,,,,,,,,,,,,,,,,,,,,,,,,,,,,,,,,,,,,,,,,,,,,,,,,,,,,,,,,,,,,,,,,,,,,,,,,,,,,,,,,,,,,,,,,,,,,,,,,,,,,,,,,,,,,,,,,,,,,,,,,,,,,,,,,,,,
Sistema 868MHz SLH LR,208-209,Temperatura ambiente di esercizio,Decodifica,,-20° C ÷ +55 ° C,Descrizione,,-20° C ÷ +55 ° C,Colore,,-20° C ÷ +55 ° C,,,,,,,,,,,,,,,,,,,,,,,,,,,,,,,,,,,,,,,,,,,,,,,,,,,,,,,,,,,,,,,,,,,,,,,,,,,,,,,,,,,,,,,,,,,,,,,,,,,,,,,,,,,,,,,,,,,,,,,,,,,,,,,,,,,,,,,,,,,,,,,,,,,,,,,,,,,,,,,,,,,,,,,,,,,,,,,,,,,,,,,,,,,,,,,,,,,,,,,,,,,,,,,,,,,,,,,,,,,,,,,,,,,,,,,,,,,,,,,,,,,,,,,,,,,,,,,,,,,,,,,,,,,,,,,,,,,,,,,,,,,,,,,,,,,,,,,,,,,,,,,,,,,,,,,,,,,,,,,,,,,,,,,
Sistema 868MHz SLH LR,208-209,Dimensioni (LxPxH),Decodifica,,"90 x 70 x 32,5 mm",Descrizione,,Accessori,Colore,,Accessori,,,,,,,,,,,,,,,,,,,,,,,,,,,,,,,,,,,,,,,,,,,,,,,,,,,,,,,,,,,,,,,,,,,,,,,,,,,,,,,,,,,,,,,,,,,,,,,,,,,,,,,,,,,,,,,,,,,,,,,,,,,,,,,,,,,,,,,,,,,,,,,,,,,,,,,,,,,,,,,,,,,,,,,,,,,,,,,,,,,,,,,,,,,,,,,,,,,,,,,,,,,,,,,,,,,,,,,,,,,,,,,,,,,,,,,,,,,,,,,,,,,,,,,,,,,,,,,,,,,,,,,,,,,,,,,,,,,,,,,,,,,,,,,,,,,,,,,,,,,,,,,,,,,,,,,,,,,,,,,,,,,,,,,
Sistema 868MHz SLH LR,208-209,"Frequenza d’utilizzo 868,35 MHz",Decodifica,,Tipo di codifica: tecnologia SLH LR,Descrizione,,(,Colore,,Brevetto FAAC,,,,,,,,,,,,,,,,,,,,,,,,,,,,,,,,,,,,,,,,,,,,,,,,,,,,,,,,,,,,,,,,,,,,,,,,,,,,,,,,,,,,,,,,,,,,,,,,,,,,,,,,,,,,,,,,,,,,,,,,,,,,,,,,,,,,,,,,,,,,,,,,,,,,,,,,,,,,,,,,,,,,,,,,,,,,,,,,,,,,,,,,,,,,,,,,,,,,,,,,,,,,,,,,,,,,,,,,,,,,,,,,,,,,,,,,,,,,,,,,,,,,,,,,,,,,,,,,,,,,,,,,,,,,,,,,,,,,,,,,,,,,,,,,,,,,,,,,,,,,,,,,,,,,,,,,,,,,,,,,,,,,,,,
Sistema 868MHz SLH LR,208-209,Modulo di frequenza,Decodifica,,787832,Descrizione,,"61,00",Colore,,Modello,,,,,,,,,,,,,,,,,,,,,,,,,,,,,,,,,,,,,,,,,,,,,,,,,,,,,,,,,,,,,,,,,,,,,,,,,,,,,,,,,,,,,,,,,,,,,,,,,,,,,,,,,,,,,,,,,,,,,,,,,,,,,,,,,,,,,,,,,,,,,,,,,,,,,,,,,,,,,,,,,,,,,,,,,,,,,,,,,,,,,,,,,,,,,,,,,,,,,,,,,,,,,,,,,,,,,,,,,,,,,,,,,,,,,,,,,,,,,,,,,,,,,,,,,,,,,,,,,,,,,,,,,,,,,,,,,,,,,,,,,,,,,,,,,,,,,,,,,,,,,,,,,,,,,,,,,,,,,,,,,,,,,,,
Sistema 433MHz SLH LR,210-211,Tensione di alimentazione,PLUS1 433,,12 ÷ 24 V~ - 12 ÷ 24 V~,DECODER SLH,,12 ÷ 24 V~ - 12 ÷ 24 V~,,,,,,,,,,,,,,,,,,,,,,,,,,,,,,,,,,,,,,,,,,,,,,,,,,,,,,,,,,,,,,,,,,,,,,,,,,,,,,,,,,,,,,,,,,,,,,,,,,,,,,,,,,,,,,,,,,,,,,,,,,,,,,,,,,,,,,,,,,,,,,,,,,,,,,,,,,,,,,,,,,,,,,,,,,,,,,,,,,,,,,,,,,,,,,,,,,,,,,,,,,,,,,,,,,,,,,,,,,,,,,,,,,,,,,,,,,,,,,,,,,,,,,,,,,,,,,,,,,,,,,,,,,,,,,,,,,,,,,,,,,,,,,,,,,,,,,,,,,,,,,,,,,,,,,,,,,,,,,,,,,,,,,,,,,
Sistema 433MHz SLH LR,210-211,Numero max schede di decodifica collegabili,PLUS1 433,,50,DECODER SLH,,-,,,,,,,,,,,,,,,,,,,,,,,,,,,,,,,,,,,,,,,,,,,,,,,,,,,,,,,,,,,,,,,,,,,,,,,,,,,,,,,,,,,,,,,,,,,,,,,,,,,,,,,,,,,,,,,,,,,,,,,,,,,,,,,,,,,,,,,,,,,,,,,,,,,,,,,,,,,,,,,,,,,,,,,,,,,,,,,,,,,,,,,,,,,,,,,,,,,,,,,,,,,,,,,,,,,,,,,,,,,,,,,,,,,,,,,,,,,,,,,,,,,,,,,,,,,,,,,,,,,,,,,,,,,,,,,,,,,,,,,,,,,,,,,,,,,,,,,,,,,,,,,,,,,,,,,,,,,,,,,,,,,,,,,,,,
Sistema 433MHz SLH LR,210-211,Memoria codici radio,PLUS1 433,,248,DECODER SLH,,248 CH 1-2 / 248 CH 3-4,,,,,,,,,,,,,,,,,,,,,,,,,,,,,,,,,,,,,,,,,,,,,,,,,,,,,,,,,,,,,,,,,,,,,,,,,,,,,,,,,,,,,,,,,,,,,,,,,,,,,,,,,,,,,,,,,,,,,,,,,,,,,,,,,,,,,,,,,,,,,,,,,,,,,,,,,,,,,,,,,,,,,,,,,,,,,,,,,,,,,,,,,,,,,,,,,,,,,,,,,,,,,,,,,,,,,,,,,,,,,,,,,,,,,,,,,,,,,,,,,,,,,,,,,,,,,,,,,,,,,,,,,,,,,,,,,,,,,,,,,,,,,,,,,,,,,,,,,,,,,,,,,,,,,,,,,,,,,,,,,,,,,,,,,,
Sistema 433MHz SLH LR,210-211,Collegamento,PLUS1 433,,-,DECODER SLH,,A connettore (schede FAAC) e/o morsetto,,,,,,,,,,,,,,,,,,,,,,,,,,,,,,,,,,,,,,,,,,,,,,,,,,,,,,,,,,,,,,,,,,,,,,,,,,,,,,,,,,,,,,,,,,,,,,,,,,,,,,,,,,,,,,,,,,,,,,,,,,,,,,,,,,,,,,,,,,,,,,,,,,,,,,,,,,,,,,,,,,,,,,,,,,,,,,,,,,,,,,,,,,,,,,,,,,,,,,,,,,,,,,,,,,,,,,,,,,,,,,,,,,,,,,,,,,,,,,,,,,,,,,,,,,,,,,,,,,,,,,,,,,,,,,,,,,,,,,,,,,,,,,,,,,,,,,,,,,,,,,,,,,,,,,,,,,,,,,,,,,,,,,,,,,
Sistema 433MHz SLH LR,210-211,Frequenza di ricezione,PLUS1 433,,433.92 Mhz - 868.35 Mhz,DECODER SLH,,Corrente assorbita,,,,,,,,,,,,,,,,,,,,,,,,,,,,,,,,,,,,,,,,,,,,,,,,,,,,,,,,,,,,,,,,,,,,,,,,,,,,,,,,,,,,,,,,,,,,,,,,,,,,,,,,,,,,,,,,,,,,,,,,,,,,,,,,,,,,,,,,,,,,,,,,,,,,,,,,,,,,,,,,,,,,,,,,,,,,,,,,,,,,,,,,,,,,,,,,,,,,,,,,,,,,,,,,,,,,,,,,,,,,,,,,,,,,,,,,,,,,,,,,,,,,,,,,,,,,,,,,,,,,,,,,,,,,,,,,,,,,,,,,,,,,,,,,,,,,,,,,,,,,,,,,,,,,,,,,,,,,,,,,,,,,,,,,,,
Sistema 433MHz SLH LR,210-211,Portata contatti,PLUS1 433,,"0,5 A / 120 VA",DECODER SLH,,"0,5 A / 120 VA",,,,,,,,,,,,,,,,,,,,,,,,,,,,,,,,,,,,,,,,,,,,,,,,,,,,,,,,,,,,,,,,,,,,,,,,,,,,,,,,,,,,,,,,,,,,,,,,,,,,,,,,,,,,,,,,,,,,,,,,,,,,,,,,,,,,,,,,,,,,,,,,,,,,,,,,,,,,,,,,,,,,,,,,,,,,,,,,,,,,,,,,,,,,,,,,,,,,,,,,,,,,,,,,,,,,,,,,,,,,,,,,,,,,,,,,,,,,,,,,,,,,,,,,,,,,,,,,,,,,,,,,,,,,,,,,,,,,,,,,,,,,,,,,,,,,,,,,,,,,,,,,,,,,,,,,,,,,,,,,,,,,,,,,,,
Sistema 433MHz SLH LR,210-211,Grado di protezione,PLUS1 433,,IP 44,DECODER SLH,,IP 44,,,,,,,,,,,,,,,,,,,,,,,,,,,,,,,,,,,,,,,,,,,,,,,,,,,,,,,,,,,,,,,,,,,,,,,,,,,,,,,,,,,,,,,,,,,,,,,,,,,,,,,,,,,,,,,,,,,,,,,,,,,,,,,,,,,,,,,,,,,,,,,,,,,,,,,,,,,,,,,,,,,,,,,,,,,,,,,,,,,,,,,,,,,,,,,,,,,,,,,,,,,,,,,,,,,,,,,,,,,,,,,,,,,,,,,,,,,,,,,,,,,,,,,,,,,,,,,,,,,,,,,,,,,,,,,,,,,,,,,,,,,,,,,,,,,,,,,,,,,,,,,,,,,,,,,,,,,,,,,,,,,,,,,,,,
Sistema 433MHz SLH LR,210-211,Temperatura ambiente di esercizio,PLUS1 433,,-20° C ÷ +55 ° C,DECODER SLH,,-20° C ÷ +55 ° C,,,,,,,,,,,,,,,,,,,,,,,,,,,,,,,,,,,,,,,,,,,,,,,,,,,,,,,,,,,,,,,,,,,,,,,,,,,,,,,,,,,,,,,,,,,,,,,,,,,,,,,,,,,,,,,,,,,,,,,,,,,,,,,,,,,,,,,,,,,,,,,,,,,,,,,,,,,,,,,,,,,,,,,,,,,,,,,,,,,,,,,,,,,,,,,,,,,,,,,,,,,,,,,,,,,,,,,,,,,,,,,,,,,,,,,,,,,,,,,,,,,,,,,,,,,,,,,,,,,,,,,,,,,,,,,,,,,,,,,,,,,,,,,,,,,,,,,,,,,,,,,,,,,,,,,,,,,,,,,,,,,,,,,,,,
Sistema 433MHz SLH LR,210-211,Dimensioni (LxPxH),PLUS1 433,,"90 x 70 x 32,5 mm",DECODER SLH,,Accessori,,,,,,,,,,,,,,,,,,,,,,,,,,,,,,,,,,,,,,,,,,,,,,,,,,,,,,,,,,,,,,,,,,,,,,,,,,,,,,,,,,,,,,,,,,,,,,,,,,,,,,,,,,,,,,,,,,,,,,,,,,,,,,,,,,,,,,,,,,,,,,,,,,,,,,,,,,,,,,,,,,,,,,,,,,,,,,,,,,,,,,,,,,,,,,,,,,,,,,,,,,,,,,,,,,,,,,,,,,,,,,,,,,,,,,,,,,,,,,,,,,,,,,,,,,,,,,,,,,,,,,,,,,,,,,,,,,,,,,,,,,,,,,,,,,,,,,,,,,,,,,,,,,,,,,,,,,,,,,,,,,,,,,,,,,
Sistema 433MHz SLH LR,210-211,"Frequenza d’utilizzo 433,92 MHz",PLUS1 433,,Tipo di codifica: tecnologia SLH LR,DECODER SLH,,(,,,,,,,,,,,,,,,,,,,,,,,,,,,,,,,,,,,,,,,,,,,,,,,,,,,,,,,,,,,,,,,,,,,,,,,,,,,,,,,,,,,,,,,,,,,,,,,,,,,,,,,,,,,,,,,,,,,,,,,,,,,,,,,,,,,,,,,,,,,,,,,,,,,,,,,,,,,,,,,,,,,,,,,,,,,,,,,,,,,,,,,,,,,,,,,,,,,,,,,,,,,,,,,,,,,,,,,,,,,,,,,,,,,,,,,,,,,,,,,,,,,,,,,,,,,,,,,,,,,,,,,,,,,,,,,,,,,,,,,,,,,,,,,,,,,,,,,,,,,,,,,,,,,,,,,,,,,,,,,,,,,,,,,,,,
Sistema 433MHz SLH LR,210-211,Modulo di frequenza,PLUS1 433,,787831,DECODER SLH,,"61,00",,,,,,,,,,,,,,,,,,,,,,,,,,,,,,,,,,,,,,,,,,,,,,,,,,,,,,,,,,,,,,,,,,,,,,,,,,,,,,,,,,,,,,,,,,,,,,,,,,,,,,,,,,,,,,,,,,,,,,,,,,,,,,,,,,,,,,,,,,,,,,,,,,,,,,,,,,,,,,,,,,,,,,,,,,,,,,,,,,,,,,,,,,,,,,,,,,,,,,,,,,,,,,,,,,,,,,,,,,,,,,,,,,,,,,,,,,,,,,,,,,,,,,,,,,,,,,,,,,,,,,,,,,,,,,,,,,,,,,,,,,,,,,,,,,,,,,,,,,,,,,,,,,,,,,,,,,,,,,,,,,,,,,,,,,
Sistema SLHP LR,212-213,Tensione di alimentazione,DECODER SLHP,,20 ÷ 30V,,,,,,,,,,,,,,,,,,,,,,,,,,,,,,,,,,,,,,,,,,,,,,,,,,,,,,,,,,,,,,,,,,,,,,,,,,,,,,,,,,,,,,,,,,,,,,,,,,,,,,,,,,,,,,,,,,,,,,,,,,,,,,,,,,,,,,,,,,,,,,,,,,,,,,,,,,,,,,,,,,,,,,,,,,,,,,,,,,,,,,,,,,,,,,,,,,,,,,,,,,,,,,,,,,,,,,,,,,,,,,,,,,,,,,,,,,,,,,,,,,,,,,,,,,,,,,,,,,,,,,,,,,,,,,,,,,,,,,,,,,,,,,,,,,,,,,,,,,,,,,,,,,,,,,,,,,,,,,,,,,,,,,,,,,,,,
Sistema SLHP LR,212-213,Memoria codici radio,DECODER SLHP,,-,,,,,,,,,,,,,,,,,,,,,,,,,,,,,,,,,,,,,,,,,,,,,,,,,,,,,,,,,,,,,,,,,,,,,,,,,,,,,,,,,,,,,,,,,,,,,,,,,,,,,,,,,,,,,,,,,,,,,,,,,,,,,,,,,,,,,,,,,,,,,,,,,,,,,,,,,,,,,,,,,,,,,,,,,,,,,,,,,,,,,,,,,,,,,,,,,,,,,,,,,,,,,,,,,,,,,,,,,,,,,,,,,,,,,,,,,,,,,,,,,,,,,,,,,,,,,,,,,,,,,,,,,,,,,,,,,,,,,,,,,,,,,,,,,,,,,,,,,,,,,,,,,,,,,,,,,,,,,,,,,,,,,,,,,,,,,
Sistema SLHP LR,212-213,Collegamento,DECODER SLHP,,-,,,,,,,,,,,,,,,,,,,,,,,,,,,,,,,,,,,,,,,,,,,,,,,,,,,,,,,,,,,,,,,,,,,,,,,,,,,,,,,,,,,,,,,,,,,,,,,,,,,,,,,,,,,,,,,,,,,,,,,,,,,,,,,,,,,,,,,,,,,,,,,,,,,,,,,,,,,,,,,,,,,,,,,,,,,,,,,,,,,,,,,,,,,,,,,,,,,,,,,,,,,,,,,,,,,,,,,,,,,,,,,,,,,,,,,,,,,,,,,,,,,,,,,,,,,,,,,,,,,,,,,,,,,,,,,,,,,,,,,,,,,,,,,,,,,,,,,,,,,,,,,,,,,,,,,,,,,,,,,,,,,,,,,,,,,,,
Sistema SLHP LR,212-213,Numero max schede di decodifica collegabili,DECODER SLHP,,50,,,,,,,,,,,,,,,,,,,,,,,,,,,,,,,,,,,,,,,,,,,,,,,,,,,,,,,,,,,,,,,,,,,,,,,,,,,,,,,,,,,,,,,,,,,,,,,,,,,,,,,,,,,,,,,,,,,,,,,,,,,,,,,,,,,,,,,,,,,,,,,,,,,,,,,,,,,,,,,,,,,,,,,,,,,,,,,,,,,,,,,,,,,,,,,,,,,,,,,,,,,,,,,,,,,,,,,,,,,,,,,,,,,,,,,,,,,,,,,,,,,,,,,,,,,,,,,,,,,,,,,,,,,,,,,,,,,,,,,,,,,,,,,,,,,,,,,,,,,,,,,,,,,,,,,,,,,,,,,,,,,,,,,,,,,,,
Sistema SLHP LR,212-213,"Frequenza d’utilizzo 868,35 MHz o 433,92 MHz",DECODER SLHP,,Tipo di codifica: tecnologia SLHP LR,,,,,,,,,,,,,,,,,,,,,,,,,,,,,,,,,,,,,,,,,,,,,,,,,,,,,,,,,,,,,,,,,,,,,,,,,,,,,,,,,,,,,,,,,,,,,,,,,,,,,,,,,,,,,,,,,,,,,,,,,,,,,,,,,,,,,,,,,,,,,,,,,,,,,,,,,,,,,,,,,,,,,,,,,,,,,,,,,,,,,,,,,,,,,,,,,,,,,,,,,,,,,,,,,,,,,,,,,,,,,,,,,,,,,,,,,,,,,,,,,,,,,,,,,,,,,,,,,,,,,,,,,,,,,,,,,,,,,,,,,,,,,,,,,,,,,,,,,,,,,,,,,,,,,,,,,,,,,,,,,,,,,,,,,,,,,
Sistema SLHP LR,212-213,") e nasce per la realizzazione di impianti altamente professionali in cui sia richiesta la programmazione dei radiocomandi e delle schede di memoria con codici dedicati tramite unità di programmazione e/o tramite software a PC. Ciò consente inoltre la creazione dei archivi a PC dei codici presenti su ogni impianto realizzato, agevolando di conseguenza la gestione dell’impianto (aggiunta codici radio da remoto).",DECODER SLHP,,Un impianto SLHP sarà quindi composto da: 1 ricevente pluricanale (433MHz o 868MHz) + un numero di DECODER SLHP pari al numero di utenze da controllare.,,,,,,,,,,,,,,,,,,,,,,,,,,,,,,,,,,,,,,,,,,,,,,,,,,,,,,,,,,,,,,,,,,,,,,,,,,,,,,,,,,,,,,,,,,,,,,,,,,,,,,,,,,,,,,,,,,,,,,,,,,,,,,,,,,,,,,,,,,,,,,,,,,,,,,,,,,,,,,,,,,,,,,,,,,,,,,,,,,,,,,,,,,,,,,,,,,,,,,,,,,,,,,,,,,,,,,,,,,,,,,,,,,,,,,,,,,,,,,,,,,,,,,,,,,,,,,,,,,,,,,,,,,,,,,,,,,,,,,,,,,,,,,,,,,,,,,,,,,,,,,,,,,,,,,,,,,,,,,,,,,,,,,,,,,,,,
Sistema SLHP LR,212-213,(in base alla frequenza scelta 433MHz o 868MHz),DECODER SLHP,,Modello,,,,,,,,,,,,,,,,,,,,,,,,,,,,,,,,,,,,,,,,,,,,,,,,,,,,,,,,,,,,,,,,,,,,,,,,,,,,,,,,,,,,,,,,,,,,,,,,,,,,,,,,,,,,,,,,,,,,,,,,,,,,,,,,,,,,,,,,,,,,,,,,,,,,,,,,,,,,,,,,,,,,,,,,,,,,,,,,,,,,,,,,,,,,,,,,,,,,,,,,,,,,,,,,,,,,,,,,,,,,,,,,,,,,,,,,,,,,,,,,,,,,,,,,,,,,,,,,,,,,,,,,,,,,,,,,,,,,,,,,,,,,,,,,,,,,,,,,,,,,,,,,,,,,,,,,,,,,,,,,,,,,,,,,,,,,,
Sistema SLHP LR,212-213,Capacità di memoria 1000 codici espandibili fino a,DECODER SLHP,,max 2000 codici (con MEX SLH accessoria),,,,,,,,,,,,,,,,,,,,,,,,,,,,,,,,,,,,,,,,,,,,,,,,,,,,,,,,,,,,,,,,,,,,,,,,,,,,,,,,,,,,,,,,,,,,,,,,,,,,,,,,,,,,,,,,,,,,,,,,,,,,,,,,,,,,,,,,,,,,,,,,,,,,,,,,,,,,,,,,,,,,,,,,,,,,,,,,,,,,,,,,,,,,,,,,,,,,,,,,,,,,,,,,,,,,,,,,,,,,,,,,,,,,,,,,,,,,,,,,,,,,,,,,,,,,,,,,,,,,,,,,,,,,,,,,,,,,,,,,,,,,,,,,,,,,,,,,,,,,,,,,,,,,,,,,,,,,,,,,,,,,,,,,,,,,,
Sistema 433MHz RC,214-215,Tensione di alimentazione,XR2N 433-868,,12 ÷ 24 V~ - 12 ÷ 24 V~,XR4N 433-868,,12 ÷ 24 V~ - 12 ÷ 24 V~,,,,,,,,,,,,,,,,,,,,,,,,,,,,,,,,,,,,,,,,,,,,,,,,,,,,,,,,,,,,,,,,,,,,,,,,,,,,,,,,,,,,,,,,,,,,,,,,,,,,,,,,,,,,,,,,,,,,,,,,,,,,,,,,,,,,,,,,,,,,,,,,,,,,,,,,,,,,,,,,,,,,,,,,,,,,,,,,,,,,,,,,,,,,,,,,,,,,,,,,,,,,,,,,,,,,,,,,,,,,,,,,,,,,,,,,,,,,,,,,,,,,,,,,,,,,,,,,,,,,,,,,,,,,,,,,,,,,,,,,,,,,,,,,,,,,,,,,,,,,,,,,,,,,,,,,,,,,,,,,,,,,,,,,,,
Sistema 433MHz RC,214-215,Frequenza di ricezione,XR2N 433-868,,433.92 Mhz - 868.35 Mhz,XR4N 433-868,,Corrente assorbita,,,,,,,,,,,,,,,,,,,,,,,,,,,,,,,,,,,,,,,,,,,,,,,,,,,,,,,,,,,,,,,,,,,,,,,,,,,,,,,,,,,,,,,,,,,,,,,,,,,,,,,,,,,,,,,,,,,,,,,,,,,,,,,,,,,,,,,,,,,,,,,,,,,,,,,,,,,,,,,,,,,,,,,,,,,,,,,,,,,,,,,,,,,,,,,,,,,,,,,,,,,,,,,,,,,,,,,,,,,,,,,,,,,,,,,,,,,,,,,,,,,,,,,,,,,,,,,,,,,,,,,,,,,,,,,,,,,,,,,,,,,,,,,,,,,,,,,,,,,,,,,,,,,,,,,,,,,,,,,,,,,,,,,,,,
Sistema 433MHz RC,214-215,Memoria codici radio,XR2N 433-868,,248,XR4N 433-868,,248 CH 1-2 / 248 CH 3-4,,,,,,,,,,,,,,,,,,,,,,,,,,,,,,,,,,,,,,,,,,,,,,,,,,,,,,,,,,,,,,,,,,,,,,,,,,,,,,,,,,,,,,,,,,,,,,,,,,,,,,,,,,,,,,,,,,,,,,,,,,,,,,,,,,,,,,,,,,,,,,,,,,,,,,,,,,,,,,,,,,,,,,,,,,,,,,,,,,,,,,,,,,,,,,,,,,,,,,,,,,,,,,,,,,,,,,,,,,,,,,,,,,,,,,,,,,,,,,,,,,,,,,,,,,,,,,,,,,,,,,,,,,,,,,,,,,,,,,,,,,,,,,,,,,,,,,,,,,,,,,,,,,,,,,,,,,,,,,,,,,,,,,,,,,
Sistema 433MHz RC,214-215,Portata contatti,XR2N 433-868,,"0,5 A / 120 VA",XR4N 433-868,,"0,5 A / 120 VA",,,,,,,,,,,,,,,,,,,,,,,,,,,,,,,,,,,,,,,,,,,,,,,,,,,,,,,,,,,,,,,,,,,,,,,,,,,,,,,,,,,,,,,,,,,,,,,,,,,,,,,,,,,,,,,,,,,,,,,,,,,,,,,,,,,,,,,,,,,,,,,,,,,,,,,,,,,,,,,,,,,,,,,,,,,,,,,,,,,,,,,,,,,,,,,,,,,,,,,,,,,,,,,,,,,,,,,,,,,,,,,,,,,,,,,,,,,,,,,,,,,,,,,,,,,,,,,,,,,,,,,,,,,,,,,,,,,,,,,,,,,,,,,,,,,,,,,,,,,,,,,,,,,,,,,,,,,,,,,,,,,,,,,,,,
Sistema 433MHz RC,214-215,Grado di protezione,XR2N 433-868,,IP 44,XR4N 433-868,,IP 44,,,,,,,,,,,,,,,,,,,,,,,,,,,,,,,,,,,,,,,,,,,,,,,,,,,,,,,,,,,,,,,,,,,,,,,,,,,,,,,,,,,,,,,,,,,,,,,,,,,,,,,,,,,,,,,,,,,,,,,,,,,,,,,,,,,,,,,,,,,,,,,,,,,,,,,,,,,,,,,,,,,,,,,,,,,,,,,,,,,,,,,,,,,,,,,,,,,,,,,,,,,,,,,,,,,,,,,,,,,,,,,,,,,,,,,,,,,,,,,,,,,,,,,,,,,,,,,,,,,,,,,,,,,,,,,,,,,,,,,,,,,,,,,,,,,,,,,,,,,,,,,,,,,,,,,,,,,,,,,,,,,,,,,,,,
Sistema 433MHz RC,214-215,Temperatura ambiente di esercizio,XR2N 433-868,,-20° C ÷ +55 ° C,XR4N 433-868,,-20° C ÷ +55 ° C,,,,,,,,,,,,,,,,,,,,,,,,,,,,,,,,,,,,,,,,,,,,,,,,,,,,,,,,,,,,,,,,,,,,,,,,,,,,,,,,,,,,,,,,,,,,,,,,,,,,,,,,,,,,,,,,,,,,,,,,,,,,,,,,,,,,,,,,,,,,,,,,,,,,,,,,,,,,,,,,,,,,,,,,,,,,,,,,,,,,,,,,,,,,,,,,,,,,,,,,,,,,,,,,,,,,,,,,,,,,,,,,,,,,,,,,,,,,,,,,,,,,,,,,,,,,,,,,,,,,,,,,,,,,,,,,,,,,,,,,,,,,,,,,,,,,,,,,,,,,,,,,,,,,,,,,,,,,,,,,,,,,,,,,,,
Sistema 433MHz RC,214-215,Dimensioni (LxPxH),XR2N 433-868,,"90 x 70 x 32,5 mm",XR4N 433-868,,Accessori,,,,,,,,,,,,,,,,,,,,,,,,,,,,,,,,,,,,,,,,,,,,,,,,,,,,,,,,,,,,,,,,,,,,,,,,,,,,,,,,,,,,,,,,,,,,,,,,,,,,,,,,,,,,,,,,,,,,,,,,,,,,,,,,,,,,,,,,,,,,,,,,,,,,,,,,,,,,,,,,,,,,,,,,,,,,,,,,,,,,,,,,,,,,,,,,,,,,,,,,,,,,,,,,,,,,,,,,,,,,,,,,,,,,,,,,,,,,,,,,,,,,,,,,,,,,,,,,,,,,,,,,,,,,,,,,,,,,,,,,,,,,,,,,,,,,,,,,,,,,,,,,,,,,,,,,,,,,,,,,,,,,,,,,,,
Sistema 433MHz RC,214-215,"Frequenza d’utilizzo 433,92 MHz",XR2N 433-868,,Tipo di codifica: tecnologia RC,XR4N 433-868,,RC = ROLLING code:,,,,,,,,,,,,,,,,,,,,,,,,,,,,,,,,,,,,,,,,,,,,,,,,,,,,,,,,,,,,,,,,,,,,,,,,,,,,,,,,,,,,,,,,,,,,,,,,,,,,,,,,,,,,,,,,,,,,,,,,,,,,,,,,,,,,,,,,,,,,,,,,,,,,,,,,,,,,,,,,,,,,,,,,,,,,,,,,,,,,,,,,,,,,,,,,,,,,,,,,,,,,,,,,,,,,,,,,,,,,,,,,,,,,,,,,,,,,,,,,,,,,,,,,,,,,,,,,,,,,,,,,,,,,,,,,,,,,,,,,,,,,,,,,,,,,,,,,,,,,,,,,,,,,,,,,,,,,,,,,,,,,,,,,,,
Sistema 433MHz RC,214-215,Modulo di frequenza,XR2N 433-868,,787831,XR4N 433-868,,"61,00",,,,,,,,,,,,,,,,,,,,,,,,,,,,,,,,,,,,,,,,,,,,,,,,,,,,,,,,,,,,,,,,,,,,,,,,,,,,,,,,,,,,,,,,,,,,,,,,,,,,,,,,,,,,,,,,,,,,,,,,,,,,,,,,,,,,,,,,,,,,,,,,,,,,,,,,,,,,,,,,,,,,,,,,,,,,,,,,,,,,,,,,,,,,,,,,,,,,,,,,,,,,,,,,,,,,,,,,,,,,,,,,,,,,,,,,,,,,,,,,,,,,,,,,,,,,,,,,,,,,,,,,,,,,,,,,,,,,,,,,,,,,,,,,,,,,,,,,,,,,,,,,,,,,,,,,,,,,,,,,,,,,,,,,,,
Datori d'impulso semplici,216-219,Portata contatti,XK30,,100 mA,Tipologia di installazione,,100 mA,a parete,,100 mA,Microinterruttori in scambio,,100 mA,2,,100 mA,,,,,,,,,,,,,,,,,,,,,,,,,,,,,,,,,,,,,,,,,,,,,,,,,,,,,,,,,,,,,,,,,,,,,,,,,,,,,,,,,,,,,,,,,,,,,,,,,,,,,,,,,,,,,,,,,,,,,,,,,,,,,,,,,,,,,,,,,,,,,,,,,,,,,,,,,,,,,,,,,,,,,,,,,,,,,,,,,,,,,,,,,,,,,,,,,,,,,,,,,,,,,,,,,,,,,,,,,,,,,,,,,,,,,,,,,,,,,,,,,,,,,,,,,,,,,,,,,,,,,,,,,,,,,,,,,,,,,,,,,,,,,,,,,,,,,,,,,,,,,,,,,,,,,,,,,,,,,,,,,
Datori d'impulso semplici,216-219,Grado di protezione,XK30,,IP54,Tipologia di installazione,,IP54,a parete,,IP54,Microinterruttori in scambio,,IP54,2,,IP54,,,,,,,,,,,,,,,,,,,,,,,,,,,,,,,,,,,,,,,,,,,,,,,,,,,,,,,,,,,,,,,,,,,,,,,,,,,,,,,,,,,,,,,,,,,,,,,,,,,,,,,,,,,,,,,,,,,,,,,,,,,,,,,,,,,,,,,,,,,,,,,,,,,,,,,,,,,,,,,,,,,,,,,,,,,,,,,,,,,,,,,,,,,,,,,,,,,,,,,,,,,,,,,,,,,,,,,,,,,,,,,,,,,,,,,,,,,,,,,,,,,,,,,,,,,,,,,,,,,,,,,,,,,,,,,,,,,,,,,,,,,,,,,,,,,,,,,,,,,,,,,,,,,,,,,,,,,,,,,,,
Datori d'impulso semplici,216-219,Temperatura ambiente di esercizio,XK30,,-20 °C +55 °C,Tipologia di installazione,,-20 °C +55 °C,a parete,,-20 °C +55 °C,Microinterruttori in scambio,,-20 °C +55 °C,2,,-20 °C +55 °C,,,,,,,,,,,,,,,,,,,,,,,,,,,,,,,,,,,,,,,,,,,,,,,,,,,,,,,,,,,,,,,,,,,,,,,,,,,,,,,,,,,,,,,,,,,,,,,,,,,,,,,,,,,,,,,,,,,,,,,,,,,,,,,,,,,,,,,,,,,,,,,,,,,,,,,,,,,,,,,,,,,,,,,,,,,,,,,,,,,,,,,,,,,,,,,,,,,,,,,,,,,,,,,,,,,,,,,,,,,,,,,,,,,,,,,,,,,,,,,,,,,,,,,,,,,,,,,,,,,,,,,,,,,,,,,,,,,,,,,,,,,,,,,,,,,,,,,,,,,,,,,,,,,,,,,,,,,,,,,,,
Datori d'impulso semplici,216-219,Dimensioni (LxPxH),XK30,,72 x 35 x 100 mm,Tipologia di installazione,,72 x 35 x 100 mm,a parete,,Caratteristiche tecniche,Microinterruttori in scambio,,Modello,2,,Descrizione,,,,,,,,,,,,,,,,,,,,,,,,,,,,,,,,,,,,,,,,,,,,,,,,,,,,,,,,,,,,,,,,,,,,,,,,,,,,,,,,,,,,,,,,,,,,,,,,,,,,,,,,,,,,,,,,,,,,,,,,,,,,,,,,,,,,,,,,,,,,,,,,,,,,,,,,,,,,,,,,,,,,,,,,,,,,,,,,,,,,,,,,,,,,,,,,,,,,,,,,,,,,,,,,,,,,,,,,,,,,,,,,,,,,,,,,,,,,,,,,,,,,,,,,,,,,,,,,,,,,,,,,,,,,,,,,,,,,,,,,,,,,,,,,,,,,,,,,,,,,,,,,,,,,,,,,,,,,,,,,,
Datori d'impulso elettronici,220-222,Tensione di alimentazione,FG1,,"Bus 2easy, a 2 fili non polarizzati 24 V",FG2,,"Bus 2easy, a 2 fili non polarizzati 24 V",Numero spire collegabili,,"Bus 2easy, a 2 fili non polarizzati 24 V",1,,"Bus 2easy, a 2 fili non polarizzati 24 V",2,,"Bus 2easy, a 2 fili non polarizzati 24 V",,,,,,,,,,,,,,,,,,,,,,,,,,,,,,,,,,,,,,,,,,,,,,,,,,,,,,,,,,,,,,,,,,,,,,,,,,,,,,,,,,,,,,,,,,,,,,,,,,,,,,,,,,,,,,,,,,,,,,,,,,,,,,,,,,,,,,,,,,,,,,,,,,,,,,,,,,,,,,,,,,,,,,,,,,,,,,,,,,,,,,,,,,,,,,,,,,,,,,,,,,,,,,,,,,,,,,,,,,,,,,,,,,,,,,,,,,,,,,,,,,,,,,,,,,,,,,,,,,,,,,,,,,,,,,,,,,,,,,,,,,,,,,,,,,,,,,,,,,,,,,,,,,,,,,,,,,,,,,,,,
Datori d'impulso elettronici,220-222,Portata contatti,FG1,,10 A / 24V,FG2,,- 10 A / 230V~,Numero spire collegabili,,- 10 A / 230V~,1,,- 10 A / 230V~,2,,- 10 A / 230V~,,,,,,,,,,,,,,,,,,,,,,,,,,,,,,,,,,,,,,,,,,,,,,,,,,,,,,,,,,,,,,,,,,,,,,,,,,,,,,,,,,,,,,,,,,,,,,,,,,,,,,,,,,,,,,,,,,,,,,,,,,,,,,,,,,,,,,,,,,,,,,,,,,,,,,,,,,,,,,,,,,,,,,,,,,,,,,,,,,,,,,,,,,,,,,,,,,,,,,,,,,,,,,,,,,,,,,,,,,,,,,,,,,,,,,,,,,,,,,,,,,,,,,,,,,,,,,,,,,,,,,,,,,,,,,,,,,,,,,,,,,,,,,,,,,,,,,,,,,,,,,,,,,,,,,,,,,,,,,,,,
Datori d'impulso elettronici,220-222,Temperatura ambiente di esercizio,FG1,,-20 °C +55 °C,FG2,,-20 °C +55 °C,Numero spire collegabili,,-20 °C +55 °C,1,,-20 °C +55 °C,2,,-20 °C +55 °C,,,,,,,,,,,,,,,,,,,,,,,,,,,,,,,,,,,,,,,,,,,,,,,,,,,,,,,,,,,,,,,,,,,,,,,,,,,,,,,,,,,,,,,,,,,,,,,,,,,,,,,,,,,,,,,,,,,,,,,,,,,,,,,,,,,,,,,,,,,,,,,,,,,,,,,,,,,,,,,,,,,,,,,,,,,,,,,,,,,,,,,,,,,,,,,,,,,,,,,,,,,,,,,,,,,,,,,,,,,,,,,,,,,,,,,,,,,,,,,,,,,,,,,,,,,,,,,,,,,,,,,,,,,,,,,,,,,,,,,,,,,,,,,,,,,,,,,,,,,,,,,,,,,,,,,,,,,,,,,,,
Datori d'impulso elettronici,220-222,Potenza max,FG1,,35 VA W,FG2,,35 VA W,Numero spire collegabili,,35 VA W,1,,35 VA W,2,,35 VA W,,,,,,,,,,,,,,,,,,,,,,,,,,,,,,,,,,,,,,,,,,,,,,,,,,,,,,,,,,,,,,,,,,,,,,,,,,,,,,,,,,,,,,,,,,,,,,,,,,,,,,,,,,,,,,,,,,,,,,,,,,,,,,,,,,,,,,,,,,,,,,,,,,,,,,,,,,,,,,,,,,,,,,,,,,,,,,,,,,,,,,,,,,,,,,,,,,,,,,,,,,,,,,,,,,,,,,,,,,,,,,,,,,,,,,,,,,,,,,,,,,,,,,,,,,,,,,,,,,,,,,,,,,,,,,,,,,,,,,,,,,,,,,,,,,,,,,,,,,,,,,,,,,,,,,,,,,,,,,,,,
Datori d'impulso elettronici,220-222,Tensione di alimentazione elettroserratura,FG1,,12V~,FG2,,12V~,Numero spire collegabili,,12V~,1,,12V~,2,,12V~,,,,,,,,,,,,,,,,,,,,,,,,,,,,,,,,,,,,,,,,,,,,,,,,,,,,,,,,,,,,,,,,,,,,,,,,,,,,,,,,,,,,,,,,,,,,,,,,,,,,,,,,,,,,,,,,,,,,,,,,,,,,,,,,,,,,,,,,,,,,,,,,,,,,,,,,,,,,,,,,,,,,,,,,,,,,,,,,,,,,,,,,,,,,,,,,,,,,,,,,,,,,,,,,,,,,,,,,,,,,,,,,,,,,,,,,,,,,,,,,,,,,,,,,,,,,,,,,,,,,,,,,,,,,,,,,,,,,,,,,,,,,,,,,,,,,,,,,,,,,,,,,,,,,,,,,,,,,,,,,,
Datori d'impulso elettronici,220-222,Tensione di alimentazione accessori,FG1,,500 mA / 24V,FG2,,500 mA / 24V,Numero spire collegabili,,500 mA / 24V,1,,500 mA / 24V,2,,500 mA / 24V,,,,,,,,,,,,,,,,,,,,,,,,,,,,,,,,,,,,,,,,,,,,,,,,,,,,,,,,,,,,,,,,,,,,,,,,,,,,,,,,,,,,,,,,,,,,,,,,,,,,,,,,,,,,,,,,,,,,,,,,,,,,,,,,,,,,,,,,,,,,,,,,,,,,,,,,,,,,,,,,,,,,,,,,,,,,,,,,,,,,,,,,,,,,,,,,,,,,,,,,,,,,,,,,,,,,,,,,,,,,,,,,,,,,,,,,,,,,,,,,,,,,,,,,,,,,,,,,,,,,,,,,,,,,,,,,,,,,,,,,,,,,,,,,,,,,,,,,,,,,,,,,,,,,,,,,,,,,,,,,,
Datori d'impulso elettronici,220-222,Numero max LETTORI collegabili su scheda con Bus2Easy,FG1,,14 (monocanale) - 4 (bicanale),FG2,,14 (monocanale) - 4 (bicanale),Numero spire collegabili,,14 (monocanale) - 4 (bicanale),1,,14 (monocanale) - 4 (bicanale),2,,14 (monocanale) - 4 (bicanale),,,,,,,,,,,,,,,,,,,,,,,,,,,,,,,,,,,,,,,,,,,,,,,,,,,,,,,,,,,,,,,,,,,,,,,,,,,,,,,,,,,,,,,,,,,,,,,,,,,,,,,,,,,,,,,,,,,,,,,,,,,,,,,,,,,,,,,,,,,,,,,,,,,,,,,,,,,,,,,,,,,,,,,,,,,,,,,,,,,,,,,,,,,,,,,,,,,,,,,,,,,,,,,,,,,,,,,,,,,,,,,,,,,,,,,,,,,,,,,,,,,,,,,,,,,,,,,,,,,,,,,,,,,,,,,,,,,,,,,,,,,,,,,,,,,,,,,,,,,,,,,,,,,,,,,,,,,,,,,,,
Datori d'impulso elettronici,220-222,Grado di protezione,FG1,,IP54,FG2,,IP54,Numero spire collegabili,,IP54,1,,IP54,2,,IP54,,,,,,,,,,,,,,,,,,,,,,,,,,,,,,,,,,,,,,,,,,,,,,,,,,,,,,,,,,,,,,,,,,,,,,,,,,,,,,,,,,,,,,,,,,,,,,,,,,,,,,,,,,,,,,,,,,,,,,,,,,,,,,,,,,,,,,,,,,,,,,,,,,,,,,,,,,,,,,,,,,,,,,,,,,,,,,,,,,,,,,,,,,,,,,,,,,,,,,,,,,,,,,,,,,,,,,,,,,,,,,,,,,,,,,,,,,,,,,,,,,,,,,,,,,,,,,,,,,,,,,,,,,,,,,,,,,,,,,,,,,,,,,,,,,,,,,,,,,,,,,,,,,,,,,,,,,,,,,,,,
Datori d'impulso elettronici,220-222,Dimensioni (LxPxH),FG1,,72 x 21 x 100 mm,FG2,,72 x 21 x 100 mm,Numero spire collegabili,,72 x 21 x 100 mm,1,,72 x 21 x 100 mm,2,,72 x 21 x 100 mm,,,,,,,,,,,,,,,,,,,,,,,,,,,,,,,,,,,,,,,,,,,,,,,,,,,,,,,,,,,,,,,,,,,,,,,,,,,,,,,,,,,,,,,,,,,,,,,,,,,,,,,,,,,,,,,,,,,,,,,,,,,,,,,,,,,,,,,,,,,,,,,,,,,,,,,,,,,,,,,,,,,,,,,,,,,,,,,,,,,,,,,,,,,,,,,,,,,,,,,,,,,,,,,,,,,,,,,,,,,,,,,,,,,,,,,,,,,,,,,,,,,,,,,,,,,,,,,,,,,,,,,,,,,,,,,,,,,,,,,,,,,,,,,,,,,,,,,,,,,,,,,,,,,,,,,,,,,,,,,,,
Datori d'impulso elettronici,220-222,Frequenza di emissione,FG1,,433.92 MHz,FG2,,868.35 MHz,Numero spire collegabili,,Decodifica segnale radio,1,,SLH: Rolling code criptato ad autoapprendimento,2,,SLH: Rolling code criptato ad autoapprendimento,,,,,,,,,,,,,,,,,,,,,,,,,,,,,,,,,,,,,,,,,,,,,,,,,,,,,,,,,,,,,,,,,,,,,,,,,,,,,,,,,,,,,,,,,,,,,,,,,,,,,,,,,,,,,,,,,,,,,,,,,,,,,,,,,,,,,,,,,,,,,,,,,,,,,,,,,,,,,,,,,,,,,,,,,,,,,,,,,,,,,,,,,,,,,,,,,,,,,,,,,,,,,,,,,,,,,,,,,,,,,,,,,,,,,,,,,,,,,,,,,,,,,,,,,,,,,,,,,,,,,,,,,,,,,,,,,,,,,,,,,,,,,,,,,,,,,,,,,,,,,,,,,,,,,,,,,,,,,,,,,
Datori d'impulso elettronici,220-222,Numero max. di codici utente,FG1,,255,FG2,,255,Numero spire collegabili,,255,1,,255,2,,255,,,,,,,,,,,,,,,,,,,,,,,,,,,,,,,,,,,,,,,,,,,,,,,,,,,,,,,,,,,,,,,,,,,,,,,,,,,,,,,,,,,,,,,,,,,,,,,,,,,,,,,,,,,,,,,,,,,,,,,,,,,,,,,,,,,,,,,,,,,,,,,,,,,,,,,,,,,,,,,,,,,,,,,,,,,,,,,,,,,,,,,,,,,,,,,,,,,,,,,,,,,,,,,,,,,,,,,,,,,,,,,,,,,,,,,,,,,,,,,,,,,,,,,,,,,,,,,,,,,,,,,,,,,,,,,,,,,,,,,,,,,,,,,,,,,,,,,,,,,,,,,,,,,,,,,,,,,,,,,,,
Datori d'impulso elettronici,220-222,Numero max. di comandi,FG1,,2 (fino a 4 con adattatore XBR4),FG2,,Caratteristiche tecniche,Numero spire collegabili,,Modello,1,,Descrizione,2,,Codice articolo,,,,,,,,,,,,,,,,,,,,,,,,,,,,,,,,,,,,,,,,,,,,,,,,,,,,,,,,,,,,,,,,,,,,,,,,,,,,,,,,,,,,,,,,,,,,,,,,,,,,,,,,,,,,,,,,,,,,,,,,,,,,,,,,,,,,,,,,,,,,,,,,,,,,,,,,,,,,,,,,,,,,,,,,,,,,,,,,,,,,,,,,,,,,,,,,,,,,,,,,,,,,,,,,,,,,,,,,,,,,,,,,,,,,,,,,,,,,,,,,,,,,,,,,,,,,,,,,,,,,,,,,,,,,,,,,,,,,,,,,,,,,,,,,,,,,,,,,,,,,,,,,,,,,,,,,,,,,,,,,,
Alimentatore supplementare,223,Tensione di alimentazione,FG1,,"Bus 2easy, a 2 fili non polarizzati 24 V",FG2,,Consumo max,Numero spire collegabili,,50 mA,1,,50 mA,2,,50 mA,,,,,,,,,,,,,,,,,,,,,,,,,,,,,,,,,,,,,,,,,,,,,,,,,,,,,,,,,,,,,,,,,,,,,,,,,,,,,,,,,,,,,,,,,,,,,,,,,,,,,,,,,,,,,,,,,,,,,,,,,,,,,,,,,,,,,,,,,,,,,,,,,,,,,,,,,,,,,,,,,,,,,,,,,,,,,,,,,,,,,,,,,,,,,,,,,,,,,,,,,,,,,,,,,,,,,,,,,,,,,,,,,,,,,,,,,,,,,,,,,,,,,,,,,,,,,,,,,,,,,,,,,,,,,,,,,,,,,,,,,,,,,,,,,,,,,,,,,,,,,,,,,,,,,,,,,,,,,,,,,
Alimentatore supplementare,223,Portata contatti,FG1,,10 A / 24V,FG2,,- 10 A / 230V~,Numero spire collegabili,,- 10 A / 230V~,1,,- 10 A / 230V~,2,,- 10 A / 230V~,,,,,,,,,,,,,,,,,,,,,,,,,,,,,,,,,,,,,,,,,,,,,,,,,,,,,,,,,,,,,,,,,,,,,,,,,,,,,,,,,,,,,,,,,,,,,,,,,,,,,,,,,,,,,,,,,,,,,,,,,,,,,,,,,,,,,,,,,,,,,,,,,,,,,,,,,,,,,,,,,,,,,,,,,,,,,,,,,,,,,,,,,,,,,,,,,,,,,,,,,,,,,,,,,,,,,,,,,,,,,,,,,,,,,,,,,,,,,,,,,,,,,,,,,,,,,,,,,,,,,,,,,,,,,,,,,,,,,,,,,,,,,,,,,,,,,,,,,,,,,,,,,,,,,,,,,,,,,,,,,
Alimentatore supplementare,223,Temperatura ambiente di esercizio,FG1,,-20°C ÷ +55°C,FG2,,Sistemi di comando,Numero spire collegabili,,Datori d'impulso elettronici,1,,XTR B,2,,Modello,,,,,,,,,,,,,,,,,,,,,,,,,,,,,,,,,,,,,,,,,,,,,,,,,,,,,,,,,,,,,,,,,,,,,,,,,,,,,,,,,,,,,,,,,,,,,,,,,,,,,,,,,,,,,,,,,,,,,,,,,,,,,,,,,,,,,,,,,,,,,,,,,,,,,,,,,,,,,,,,,,,,,,,,,,,,,,,,,,,,,,,,,,,,,,,,,,,,,,,,,,,,,,,,,,,,,,,,,,,,,,,,,,,,,,,,,,,,,,,,,,,,,,,,,,,,,,,,,,,,,,,,,,,,,,,,,,,,,,,,,,,,,,,,,,,,,,,,,,,,,,,,,,,,,,,,,,,,,,,,,
Alimentatore supplementare,223,Potenza max,FG1,,35 VA W,FG2,,35 VA W,Numero spire collegabili,,35 VA W,1,,35 VA W,2,,35 VA W,,,,,,,,,,,,,,,,,,,,,,,,,,,,,,,,,,,,,,,,,,,,,,,,,,,,,,,,,,,,,,,,,,,,,,,,,,,,,,,,,,,,,,,,,,,,,,,,,,,,,,,,,,,,,,,,,,,,,,,,,,,,,,,,,,,,,,,,,,,,,,,,,,,,,,,,,,,,,,,,,,,,,,,,,,,,,,,,,,,,,,,,,,,,,,,,,,,,,,,,,,,,,,,,,,,,,,,,,,,,,,,,,,,,,,,,,,,,,,,,,,,,,,,,,,,,,,,,,,,,,,,,,,,,,,,,,,,,,,,,,,,,,,,,,,,,,,,,,,,,,,,,,,,,,,,,,,,,,,,,,
Alimentatore supplementare,223,Tensione di alimentazione elettroserratura,FG1,,12V~,FG2,,12V~,Numero spire collegabili,,12V~,1,,12V~,2,,12V~,,,,,,,,,,,,,,,,,,,,,,,,,,,,,,,,,,,,,,,,,,,,,,,,,,,,,,,,,,,,,,,,,,,,,,,,,,,,,,,,,,,,,,,,,,,,,,,,,,,,,,,,,,,,,,,,,,,,,,,,,,,,,,,,,,,,,,,,,,,,,,,,,,,,,,,,,,,,,,,,,,,,,,,,,,,,,,,,,,,,,,,,,,,,,,,,,,,,,,,,,,,,,,,,,,,,,,,,,,,,,,,,,,,,,,,,,,,,,,,,,,,,,,,,,,,,,,,,,,,,,,,,,,,,,,,,,,,,,,,,,,,,,,,,,,,,,,,,,,,,,,,,,,,,,,,,,,,,,,,,,
Alimentatore supplementare,223,Tensione di alimentazione accessori,FG1,,500 mA / 24V,FG2,,500 mA / 24V,Numero spire collegabili,,500 mA / 24V,1,,500 mA / 24V,2,,500 mA / 24V,,,,,,,,,,,,,,,,,,,,,,,,,,,,,,,,,,,,,,,,,,,,,,,,,,,,,,,,,,,,,,,,,,,,,,,,,,,,,,,,,,,,,,,,,,,,,,,,,,,,,,,,,,,,,,,,,,,,,,,,,,,,,,,,,,,,,,,,,,,,,,,,,,,,,,,,,,,,,,,,,,,,,,,,,,,,,,,,,,,,,,,,,,,,,,,,,,,,,,,,,,,,,,,,,,,,,,,,,,,,,,,,,,,,,,,,,,,,,,,,,,,,,,,,,,,,,,,,,,,,,,,,,,,,,,,,,,,,,,,,,,,,,,,,,,,,,,,,,,,,,,,,,,,,,,,,,,,,,,,,,
Alimentatore supplementare,223,Numero max LETTORI collegabili su scheda con Bus2Easy,FG1,,14 (monocanale) - 4 (bicanale),FG2,,14 (monocanale) - 4 (bicanale),Numero spire collegabili,,14 (monocanale) - 4 (bicanale),1,,14 (monocanale) - 4 (bicanale),2,,14 (monocanale) - 4 (bicanale),,,,,,,,,,,,,,,,,,,,,,,,,,,,,,,,,,,,,,,,,,,,,,,,,,,,,,,,,,,,,,,,,,,,,,,,,,,,,,,,,,,,,,,,,,,,,,,,,,,,,,,,,,,,,,,,,,,,,,,,,,,,,,,,,,,,,,,,,,,,,,,,,,,,,,,,,,,,,,,,,,,,,,,,,,,,,,,,,,,,,,,,,,,,,,,,,,,,,,,,,,,,,,,,,,,,,,,,,,,,,,,,,,,,,,,,,,,,,,,,,,,,,,,,,,,,,,,,,,,,,,,,,,,,,,,,,,,,,,,,,,,,,,,,,,,,,,,,,,,,,,,,,,,,,,,,,,,,,,,,,
Alimentatore supplementare,223,Grado di protezione,FG1,,IP54,FG2,,IP54,Numero spire collegabili,,IP54,1,,IP54,2,,IP54,,,,,,,,,,,,,,,,,,,,,,,,,,,,,,,,,,,,,,,,,,,,,,,,,,,,,,,,,,,,,,,,,,,,,,,,,,,,,,,,,,,,,,,,,,,,,,,,,,,,,,,,,,,,,,,,,,,,,,,,,,,,,,,,,,,,,,,,,,,,,,,,,,,,,,,,,,,,,,,,,,,,,,,,,,,,,,,,,,,,,,,,,,,,,,,,,,,,,,,,,,,,,,,,,,,,,,,,,,,,,,,,,,,,,,,,,,,,,,,,,,,,,,,,,,,,,,,,,,,,,,,,,,,,,,,,,,,,,,,,,,,,,,,,,,,,,,,,,,,,,,,,,,,,,,,,,,,,,,,,,
Alimentatore supplementare,223,Dimensioni (LxPxH),FG1,,100 x 21 x 72 mm,FG2,,Formato TAG,Numero spire collegabili,,"Portachiavi a 13,56 MHz",1,,Caratteristiche tecniche,2,,Modello,,,,,,,,,,,,,,,,,,,,,,,,,,,,,,,,,,,,,,,,,,,,,,,,,,,,,,,,,,,,,,,,,,,,,,,,,,,,,,,,,,,,,,,,,,,,,,,,,,,,,,,,,,,,,,,,,,,,,,,,,,,,,,,,,,,,,,,,,,,,,,,,,,,,,,,,,,,,,,,,,,,,,,,,,,,,,,,,,,,,,,,,,,,,,,,,,,,,,,,,,,,,,,,,,,,,,,,,,,,,,,,,,,,,,,,,,,,,,,,,,,,,,,,,,,,,,,,,,,,,,,,,,,,,,,,,,,,,,,,,,,,,,,,,,,,,,,,,,,,,,,,,,,,,,,,,,,,,,,,,,
Fotocellule da parete orientabili,224-225,Tensione di alimentazione,XP 20W D,,"BUS 2easy, a 2 fili non polarizzati 24V",,,,,,,,,,,,,,,,,,,,,,,,,,,,,,,,,,,,,,,,,,,,,,,,,,,,,,,,,,,,,,,,,,,,,,,,,,,,,,,,,,,,,,,,,,,,,,,,,,,,,,,,,,,,,,,,,,,,,,,,,,,,,,,,,,,,,,,,,,,,,,,,,,,,,,,,,,,,,,,,,,,,,,,,,,,,,,,,,,,,,,,,,,,,,,,,,,,,,,,,,,,,,,,,,,,,,,,,,,,,,,,,,,,,,,,,,,,,,,,,,,,,,,,,,,,,,,,,,,,,,,,,,,,,,,,,,,,,,,,,,,,,,,,,,,,,,,,,,,,,,,,,,,,,,,,,,,,,,,,,,,,,,,,,,,,,,
Fotocellule da parete orientabili,224-225,Grado di protezione,XP 20W D,,IP54,,,,,,,,,,,,,,,,,,,,,,,,,,,,,,,,,,,,,,,,,,,,,,,,,,,,,,,,,,,,,,,,,,,,,,,,,,,,,,,,,,,,,,,,,,,,,,,,,,,,,,,,,,,,,,,,,,,,,,,,,,,,,,,,,,,,,,,,,,,,,,,,,,,,,,,,,,,,,,,,,,,,,,,,,,,,,,,,,,,,,,,,,,,,,,,,,,,,,,,,,,,,,,,,,,,,,,,,,,,,,,,,,,,,,,,,,,,,,,,,,,,,,,,,,,,,,,,,,,,,,,,,,,,,,,,,,,,,,,,,,,,,,,,,,,,,,,,,,,,,,,,,,,,,,,,,,,,,,,,,,,,,,,,,,,,,,
Fotocellule da parete orientabili,224-225,Dimensioni (LxPxH),XP 20W D,,"41,5 x 42,5 x 130 mm",,,,,,,,,,,,,,,,,,,,,,,,,,,,,,,,,,,,,,,,,,,,,,,,,,,,,,,,,,,,,,,,,,,,,,,,,,,,,,,,,,,,,,,,,,,,,,,,,,,,,,,,,,,,,,,,,,,,,,,,,,,,,,,,,,,,,,,,,,,,,,,,,,,,,,,,,,,,,,,,,,,,,,,,,,,,,,,,,,,,,,,,,,,,,,,,,,,,,,,,,,,,,,,,,,,,,,,,,,,,,,,,,,,,,,,,,,,,,,,,,,,,,,,,,,,,,,,,,,,,,,,,,,,,,,,,,,,,,,,,,,,,,,,,,,,,,,,,,,,,,,,,,,,,,,,,,,,,,,,,,,,,,,,,,,,,,
Fotocellule da parete orientabili,224-225,Temperatura ambiente di esercizio,XP 20W D,,-20°C ÷ +55°C,,,,,,,,,,,,,,,,,,,,,,,,,,,,,,,,,,,,,,,,,,,,,,,,,,,,,,,,,,,,,,,,,,,,,,,,,,,,,,,,,,,,,,,,,,,,,,,,,,,,,,,,,,,,,,,,,,,,,,,,,,,,,,,,,,,,,,,,,,,,,,,,,,,,,,,,,,,,,,,,,,,,,,,,,,,,,,,,,,,,,,,,,,,,,,,,,,,,,,,,,,,,,,,,,,,,,,,,,,,,,,,,,,,,,,,,,,,,,,,,,,,,,,,,,,,,,,,,,,,,,,,,,,,,,,,,,,,,,,,,,,,,,,,,,,,,,,,,,,,,,,,,,,,,,,,,,,,,,,,,,,,,,,,,,,,,,
Fotocellule da parete orientabili,224-225,Portata contatti,XP 20W D,,60 VA / 24 W,,,,,,,,,,,,,,,,,,,,,,,,,,,,,,,,,,,,,,,,,,,,,,,,,,,,,,,,,,,,,,,,,,,,,,,,,,,,,,,,,,,,,,,,,,,,,,,,,,,,,,,,,,,,,,,,,,,,,,,,,,,,,,,,,,,,,,,,,,,,,,,,,,,,,,,,,,,,,,,,,,,,,,,,,,,,,,,,,,,,,,,,,,,,,,,,,,,,,,,,,,,,,,,,,,,,,,,,,,,,,,,,,,,,,,,,,,,,,,,,,,,,,,,,,,,,,,,,,,,,,,,,,,,,,,,,,,,,,,,,,,,,,,,,,,,,,,,,,,,,,,,,,,,,,,,,,,,,,,,,,,,,,,,,,,,,,
Fotocellule da parete o incasso,226,Tensione di alimentazione,Descrizione,,"BUS 2easy, a 2 fili non polarizzati 24V",,,,,,,,,,,,,,,,,,,,,,,,,,,,,,,,,,,,,,,,,,,,,,,,,,,,,,,,,,,,,,,,,,,,,,,,,,,,,,,,,,,,,,,,,,,,,,,,,,,,,,,,,,,,,,,,,,,,,,,,,,,,,,,,,,,,,,,,,,,,,,,,,,,,,,,,,,,,,,,,,,,,,,,,,,,,,,,,,,,,,,,,,,,,,,,,,,,,,,,,,,,,,,,,,,,,,,,,,,,,,,,,,,,,,,,,,,,,,,,,,,,,,,,,,,,,,,,,,,,,,,,,,,,,,,,,,,,,,,,,,,,,,,,,,,,,,,,,,,,,,,,,,,,,,,,,,,,,,,,,,,,,,,,,,,,,,
Fotocellule da parete o incasso,226,Grado di protezione,Descrizione,,IP54,,,,,,,,,,,,,,,,,,,,,,,,,,,,,,,,,,,,,,,,,,,,,,,,,,,,,,,,,,,,,,,,,,,,,,,,,,,,,,,,,,,,,,,,,,,,,,,,,,,,,,,,,,,,,,,,,,,,,,,,,,,,,,,,,,,,,,,,,,,,,,,,,,,,,,,,,,,,,,,,,,,,,,,,,,,,,,,,,,,,,,,,,,,,,,,,,,,,,,,,,,,,,,,,,,,,,,,,,,,,,,,,,,,,,,,,,,,,,,,,,,,,,,,,,,,,,,,,,,,,,,,,,,,,,,,,,,,,,,,,,,,,,,,,,,,,,,,,,,,,,,,,,,,,,,,,,,,,,,,,,,,,,,,,,,,,,
Fotocellule da parete o incasso,226,Dimensioni (LxPxH),Descrizione,,"55,4 x 21,5 x 78,4 mm",,,,,,,,,,,,,,,,,,,,,,,,,,,,,,,,,,,,,,,,,,,,,,,,,,,,,,,,,,,,,,,,,,,,,,,,,,,,,,,,,,,,,,,,,,,,,,,,,,,,,,,,,,,,,,,,,,,,,,,,,,,,,,,,,,,,,,,,,,,,,,,,,,,,,,,,,,,,,,,,,,,,,,,,,,,,,,,,,,,,,,,,,,,,,,,,,,,,,,,,,,,,,,,,,,,,,,,,,,,,,,,,,,,,,,,,,,,,,,,,,,,,,,,,,,,,,,,,,,,,,,,,,,,,,,,,,,,,,,,,,,,,,,,,,,,,,,,,,,,,,,,,,,,,,,,,,,,,,,,,,,,,,,,,,,,,,
Fotocellule da parete o incasso,226,Portata contatti,Descrizione,,60 VA / 24 W,,,,,,,,,,,,,,,,,,,,,,,,,,,,,,,,,,,,,,,,,,,,,,,,,,,,,,,,,,,,,,,,,,,,,,,,,,,,,,,,,,,,,,,,,,,,,,,,,,,,,,,,,,,,,,,,,,,,,,,,,,,,,,,,,,,,,,,,,,,,,,,,,,,,,,,,,,,,,,,,,,,,,,,,,,,,,,,,,,,,,,,,,,,,,,,,,,,,,,,,,,,,,,,,,,,,,,,,,,,,,,,,,,,,,,,,,,,,,,,,,,,,,,,,,,,,,,,,,,,,,,,,,,,,,,,,,,,,,,,,,,,,,,,,,,,,,,,,,,,,,,,,,,,,,,,,,,,,,,,,,,,,,,,,,,,,,
Fotocellule da parete o incasso,226,Temperatura ambiente di esercizio,Descrizione,,-20°C ÷ +55°C,,,,,,,,,,,,,,,,,,,,,,,,,,,,,,,,,,,,,,,,,,,,,,,,,,,,,,,,,,,,,,,,,,,,,,,,,,,,,,,,,,,,,,,,,,,,,,,,,,,,,,,,,,,,,,,,,,,,,,,,,,,,,,,,,,,,,,,,,,,,,,,,,,,,,,,,,,,,,,,,,,,,,,,,,,,,,,,,,,,,,,,,,,,,,,,,,,,,,,,,,,,,,,,,,,,,,,,,,,,,,,,,,,,,,,,,,,,,,,,,,,,,,,,,,,,,,,,,,,,,,,,,,,,,,,,,,,,,,,,,,,,,,,,,,,,,,,,,,,,,,,,,,,,,,,,,,,,,,,,,,,,,,,,,,,,,,
XS Costa di sicurezza,227-228,Grado di protezione,Descrizione,,IP54,,,,,,,,,,,,,,,,,,,,,,,,,,,,,,,,,,,,,,,,,,,,,,,,,,,,,,,,,,,,,,,,,,,,,,,,,,,,,,,,,,,,,,,,,,,,,,,,,,,,,,,,,,,,,,,,,,,,,,,,,,,,,,,,,,,,,,,,,,,,,,,,,,,,,,,,,,,,,,,,,,,,,,,,,,,,,,,,,,,,,,,,,,,,,,,,,,,,,,,,,,,,,,,,,,,,,,,,,,,,,,,,,,,,,,,,,,,,,,,,,,,,,,,,,,,,,,,,,,,,,,,,,,,,,,,,,,,,,,,,,,,,,,,,,,,,,,,,,,,,,,,,,,,,,,,,,,,,,,,,,,,,,,,,,,,,,
XS Costa di sicurezza,227-228,Temperatura ambiente di esercizio,Descrizione,,-20°C ÷ +55°C,,,,,,,,,,,,,,,,,,,,,,,,,,,,,,,,,,,,,,,,,,,,,,,,,,,,,,,,,,,,,,,,,,,,,,,,,,,,,,,,,,,,,,,,,,,,,,,,,,,,,,,,,,,,,,,,,,,,,,,,,,,,,,,,,,,,,,,,,,,,,,,,,,,,,,,,,,,,,,,,,,,,,,,,,,,,,,,,,,,,,,,,,,,,,,,,,,,,,,,,,,,,,,,,,,,,,,,,,,,,,,,,,,,,,,,,,,,,,,,,,,,,,,,,,,,,,,,,,,,,,,,,,,,,,,,,,,,,,,,,,,,,,,,,,,,,,,,,,,,,,,,,,,,,,,,,,,,,,,,,,,,,,,,,,,,,,
XS Costa di sicurezza,227-228,Tensione di alimentazione,Descrizione,,"BUS 2easy, a 2 fili non polarizzati 24V",,,,,,,,,,,,,,,,,,,,,,,,,,,,,,,,,,,,,,,,,,,,,,,,,,,,,,,,,,,,,,,,,,,,,,,,,,,,,,,,,,,,,,,,,,,,,,,,,,,,,,,,,,,,,,,,,,,,,,,,,,,,,,,,,,,,,,,,,,,,,,,,,,,,,,,,,,,,,,,,,,,,,,,,,,,,,,,,,,,,,,,,,,,,,,,,,,,,,,,,,,,,,,,,,,,,,,,,,,,,,,,,,,,,,,,,,,,,,,,,,,,,,,,,,,,,,,,,,,,,,,,,,,,,,,,,,,,,,,,,,,,,,,,,,,,,,,,,,,,,,,,,,,,,,,,,,,,,,,,,,,,,,,,,,,,,,
XS Costa di sicurezza,227-228,Dimensioni (LxPxH),Descrizione,,"55,4 x 21,5 x 78,4 mm",,,,,,,,,,,,,,,,,,,,,,,,,,,,,,,,,,,,,,,,,,,,,,,,,,,,,,,,,,,,,,,,,,,,,,,,,,,,,,,,,,,,,,,,,,,,,,,,,,,,,,,,,,,,,,,,,,,,,,,,,,,,,,,,,,,,,,,,,,,,,,,,,,,,,,,,,,,,,,,,,,,,,,,,,,,,,,,,,,,,,,,,,,,,,,,,,,,,,,,,,,,,,,,,,,,,,,,,,,,,,,,,,,,,,,,,,,,,,,,,,,,,,,,,,,,,,,,,,,,,,,,,,,,,,,,,,,,,,,,,,,,,,,,,,,,,,,,,,,,,,,,,,,,,,,,,,,,,,,,,,,,,,,,,,,,,,
XS Costa di sicurezza,227-228,Portata contatti,Descrizione,,60 VA / 24 W,,,,,,,,,,,,,,,,,,,,,,,,,,,,,,,,,,,,,,,,,,,,,,,,,,,,,,,,,,,,,,,,,,,,,,,,,,,,,,,,,,,,,,,,,,,,,,,,,,,,,,,,,,,,,,,,,,,,,,,,,,,,,,,,,,,,,,,,,,,,,,,,,,,,,,,,,,,,,,,,,,,,,,,,,,,,,,,,,,,,,,,,,,,,,,,,,,,,,,,,,,,,,,,,,,,,,,,,,,,,,,,,,,,,,,,,,,,,,,,,,,,,,,,,,,,,,,,,,,,,,,,,,,,,,,,,,,,,,,,,,,,,,,,,,,,,,,,,,,,,,,,,,,,,,,,,,,,,,,,,,,,,,,,,,,,,,
Sensori Laser,234,Altezza profilo in gomma,M60,,60 mm,,,,,,,,,,,,,,,,,,,,,,,,,,,,,,,,,,,,,,,,,,,,,,,,,,,,,,,,,,,,,,,,,,,,,,,,,,,,,,,,,,,,,,,,,,,,,,,,,,,,,,,,,,,,,,,,,,,,,,,,,,,,,,,,,,,,,,,,,,,,,,,,,,,,,,,,,,,,,,,,,,,,,,,,,,,,,,,,,,,,,,,,,,,,,,,,,,,,,,,,,,,,,,,,,,,,,,,,,,,,,,,,,,,,,,,,,,,,,,,,,,,,,,,,,,,,,,,,,,,,,,,,,,,,,,,,,,,,,,,,,,,,,,,,,,,,,,,,,,,,,,,,,,,,,,,,,,,,,,,,,,,,,,,,,,,,,
Sensori Laser,234,Grado di protezione,M60,,IP 55,,,,,,,,,,,,,,,,,,,,,,,,,,,,,,,,,,,,,,,,,,,,,,,,,,,,,,,,,,,,,,,,,,,,,,,,,,,,,,,,,,,,,,,,,,,,,,,,,,,,,,,,,,,,,,,,,,,,,,,,,,,,,,,,,,,,,,,,,,,,,,,,,,,,,,,,,,,,,,,,,,,,,,,,,,,,,,,,,,,,,,,,,,,,,,,,,,,,,,,,,,,,,,,,,,,,,,,,,,,,,,,,,,,,,,,,,,,,,,,,,,,,,,,,,,,,,,,,,,,,,,,,,,,,,,,,,,,,,,,,,,,,,,,,,,,,,,,,,,,,,,,,,,,,,,,,,,,,,,,,,,,,,,,,,,,,,
Sensori Laser,234,Temperatura ambiente di esercizio,M60,,-20°C ÷ +55°C,,,,,,,,,,,,,,,,,,,,,,,,,,,,,,,,,,,,,,,,,,,,,,,,,,,,,,,,,,,,,,,,,,,,,,,,,,,,,,,,,,,,,,,,,,,,,,,,,,,,,,,,,,,,,,,,,,,,,,,,,,,,,,,,,,,,,,,,,,,,,,,,,,,,,,,,,,,,,,,,,,,,,,,,,,,,,,,,,,,,,,,,,,,,,,,,,,,,,,,,,,,,,,,,,,,,,,,,,,,,,,,,,,,,,,,,,,,,,,,,,,,,,,,,,,,,,,,,,,,,,,,,,,,,,,,,,,,,,,,,,,,,,,,,,,,,,,,,,,,,,,,,,,,,,,,,,,,,,,,,,,,,,,,,,,,,,
M60 Costa elettromeccanica,235,Altezza profilo in gomma,M60,,60 mm,,,,,,,,,,,,,,,,,,,,,,,,,,,,,,,,,,,,,,,,,,,,,,,,,,,,,,,,,,,,,,,,,,,,,,,,,,,,,,,,,,,,,,,,,,,,,,,,,,,,,,,,,,,,,,,,,,,,,,,,,,,,,,,,,,,,,,,,,,,,,,,,,,,,,,,,,,,,,,,,,,,,,,,,,,,,,,,,,,,,,,,,,,,,,,,,,,,,,,,,,,,,,,,,,,,,,,,,,,,,,,,,,,,,,,,,,,,,,,,,,,,,,,,,,,,,,,,,,,,,,,,,,,,,,,,,,,,,,,,,,,,,,,,,,,,,,,,,,,,,,,,,,,,,,,,,,,,,,,,,,,,,,,,,,,,,,
M60 Costa elettromeccanica,235,Grado di protezione,M60,,IP 55,,,,,,,,,,,,,,,,,,,,,,,,,,,,,,,,,,,,,,,,,,,,,,,,,,,,,,,,,,,,,,,,,,,,,,,,,,,,,,,,,,,,,,,,,,,,,,,,,,,,,,,,,,,,,,,,,,,,,,,,,,,,,,,,,,,,,,,,,,,,,,,,,,,,,,,,,,,,,,,,,,,,,,,,,,,,,,,,,,,,,,,,,,,,,,,,,,,,,,,,,,,,,,,,,,,,,,,,,,,,,,,,,,,,,,,,,,,,,,,,,,,,,,,,,,,,,,,,,,,,,,,,,,,,,,,,,,,,,,,,,,,,,,,,,,,,,,,,,,,,,,,,,,,,,,,,,,,,,,,,,,,,,,,,,,,,,
M60 Costa elettromeccanica,235,Temperatura ambiente di esercizio,M60,,-20°C ÷ +55°C,,,,,,,,,,,,,,,,,,,,,,,,,,,,,,,,,,,,,,,,,,,,,,,,,,,,,,,,,,,,,,,,,,,,,,,,,,,,,,,,,,,,,,,,,,,,,,,,,,,,,,,,,,,,,,,,,,,,,,,,,,,,,,,,,,,,,,,,,,,,,,,,,,,,,,,,,,,,,,,,,,,,,,,,,,,,,,,,,,,,,,,,,,,,,,,,,,,,,,,,,,,,,,,,,,,,,,,,,,,,,,,,,,,,,,,,,,,,,,,,,,,,,,,,,,,,,,,,,,,,,,,,,,,,,,,,,,,,,,,,,,,,,,,,,,,,,,,,,,,,,,,,,,,,,,,,,,,,,,,,,,,,,,,,,,,,,
RL200,240-241,Tensione di alimentazione di rete,RL200 REVERSIBILE,109950,220-240V ~ 50/60Hz,RL200 EF,109951,220-240V ~ 50/60Hz,,,,,,,,,,,,,,,,,,,,,,,,,,,,,,,,,,,,,,,,,,,,,,,,,,,,,,,,,,,,,,,,,,,,,,,,,,,,,,,,,,,,,,,,,,,,,,,,,,,,,,,,,,,,,,,,,,,,,,,,,,,,,,,,,,,,,,,,,,,,,,,,,,,,,,,,,,,,,,,,,,,,,,,,,,,,,,,,,,,,,,,,,,,,,,,,,,,,,,,,,,,,,,,,,,,,,,,,,,,,,,,,,,,,,,,,,,,,,,,,,,,,,,,,,,,,,,,,,,,,,,,,,,,,,,,,,,,,,,,,,,,,,,,,,,,,,,,,,,,,,,,,,,,,,,,,,,,,,,,,,,,,,,,,,,
RL200,240-241,Coppia max,RL200 REVERSIBILE,109950,170 Nm (*),RL200 EF,109951,170 Nm (*),,,,,,,,,,,,,,,,,,,,,,,,,,,,,,,,,,,,,,,,,,,,,,,,,,,,,,,,,,,,,,,,,,,,,,,,,,,,,,,,,,,,,,,,,,,,,,,,,,,,,,,,,,,,,,,,,,,,,,,,,,,,,,,,,,,,,,,,,,,,,,,,,,,,,,,,,,,,,,,,,,,,,,,,,,,,,,,,,,,,,,,,,,,,,,,,,,,,,,,,,,,,,,,,,,,,,,,,,,,,,,,,,,,,,,,,,,,,,,,,,,,,,,,,,,,,,,,,,,,,,,,,,,,,,,,,,,,,,,,,,,,,,,,,,,,,,,,,,,,,,,,,,,,,,,,,,,,,,,,,,,,,,,,,,,
RL200,240-241,Temperatura ambiente di esercizio,RL200 REVERSIBILE,109950,-20°C ÷ + 55°C,RL200 EF,109951,-20°C ÷ + 55°C,,,,,,,,,,,,,,,,,,,,,,,,,,,,,,,,,,,,,,,,,,,,,,,,,,,,,,,,,,,,,,,,,,,,,,,,,,,,,,,,,,,,,,,,,,,,,,,,,,,,,,,,,,,,,,,,,,,,,,,,,,,,,,,,,,,,,,,,,,,,,,,,,,,,,,,,,,,,,,,,,,,,,,,,,,,,,,,,,,,,,,,,,,,,,,,,,,,,,,,,,,,,,,,,,,,,,,,,,,,,,,,,,,,,,,,,,,,,,,,,,,,,,,,,,,,,,,,,,,,,,,,,,,,,,,,,,,,,,,,,,,,,,,,,,,,,,,,,,,,,,,,,,,,,,,,,,,,,,,,,,,,,,,,,,,
RL200,240-241,Capacità di sollevamento,RL200 REVERSIBILE,109950,170 Kg (*),RL200 EF,109951,170 Kg (*),,,,,,,,,,,,,,,,,,,,,,,,,,,,,,,,,,,,,,,,,,,,,,,,,,,,,,,,,,,,,,,,,,,,,,,,,,,,,,,,,,,,,,,,,,,,,,,,,,,,,,,,,,,,,,,,,,,,,,,,,,,,,,,,,,,,,,,,,,,,,,,,,,,,,,,,,,,,,,,,,,,,,,,,,,,,,,,,,,,,,,,,,,,,,,,,,,,,,,,,,,,,,,,,,,,,,,,,,,,,,,,,,,,,,,,,,,,,,,,,,,,,,,,,,,,,,,,,,,,,,,,,,,,,,,,,,,,,,,,,,,,,,,,,,,,,,,,,,,,,,,,,,,,,,,,,,,,,,,,,,,,,,,,,,,
RL200,240-241,Velocità max,RL200 REVERSIBILE,109950,10 rpm (*),RL200 EF,109951,10 rpm (*),,,,,,,,,,,,,,,,,,,,,,,,,,,,,,,,,,,,,,,,,,,,,,,,,,,,,,,,,,,,,,,,,,,,,,,,,,,,,,,,,,,,,,,,,,,,,,,,,,,,,,,,,,,,,,,,,,,,,,,,,,,,,,,,,,,,,,,,,,,,,,,,,,,,,,,,,,,,,,,,,,,,,,,,,,,,,,,,,,,,,,,,,,,,,,,,,,,,,,,,,,,,,,,,,,,,,,,,,,,,,,,,,,,,,,,,,,,,,,,,,,,,,,,,,,,,,,,,,,,,,,,,,,,,,,,,,,,,,,,,,,,,,,,,,,,,,,,,,,,,,,,,,,,,,,,,,,,,,,,,,,,,,,,,,,
RL200,240-241,Diametro albero serranda,RL200 REVERSIBILE,109950,60 mm e 48/42 mm (con accessorio cod. 391452),RL200 EF,109951,60 mm e 48/42 mm (con accessorio cod. 391452),,,,,,,,,,,,,,,,,,,,,,,,,,,,,,,,,,,,,,,,,,,,,,,,,,,,,,,,,,,,,,,,,,,,,,,,,,,,,,,,,,,,,,,,,,,,,,,,,,,,,,,,,,,,,,,,,,,,,,,,,,,,,,,,,,,,,,,,,,,,,,,,,,,,,,,,,,,,,,,,,,,,,,,,,,,,,,,,,,,,,,,,,,,,,,,,,,,,,,,,,,,,,,,,,,,,,,,,,,,,,,,,,,,,,,,,,,,,,,,,,,,,,,,,,,,,,,,,,,,,,,,,,,,,,,,,,,,,,,,,,,,,,,,,,,,,,,,,,,,,,,,,,,,,,,,,,,,,,,,,,,,,,,,,,,
RL200,240-241,Diametro scatole portamolle,RL200 REVERSIBILE,109950,200/220 mm,RL200 EF,109951,200/220 mm,,,,,,,,,,,,,,,,,,,,,,,,,,,,,,,,,,,,,,,,,,,,,,,,,,,,,,,,,,,,,,,,,,,,,,,,,,,,,,,,,,,,,,,,,,,,,,,,,,,,,,,,,,,,,,,,,,,,,,,,,,,,,,,,,,,,,,,,,,,,,,,,,,,,,,,,,,,,,,,,,,,,,,,,,,,,,,,,,,,,,,,,,,,,,,,,,,,,,,,,,,,,,,,,,,,,,,,,,,,,,,,,,,,,,,,,,,,,,,,,,,,,,,,,,,,,,,,,,,,,,,,,,,,,,,,,,,,,,,,,,,,,,,,,,,,,,,,,,,,,,,,,,,,,,,,,,,,,,,,,,,,,,,,,,,
RL200,240-241,Altezza max serranda,RL200 REVERSIBILE,109950,6 m,RL200 EF,109951,6 m,,,,,,,,,,,,,,,,,,,,,,,,,,,,,,,,,,,,,,,,,,,,,,,,,,,,,,,,,,,,,,,,,,,,,,,,,,,,,,,,,,,,,,,,,,,,,,,,,,,,,,,,,,,,,,,,,,,,,,,,,,,,,,,,,,,,,,,,,,,,,,,,,,,,,,,,,,,,,,,,,,,,,,,,,,,,,,,,,,,,,,,,,,,,,,,,,,,,,,,,,,,,,,,,,,,,,,,,,,,,,,,,,,,,,,,,,,,,,,,,,,,,,,,,,,,,,,,,,,,,,,,,,,,,,,,,,,,,,,,,,,,,,,,,,,,,,,,,,,,,,,,,,,,,,,,,,,,,,,,,,,,,,,,,,,
RL200,240-241,Larghezza max serranda,RL200 REVERSIBILE,109950,"4,5 m",RL200 EF,109951,"4,5 m",,,,,,,,,,,,,,,,,,,,,,,,,,,,,,,,,,,,,,,,,,,,,,,,,,,,,,,,,,,,,,,,,,,,,,,,,,,,,,,,,,,,,,,,,,,,,,,,,,,,,,,,,,,,,,,,,,,,,,,,,,,,,,,,,,,,,,,,,,,,,,,,,,,,,,,,,,,,,,,,,,,,,,,,,,,,,,,,,,,,,,,,,,,,,,,,,,,,,,,,,,,,,,,,,,,,,,,,,,,,,,,,,,,,,,,,,,,,,,,,,,,,,,,,,,,,,,,,,,,,,,,,,,,,,,,,,,,,,,,,,,,,,,,,,,,,,,,,,,,,,,,,,,,,,,,,,,,,,,,,,,,,,,,,,,
RL200,240-241,Peso operatore,RL200 REVERSIBILE,109950,8 Kg,RL200 EF,109951,8 Kg,,,,,,,,,,,,,,,,,,,,,,,,,,,,,,,,,,,,,,,,,,,,,,,,,,,,,,,,,,,,,,,,,,,,,,,,,,,,,,,,,,,,,,,,,,,,,,,,,,,,,,,,,,,,,,,,,,,,,,,,,,,,,,,,,,,,,,,,,,,,,,,,,,,,,,,,,,,,,,,,,,,,,,,,,,,,,,,,,,,,,,,,,,,,,,,,,,,,,,,,,,,,,,,,,,,,,,,,,,,,,,,,,,,,,,,,,,,,,,,,,,,,,,,,,,,,,,,,,,,,,,,,,,,,,,,,,,,,,,,,,,,,,,,,,,,,,,,,,,,,,,,,,,,,,,,,,,,,,,,,,,,,,,,,,,
RL200,240-241,Apparecchiatura elettronica,RL200 REVERSIBILE,109950,Non compresa,RL200 EF,109951,Non compresa,,,,,,,,,,,,,,,,,,,,,,,,,,,,,,,,,,,,,,,,,,,,,,,,,,,,,,,,,,,,,,,,,,,,,,,,,,,,,,,,,,,,,,,,,,,,,,,,,,,,,,,,,,,,,,,,,,,,,,,,,,,,,,,,,,,,,,,,,,,,,,,,,,,,,,,,,,,,,,,,,,,,,,,,,,,,,,,,,,,,,,,,,,,,,,,,,,,,,,,,,,,,,,,,,,,,,,,,,,,,,,,,,,,,,,,,,,,,,,,,,,,,,,,,,,,,,,,,,,,,,,,,,,,,,,,,,,,,,,,,,,,,,,,,,,,,,,,,,,,,,,,,,,,,,,,,,,,,,,,,,,,,,,,,,,
RH200B,242-243,Tensione di alimentazione di rete,RH200B / RH200B EF,,220-240V ~ 50/60Hz,,,,,,,,,,,,,,,,,,,,,,,,,,,,,,,,,,,,,,,,,,,,,,,,,,,,,,,,,,,,,,,,,,,,,,,,,,,,,,,,,,,,,,,,,,,,,,,,,,,,,,,,,,,,,,,,,,,,,,,,,,,,,,,,,,,,,,,,,,,,,,,,,,,,,,,,,,,,,,,,,,,,,,,,,,,,,,,,,,,,,,,,,,,,,,,,,,,,,,,,,,,,,,,,,,,,,,,,,,,,,,,,,,,,,,,,,,,,,,,,,,,,,,,,,,,,,,,,,,,,,,,,,,,,,,,,,,,,,,,,,,,,,,,,,,,,,,,,,,,,,,,,,,,,,,,,,,,,,,,,,,,,,,,,,,,,,
RH200B,242-243,Coppia max,RH200B / RH200B EF,,280 Nm (*),,,,,,,,,,,,,,,,,,,,,,,,,,,,,,,,,,,,,,,,,,,,,,,,,,,,,,,,,,,,,,,,,,,,,,,,,,,,,,,,,,,,,,,,,,,,,,,,,,,,,,,,,,,,,,,,,,,,,,,,,,,,,,,,,,,,,,,,,,,,,,,,,,,,,,,,,,,,,,,,,,,,,,,,,,,,,,,,,,,,,,,,,,,,,,,,,,,,,,,,,,,,,,,,,,,,,,,,,,,,,,,,,,,,,,,,,,,,,,,,,,,,,,,,,,,,,,,,,,,,,,,,,,,,,,,,,,,,,,,,,,,,,,,,,,,,,,,,,,,,,,,,,,,,,,,,,,,,,,,,,,,,,,,,,,,,,
RH200B,242-243,Temperatura ambiente di esercizio,RH200B / RH200B EF,,-20°C ÷ + 55°C,,,,,,,,,,,,,,,,,,,,,,,,,,,,,,,,,,,,,,,,,,,,,,,,,,,,,,,,,,,,,,,,,,,,,,,,,,,,,,,,,,,,,,,,,,,,,,,,,,,,,,,,,,,,,,,,,,,,,,,,,,,,,,,,,,,,,,,,,,,,,,,,,,,,,,,,,,,,,,,,,,,,,,,,,,,,,,,,,,,,,,,,,,,,,,,,,,,,,,,,,,,,,,,,,,,,,,,,,,,,,,,,,,,,,,,,,,,,,,,,,,,,,,,,,,,,,,,,,,,,,,,,,,,,,,,,,,,,,,,,,,,,,,,,,,,,,,,,,,,,,,,,,,,,,,,,,,,,,,,,,,,,,,,,,,,,,
RH200B,242-243,Capacità di sollevamento,RH200B / RH200B EF,,280 Kg (*),,,,,,,,,,,,,,,,,,,,,,,,,,,,,,,,,,,,,,,,,,,,,,,,,,,,,,,,,,,,,,,,,,,,,,,,,,,,,,,,,,,,,,,,,,,,,,,,,,,,,,,,,,,,,,,,,,,,,,,,,,,,,,,,,,,,,,,,,,,,,,,,,,,,,,,,,,,,,,,,,,,,,,,,,,,,,,,,,,,,,,,,,,,,,,,,,,,,,,,,,,,,,,,,,,,,,,,,,,,,,,,,,,,,,,,,,,,,,,,,,,,,,,,,,,,,,,,,,,,,,,,,,,,,,,,,,,,,,,,,,,,,,,,,,,,,,,,,,,,,,,,,,,,,,,,,,,,,,,,,,,,,,,,,,,,,,
RH200B,242-243,Velocità max,RH200B / RH200B EF,,9 rpm (*),,,,,,,,,,,,,,,,,,,,,,,,,,,,,,,,,,,,,,,,,,,,,,,,,,,,,,,,,,,,,,,,,,,,,,,,,,,,,,,,,,,,,,,,,,,,,,,,,,,,,,,,,,,,,,,,,,,,,,,,,,,,,,,,,,,,,,,,,,,,,,,,,,,,,,,,,,,,,,,,,,,,,,,,,,,,,,,,,,,,,,,,,,,,,,,,,,,,,,,,,,,,,,,,,,,,,,,,,,,,,,,,,,,,,,,,,,,,,,,,,,,,,,,,,,,,,,,,,,,,,,,,,,,,,,,,,,,,,,,,,,,,,,,,,,,,,,,,,,,,,,,,,,,,,,,,,,,,,,,,,,,,,,,,,,,,,
RH200B,242-243,Diametro albero serranda,RH200B / RH200B EF,,60 mm e 48/42 mm (aggiungere accessorio 391452),,,,,,,,,,,,,,,,,,,,,,,,,,,,,,,,,,,,,,,,,,,,,,,,,,,,,,,,,,,,,,,,,,,,,,,,,,,,,,,,,,,,,,,,,,,,,,,,,,,,,,,,,,,,,,,,,,,,,,,,,,,,,,,,,,,,,,,,,,,,,,,,,,,,,,,,,,,,,,,,,,,,,,,,,,,,,,,,,,,,,,,,,,,,,,,,,,,,,,,,,,,,,,,,,,,,,,,,,,,,,,,,,,,,,,,,,,,,,,,,,,,,,,,,,,,,,,,,,,,,,,,,,,,,,,,,,,,,,,,,,,,,,,,,,,,,,,,,,,,,,,,,,,,,,,,,,,,,,,,,,,,,,,,,,,,,,
RH200B,242-243,Diametro scatole portamolle,RH200B / RH200B EF,,200/220 mm,,,,,,,,,,,,,,,,,,,,,,,,,,,,,,,,,,,,,,,,,,,,,,,,,,,,,,,,,,,,,,,,,,,,,,,,,,,,,,,,,,,,,,,,,,,,,,,,,,,,,,,,,,,,,,,,,,,,,,,,,,,,,,,,,,,,,,,,,,,,,,,,,,,,,,,,,,,,,,,,,,,,,,,,,,,,,,,,,,,,,,,,,,,,,,,,,,,,,,,,,,,,,,,,,,,,,,,,,,,,,,,,,,,,,,,,,,,,,,,,,,,,,,,,,,,,,,,,,,,,,,,,,,,,,,,,,,,,,,,,,,,,,,,,,,,,,,,,,,,,,,,,,,,,,,,,,,,,,,,,,,,,,,,,,,,,,
RH200B,242-243,Altezza max serranda,RH200B / RH200B EF,,6 m,,,,,,,,,,,,,,,,,,,,,,,,,,,,,,,,,,,,,,,,,,,,,,,,,,,,,,,,,,,,,,,,,,,,,,,,,,,,,,,,,,,,,,,,,,,,,,,,,,,,,,,,,,,,,,,,,,,,,,,,,,,,,,,,,,,,,,,,,,,,,,,,,,,,,,,,,,,,,,,,,,,,,,,,,,,,,,,,,,,,,,,,,,,,,,,,,,,,,,,,,,,,,,,,,,,,,,,,,,,,,,,,,,,,,,,,,,,,,,,,,,,,,,,,,,,,,,,,,,,,,,,,,,,,,,,,,,,,,,,,,,,,,,,,,,,,,,,,,,,,,,,,,,,,,,,,,,,,,,,,,,,,,,,,,,,,,
RH200B,242-243,Larghezza max serranda,RH200B / RH200B EF,,"4,5 m",,,,,,,,,,,,,,,,,,,,,,,,,,,,,,,,,,,,,,,,,,,,,,,,,,,,,,,,,,,,,,,,,,,,,,,,,,,,,,,,,,,,,,,,,,,,,,,,,,,,,,,,,,,,,,,,,,,,,,,,,,,,,,,,,,,,,,,,,,,,,,,,,,,,,,,,,,,,,,,,,,,,,,,,,,,,,,,,,,,,,,,,,,,,,,,,,,,,,,,,,,,,,,,,,,,,,,,,,,,,,,,,,,,,,,,,,,,,,,,,,,,,,,,,,,,,,,,,,,,,,,,,,,,,,,,,,,,,,,,,,,,,,,,,,,,,,,,,,,,,,,,,,,,,,,,,,,,,,,,,,,,,,,,,,,,,,
RH200B,242-243,Peso operatore,RH200B / RH200B EF,,"12,5 Kg",,,,,,,,,,,,,,,,,,,,,,,,,,,,,,,,,,,,,,,,,,,,,,,,,,,,,,,,,,,,,,,,,,,,,,,,,,,,,,,,,,,,,,,,,,,,,,,,,,,,,,,,,,,,,,,,,,,,,,,,,,,,,,,,,,,,,,,,,,,,,,,,,,,,,,,,,,,,,,,,,,,,,,,,,,,,,,,,,,,,,,,,,,,,,,,,,,,,,,,,,,,,,,,,,,,,,,,,,,,,,,,,,,,,,,,,,,,,,,,,,,,,,,,,,,,,,,,,,,,,,,,,,,,,,,,,,,,,,,,,,,,,,,,,,,,,,,,,,,,,,,,,,,,,,,,,,,,,,,,,,,,,,,,,,,,,,
RH200B,242-243,Apparecchiatura elettronica,RH200B / RH200B EF,,Non compresa,,,,,,,,,,,,,,,,,,,,,,,,,,,,,,,,,,,,,,,,,,,,,,,,,,,,,,,,,,,,,,,,,,,,,,,,,,,,,,,,,,,,,,,,,,,,,,,,,,,,,,,,,,,,,,,,,,,,,,,,,,,,,,,,,,,,,,,,,,,,,,,,,,,,,,,,,,,,,,,,,,,,,,,,,,,,,,,,,,,,,,,,,,,,,,,,,,,,,,,,,,,,,,,,,,,,,,,,,,,,,,,,,,,,,,,,,,,,,,,,,,,,,,,,,,,,,,,,,,,,,,,,,,,,,,,,,,,,,,,,,,,,,,,,,,,,,,,,,,,,,,,,,,,,,,,,,,,,,,,,,,,,,,,,,,,,,
RH240,244-245,Tensione di alimentazione di rete,RH240 EF,109971,220-240V ~ 50/60Hz,,,,,,,,,,,,,,,,,,,,,,,,,,,,,,,,,,,,,,,,,,,,,,,,,,,,,,,,,,,,,,,,,,,,,,,,,,,,,,,,,,,,,,,,,,,,,,,,,,,,,,,,,,,,,,,,,,,,,,,,,,,,,,,,,,,,,,,,,,,,,,,,,,,,,,,,,,,,,,,,,,,,,,,,,,,,,,,,,,,,,,,,,,,,,,,,,,,,,,,,,,,,,,,,,,,,,,,,,,,,,,,,,,,,,,,,,,,,,,,,,,,,,,,,,,,,,,,,,,,,,,,,,,,,,,,,,,,,,,,,,,,,,,,,,,,,,,,,,,,,,,,,,,,,,,,,,,,,,,,,,,,,,,,,,,,,,
RH240,244-245,Coppia max,RH240 EF,109971,210 Nm (*),,,,,,,,,,,,,,,,,,,,,,,,,,,,,,,,,,,,,,,,,,,,,,,,,,,,,,,,,,,,,,,,,,,,,,,,,,,,,,,,,,,,,,,,,,,,,,,,,,,,,,,,,,,,,,,,,,,,,,,,,,,,,,,,,,,,,,,,,,,,,,,,,,,,,,,,,,,,,,,,,,,,,,,,,,,,,,,,,,,,,,,,,,,,,,,,,,,,,,,,,,,,,,,,,,,,,,,,,,,,,,,,,,,,,,,,,,,,,,,,,,,,,,,,,,,,,,,,,,,,,,,,,,,,,,,,,,,,,,,,,,,,,,,,,,,,,,,,,,,,,,,,,,,,,,,,,,,,,,,,,,,,,,,,,,,,,
RH240,244-245,Temperatura ambiente di esercizio,RH240 EF,109971,-20°C ÷ + 55°C,,,,,,,,,,,,,,,,,,,,,,,,,,,,,,,,,,,,,,,,,,,,,,,,,,,,,,,,,,,,,,,,,,,,,,,,,,,,,,,,,,,,,,,,,,,,,,,,,,,,,,,,,,,,,,,,,,,,,,,,,,,,,,,,,,,,,,,,,,,,,,,,,,,,,,,,,,,,,,,,,,,,,,,,,,,,,,,,,,,,,,,,,,,,,,,,,,,,,,,,,,,,,,,,,,,,,,,,,,,,,,,,,,,,,,,,,,,,,,,,,,,,,,,,,,,,,,,,,,,,,,,,,,,,,,,,,,,,,,,,,,,,,,,,,,,,,,,,,,,,,,,,,,,,,,,,,,,,,,,,,,,,,,,,,,,,,
RH240,244-245,Capacità di sollevamento,RH240 EF,109971,180 Kg (*),,,,,,,,,,,,,,,,,,,,,,,,,,,,,,,,,,,,,,,,,,,,,,,,,,,,,,,,,,,,,,,,,,,,,,,,,,,,,,,,,,,,,,,,,,,,,,,,,,,,,,,,,,,,,,,,,,,,,,,,,,,,,,,,,,,,,,,,,,,,,,,,,,,,,,,,,,,,,,,,,,,,,,,,,,,,,,,,,,,,,,,,,,,,,,,,,,,,,,,,,,,,,,,,,,,,,,,,,,,,,,,,,,,,,,,,,,,,,,,,,,,,,,,,,,,,,,,,,,,,,,,,,,,,,,,,,,,,,,,,,,,,,,,,,,,,,,,,,,,,,,,,,,,,,,,,,,,,,,,,,,,,,,,,,,,,,
RH240,244-245,Velocità max,RH240 EF,109971,9 rpm (*),,,,,,,,,,,,,,,,,,,,,,,,,,,,,,,,,,,,,,,,,,,,,,,,,,,,,,,,,,,,,,,,,,,,,,,,,,,,,,,,,,,,,,,,,,,,,,,,,,,,,,,,,,,,,,,,,,,,,,,,,,,,,,,,,,,,,,,,,,,,,,,,,,,,,,,,,,,,,,,,,,,,,,,,,,,,,,,,,,,,,,,,,,,,,,,,,,,,,,,,,,,,,,,,,,,,,,,,,,,,,,,,,,,,,,,,,,,,,,,,,,,,,,,,,,,,,,,,,,,,,,,,,,,,,,,,,,,,,,,,,,,,,,,,,,,,,,,,,,,,,,,,,,,,,,,,,,,,,,,,,,,,,,,,,,,,,
RH240,244-245,Diametro albero serranda,RH240 EF,109971,76 mm,,,,,,,,,,,,,,,,,,,,,,,,,,,,,,,,,,,,,,,,,,,,,,,,,,,,,,,,,,,,,,,,,,,,,,,,,,,,,,,,,,,,,,,,,,,,,,,,,,,,,,,,,,,,,,,,,,,,,,,,,,,,,,,,,,,,,,,,,,,,,,,,,,,,,,,,,,,,,,,,,,,,,,,,,,,,,,,,,,,,,,,,,,,,,,,,,,,,,,,,,,,,,,,,,,,,,,,,,,,,,,,,,,,,,,,,,,,,,,,,,,,,,,,,,,,,,,,,,,,,,,,,,,,,,,,,,,,,,,,,,,,,,,,,,,,,,,,,,,,,,,,,,,,,,,,,,,,,,,,,,,,,,,,,,,,,,
RH240,244-245,Diametro scatole portamolle,RH240 EF,109971,240 mm,,,,,,,,,,,,,,,,,,,,,,,,,,,,,,,,,,,,,,,,,,,,,,,,,,,,,,,,,,,,,,,,,,,,,,,,,,,,,,,,,,,,,,,,,,,,,,,,,,,,,,,,,,,,,,,,,,,,,,,,,,,,,,,,,,,,,,,,,,,,,,,,,,,,,,,,,,,,,,,,,,,,,,,,,,,,,,,,,,,,,,,,,,,,,,,,,,,,,,,,,,,,,,,,,,,,,,,,,,,,,,,,,,,,,,,,,,,,,,,,,,,,,,,,,,,,,,,,,,,,,,,,,,,,,,,,,,,,,,,,,,,,,,,,,,,,,,,,,,,,,,,,,,,,,,,,,,,,,,,,,,,,,,,,,,,,,
RH240,244-245,Altezza max serranda,RH240 EF,109971,6 m,,,,,,,,,,,,,,,,,,,,,,,,,,,,,,,,,,,,,,,,,,,,,,,,,,,,,,,,,,,,,,,,,,,,,,,,,,,,,,,,,,,,,,,,,,,,,,,,,,,,,,,,,,,,,,,,,,,,,,,,,,,,,,,,,,,,,,,,,,,,,,,,,,,,,,,,,,,,,,,,,,,,,,,,,,,,,,,,,,,,,,,,,,,,,,,,,,,,,,,,,,,,,,,,,,,,,,,,,,,,,,,,,,,,,,,,,,,,,,,,,,,,,,,,,,,,,,,,,,,,,,,,,,,,,,,,,,,,,,,,,,,,,,,,,,,,,,,,,,,,,,,,,,,,,,,,,,,,,,,,,,,,,,,,,,,,,
RH240,244-245,Larghezza max serranda,RH240 EF,109971,"4,5 m",,,,,,,,,,,,,,,,,,,,,,,,,,,,,,,,,,,,,,,,,,,,,,,,,,,,,,,,,,,,,,,,,,,,,,,,,,,,,,,,,,,,,,,,,,,,,,,,,,,,,,,,,,,,,,,,,,,,,,,,,,,,,,,,,,,,,,,,,,,,,,,,,,,,,,,,,,,,,,,,,,,,,,,,,,,,,,,,,,,,,,,,,,,,,,,,,,,,,,,,,,,,,,,,,,,,,,,,,,,,,,,,,,,,,,,,,,,,,,,,,,,,,,,,,,,,,,,,,,,,,,,,,,,,,,,,,,,,,,,,,,,,,,,,,,,,,,,,,,,,,,,,,,,,,,,,,,,,,,,,,,,,,,,,,,,,,
RH240,244-245,Peso operatore,RH240 EF,109971,10 Kg,,,,,,,,,,,,,,,,,,,,,,,,,,,,,,,,,,,,,,,,,,,,,,,,,,,,,,,,,,,,,,,,,,,,,,,,,,,,,,,,,,,,,,,,,,,,,,,,,,,,,,,,,,,,,,,,,,,,,,,,,,,,,,,,,,,,,,,,,,,,,,,,,,,,,,,,,,,,,,,,,,,,,,,,,,,,,,,,,,,,,,,,,,,,,,,,,,,,,,,,,,,,,,,,,,,,,,,,,,,,,,,,,,,,,,,,,,,,,,,,,,,,,,,,,,,,,,,,,,,,,,,,,,,,,,,,,,,,,,,,,,,,,,,,,,,,,,,,,,,,,,,,,,,,,,,,,,,,,,,,,,,,,,,,,,,,,
RH240,244-245,Apparecchiatura elettronica,RH240 EF,109971,Non compresa,,,,,,,,,,,,,,,,,,,,,,,,,,,,,,,,,,,,,,,,,,,,,,,,,,,,,,,,,,,,,,,,,,,,,,,,,,,,,,,,,,,,,,,,,,,,,,,,,,,,,,,,,,,,,,,,,,,,,,,,,,,,,,,,,,,,,,,,,,,,,,,,,,,,,,,,,,,,,,,,,,,,,,,,,,,,,,,,,,,,,,,,,,,,,,,,,,,,,,,,,,,,,,,,,,,,,,,,,,,,,,,,,,,,,,,,,,,,,,,,,,,,,,,,,,,,,,,,,,,,,,,,,,,,,,,,,,,,,,,,,,,,,,,,,,,,,,,,,,,,,,,,,,,,,,,,,,,,,,,,,,,,,,,,,,,,,
