Name,Page,Size,Dimensions,Scale,Rotation,Path,Description
60 .pdf,1,375.4 KB (384426 bytes),,89.10%,,C:\Users\Luca1\Downloads\CATALISTINO_2025_PACCHETTO_COMPLETO\Links\60 .pdf,
Untitled design (2).png,1,222.7 KB (228067 bytes),2652 x 3750,109.10%,,C:\Users\Luca1\Downloads\CATALISTINO_2025_PACCHETTO_COMPLETO\Links\Untitled design (2).png,
loghi.png,2,477.1 KB (488520 bytes),4419 x 6250,64.50%,,C:\Users\Luca1\Downloads\CATALISTINO_2025_PACCHETTO_COMPLETO\Links\loghi.png,
GDS_0130 copia.jpg,2,77 KB (78872 bytes),800 x 532,180.90%,,C:\Users\Luca1\Downloads\CATALISTINO_2025_PACCHETTO_COMPLETO\Links\GDS_0130 copia.jpg,FA 2011-04-27 AZIENDA
loghi.png,2,477.1 KB (488520 bytes),4419 x 6250,64.50%,,C:\Users\Luca1\Downloads\CATALISTINO_2025_PACCHETTO_COMPLETO\Links\loghi.png,
Untitled design (2).png,2,222.7 KB (228067 bytes),2652 x 3750,109.10%,,C:\Users\Luca1\Downloads\CATALISTINO_2025_PACCHETTO_COMPLETO\Links\Untitled design (2).png,
loghi.png,2,477.1 KB (488520 bytes),4419 x 6250,64.50%,,C:\Users\Luca1\Downloads\CATALISTINO_2025_PACCHETTO_COMPLETO\Links\loghi.png,
Untitled design (2).png,3,222.7 KB (228067 bytes),2652 x 3750,88%,,C:\Users\Luca1\Downloads\CATALISTINO_2025_PACCHETTO_COMPLETO\Links\Untitled design (2).png,
DSC04516.jpg,3,715.9 KB (733098 bytes),2000 x 1333,26.50%,,C:\Users\Luca1\Downloads\CATALISTINO_2025_PACCHETTO_COMPLETO\Links\DSC04516.jpg,
LEONE_modificato.jpg,3,624.1 KB (639084 bytes),1311 x 1032,33%,,C:\Users\Luca1\Downloads\CATALISTINO_2025_PACCHETTO_COMPLETO\Links\LEONE_modificato.jpg,
Untitled design (2).png,3,222.7 KB (228067 bytes),2652 x 3750,109.10%,,C:\Users\Luca1\Downloads\CATALISTINO_2025_PACCHETTO_COMPLETO\Links\Untitled design (2).png,
logo_FAAC_white.png,4,7880 bytes (7880 bytes),928 x 237,19.10%,,C:\Users\Luca1\Downloads\CATALISTINO_2025_PACCHETTO_COMPLETO\Links\logo_FAAC_white.png,
Giuseppe Manini.png,4,615 KB (629749 bytes),1354 x 1494,84.3% x -84.3%,180.0°,C:\Users\Luca1\Downloads\CATALISTINO_2025_PACCHETTO_COMPLETO\Links\Giuseppe Manini.png,
FE.jpg,4,4.8 MB (4989558 bytes),1831 x 1297,111.60%,,C:\Users\Luca1\Downloads\CATALISTINO_2025_PACCHETTO_COMPLETO\Links\FE.jpg,FE 001
2_Artboard.jpg,4,2.1 MB (2246880 bytes),3125 x 3453,111%,,C:\Users\Luca1\Downloads\CATALISTINO_2025_PACCHETTO_COMPLETO\Links\2_Artboard.jpg,
rollup-1.tif,5,175.5 MB (183994924 bytes),3887 x 5813,21.10%,,C:\Users\Luca1\Downloads\CATALISTINO_2025_PACCHETTO_COMPLETO\Links\rollup-1.tif,Hologram projector screen with futuristic technology
DSC05262.jpg,5,1.1 MB (1139600 bytes),1333 x 2000,20.90%,,C:\Users\Luca1\Downloads\CATALISTINO_2025_PACCHETTO_COMPLETO\Links\DSC05262.jpg,
DSC05062.jpg,6,584.5 KB (598543 bytes),2000 x 1334,13.70%,,C:\Users\Luca1\Downloads\CATALISTINO_2025_PACCHETTO_COMPLETO\Links\DSC05062.jpg,
DSC05115.jpg,6,705.9 KB (722861 bytes),2000 x 1334,17.20%,,C:\Users\Luca1\Downloads\CATALISTINO_2025_PACCHETTO_COMPLETO\Links\DSC05115.jpg,
2023_04_18_FAAC_foto_Maestri_Aufiero_0026.jpg,6,1.9 MB (1967386 bytes),2048 x 1365,47%,,C:\Users\Luca1\Downloads\CATALISTINO_2025_PACCHETTO_COMPLETO\Links\2023_04_18_FAAC_foto_Maestri_Aufiero_0026.jpg,
logo_FAAC_white.png,6,7880 bytes (7880 bytes),928 x 237,19.10%,,C:\Users\Luca1\Downloads\CATALISTINO_2025_PACCHETTO_COMPLETO\Links\logo_FAAC_white.png,
2_Artboard.png,7,496.2 KB (508059 bytes),1723 x 1800,68.10%,,C:\Users\Luca1\Downloads\CATALISTINO_2025_PACCHETTO_COMPLETO\Links\2_Artboard.png,
Untitled design (2).png,7,222.7 KB (228067 bytes),2652 x 3750,7.10%,270.0°,C:\Users\Luca1\Downloads\CATALISTINO_2025_PACCHETTO_COMPLETO\Links\Untitled design (2).png,
Untitled design (2).png,7,222.7 KB (228067 bytes),2652 x 3750,7.10%,270.0°,C:\Users\Luca1\Downloads\CATALISTINO_2025_PACCHETTO_COMPLETO\Links\Untitled design (2).png,
Untitled design (2).png,7,222.7 KB (228067 bytes),2652 x 3750,7.10%,270.0°,C:\Users\Luca1\Downloads\CATALISTINO_2025_PACCHETTO_COMPLETO\Links\Untitled design (2).png,
Untitled design (2).png,7,222.7 KB (228067 bytes),2652 x 3750,7.10%,270.0°,C:\Users\Luca1\Downloads\CATALISTINO_2025_PACCHETTO_COMPLETO\Links\Untitled design (2).png,
Untitled design (2).png,7,222.7 KB (228067 bytes),2652 x 3750,7.10%,90.0°,C:\Users\Luca1\Downloads\CATALISTINO_2025_PACCHETTO_COMPLETO\Links\Untitled design (2).png,
Untitled design (2).png,7,222.7 KB (228067 bytes),2652 x 3750,7.10%,270.0°,C:\Users\Luca1\Downloads\CATALISTINO_2025_PACCHETTO_COMPLETO\Links\Untitled design (2).png,
Untitled design (2).png,7,222.7 KB (228067 bytes),2652 x 3750,93.70%,,C:\Users\Luca1\Downloads\CATALISTINO_2025_PACCHETTO_COMPLETO\Links\Untitled design (2).png,
Untitled design (2).png,7,222.7 KB (228067 bytes),2652 x 3750,7.10%,270.0°,C:\Users\Luca1\Downloads\CATALISTINO_2025_PACCHETTO_COMPLETO\Links\Untitled design (2).png,
Untitled design (2).png,7,222.7 KB (228067 bytes),2652 x 3750,7.10%,90.0°,C:\Users\Luca1\Downloads\CATALISTINO_2025_PACCHETTO_COMPLETO\Links\Untitled design (2).png,
Untitled design (2).png,7,222.7 KB (228067 bytes),2652 x 3750,93.70%,270.0°,C:\Users\Luca1\Downloads\CATALISTINO_2025_PACCHETTO_COMPLETO\Links\Untitled design (2).png,
global-environmental-sustainability-background-green-technology (1).jpg,8,9.6 MB (10039449 bytes),3508 x 4961,40%,,C:\Users\Luca1\Downloads\CATALISTINO_2025_PACCHETTO_COMPLETO\Links\global-environmental-sustainability-background-green-technology (1).jpg,Global environmental sustainability background green technology
logo_FAAC_white.png,8,7880 bytes (7880 bytes),928 x 237,19.10%,,C:\Users\Luca1\Downloads\CATALISTINO_2025_PACCHETTO_COMPLETO\Links\logo_FAAC_white.png,
QR_ESG_REPORT2023.tif,9,21.7 KB (22268 bytes),472 x 472,12.60%,,C:\Users\Luca1\Downloads\CATALISTINO_2025_PACCHETTO_COMPLETO\Links\QR_ESG_REPORT2023.tif,
Untitled design (2).png,9,222.7 KB (228067 bytes),2652 x 3750,93.70%,,C:\Users\Luca1\Downloads\CATALISTINO_2025_PACCHETTO_COMPLETO\Links\Untitled design (2).png,
Untitled design (2).png,10,222.7 KB (228067 bytes),2652 x 3750,21.7% x -21.7%,180.0°,C:\Users\Luca1\Downloads\CATALISTINO_2025_PACCHETTO_COMPLETO\Links\Untitled design (2).png,
FAAC TECHNOLOGIES_positive.ai,10,1.3 MB (1405027 bytes),,70.60%,,C:\Users\Luca1\Downloads\CATALISTINO_2025_PACCHETTO_COMPLETO\Links\FAAC TECHNOLOGIES_positive.ai,
Untitled design (2).png,10,222.7 KB (228067 bytes),2652 x 3750,21.7% x -21.7%,180.0°,C:\Users\Luca1\Downloads\CATALISTINO_2025_PACCHETTO_COMPLETO\Links\Untitled design (2).png,
CERT_ISO 9001 FAAC SPA 05-04-2023.pdf,10,286.6 KB (293445 bytes),,17%,,C:\Users\Luca1\Downloads\CATALISTINO_2025_PACCHETTO_COMPLETO\Links\CERT_ISO 9001 FAAC SPA 05-04-2023.pdf,
Untitled design (2).png,10,222.7 KB (228067 bytes),2652 x 3750,21.7% x -21.7%,180.0°,C:\Users\Luca1\Downloads\CATALISTINO_2025_PACCHETTO_COMPLETO\Links\Untitled design (2).png,
Untitled design (2).png,10,222.7 KB (228067 bytes),2652 x 3750,21.7% x -21.7%,180.0°,C:\Users\Luca1\Downloads\CATALISTINO_2025_PACCHETTO_COMPLETO\Links\Untitled design (2).png,
business-people-board-room-meeting.jpg,11,8.7 MB (9148797 bytes),4796 x 2980,19.90%,,C:\Users\Luca1\Downloads\CATALISTINO_2025_PACCHETTO_COMPLETO\Links\business-people-board-room-meeting.jpg,Business people in a board room meeting
call-center-headset-device-telephone-voip-system.jpg,11,6.8 MB (7130610 bytes),6000 x 3195,15.70%,,C:\Users\Luca1\Downloads\CATALISTINO_2025_PACCHETTO_COMPLETO\Links\call-center-headset-device-telephone-voip-system.jpg,
close-up-businessman-with-digital-tablet (1).jpg,11,9.9 MB (10390331 bytes),5760 x 3840,15.60%,,C:\Users\Luca1\Downloads\CATALISTINO_2025_PACCHETTO_COMPLETO\Links\close-up-businessman-with-digital-tablet (1).jpg,Image of businessperson pointing at document in touchpad at meeting
seo-search-engine-optimization-search-technology-women-s-hands-using-computer-keyboard-search.jpg,12,2.1 MB (2165156 bytes),5399 x 3672,11% x 10.9%,,C:\Users\Luca1\Downloads\CATALISTINO_2025_PACCHETTO_COMPLETO\Links\seo-search-engine-optimization-search-technology-women-s-hands-using-computer-keyboard-search.jpg,"SEO Search engine optimization, Search technology, women’s hands using a computer keyboard to search for information, using websites search bar to find the desired information or shopping online."
hand-using-virtual-screen-advanced-technology-digital-remix.jpg,13,6 MB (6250852 bytes),5000 x 3334,54.5% x 53.9%,,C:\Users\Luca1\Downloads\CATALISTINO_2025_PACCHETTO_COMPLETO\Links\hand-using-virtual-screen-advanced-technology-digital-remix.jpg,Hand using virtual screen advanced technology digital remix
phone.pdf,14,271.3 KB (277848 bytes),,71.20%,,C:\Users\Luca1\Downloads\CATALISTINO_2025_PACCHETTO_COMPLETO\Links\phone.pdf,
QR_CommunityFAACperTe.png,14,24.7 KB (25280 bytes),600 x 600,11%,,C:\Users\Luca1\Downloads\CATALISTINO_2025_PACCHETTO_COMPLETO\Links\QR_CommunityFAACperTe.png,
phone.pdf,14,271.3 KB (277848 bytes),,71.20%,,C:\Users\Luca1\Downloads\CATALISTINO_2025_PACCHETTO_COMPLETO\Links\phone.pdf,
residential_icon.ai,15,1.2 MB (1291739 bytes),,45.30%,,C:\Users\Luca1\Downloads\CATALISTINO_2025_PACCHETTO_COMPLETO\Links\residential_icon.ai,
condominium_icon.ai,15,1.2 MB (1294519 bytes),,44.40%,,C:\Users\Luca1\Downloads\CATALISTINO_2025_PACCHETTO_COMPLETO\Links\condominium_icon.ai,
industrial_icon.ai,15,1.2 MB (1293638 bytes),,48%,,C:\Users\Luca1\Downloads\CATALISTINO_2025_PACCHETTO_COMPLETO\Links\industrial_icon.ai,
logo_Hybrid_bw_1.ai,17,1.2 MB (1271180 bytes),,38.30%,,C:\Users\Luca1\Downloads\CATALISTINO_2025_PACCHETTO_COMPLETO\Links\logo_Hybrid_bw_1.ai,
logo_2easy_bw_1_1.ai,19,1.2 MB (1269718 bytes),,38.10%,,C:\Users\Luca1\Downloads\CATALISTINO_2025_PACCHETTO_COMPLETO\Links\logo_2easy_bw_1_1.ai,
FDS.png,19,12.6 KB (12944 bytes),206 x 141,63.50%,,C:\Users\Luca1\Downloads\CATALISTINO_2025_PACCHETTO_COMPLETO\Links\FDS.png,
logo_Omnidec_bw_1_1.ai,19,1.2 MB (1271294 bytes),,38.10%,,C:\Users\Luca1\Downloads\CATALISTINO_2025_PACCHETTO_COMPLETO\Links\logo_Omnidec_bw_1_1.ai,
logo_FAAC_white.png,20,7880 bytes (7880 bytes),928 x 237,19.10%,,C:\Users\Luca1\Downloads\CATALISTINO_2025_PACCHETTO_COMPLETO\Links\logo_FAAC_white.png,
logo_safezone_cmyk_1.ai,20,1.2 MB (1257737 bytes),,39.30%,,C:\Users\Luca1\Downloads\CATALISTINO_2025_PACCHETTO_COMPLETO\Links\logo_safezone_cmyk_1.ai,
logo_greentech_cmyk_1_1.ai,21,1.2 MB (1266293 bytes),,39.60%,,C:\Users\Luca1\Downloads\CATALISTINO_2025_PACCHETTO_COMPLETO\Links\logo_greentech_cmyk_1_1.ai,
logo_FAAC_white.png,21,7880 bytes (7880 bytes),928 x 237,19.10%,,C:\Users\Luca1\Downloads\CATALISTINO_2025_PACCHETTO_COMPLETO\Links\logo_FAAC_white.png,
Untitled design (2).png,22,222.7 KB (228067 bytes),2652 x 3750,14.2% x -14.2%,180.0°,C:\Users\Luca1\Downloads\CATALISTINO_2025_PACCHETTO_COMPLETO\Links\Untitled design (2).png,
Untitled design (2).png,22,222.7 KB (228067 bytes),2652 x 3750,14.2% x -14.2%,180.0°,C:\Users\Luca1\Downloads\CATALISTINO_2025_PACCHETTO_COMPLETO\Links\Untitled design (2).png,
logo_FAAC_Black.png,22,4814 bytes (4814 bytes),928 x 237,19.10%,,C:\Users\Luca1\Downloads\CATALISTINO_2025_PACCHETTO_COMPLETO\Links\logo_FAAC_Black.png,
21978047_Tablet_Mockup_06.jpg,22,201 KB (205838 bytes),3000 x 2000,44.60%,,C:\Users\Luca1\Downloads\CATALISTINO_2025_PACCHETTO_COMPLETO\Links\21978047_Tablet_Mockup_06.jpg,
Untitled design (2).png,22,222.7 KB (228067 bytes),2652 x 3750,14.2% x -14.2%,180.0°,C:\Users\Luca1\Downloads\CATALISTINO_2025_PACCHETTO_COMPLETO\Links\Untitled design (2).png,
Untitled design (2).png,23,222.7 KB (228067 bytes),2652 x 3750,14.2% x -14.2%,180.0°,C:\Users\Luca1\Downloads\CATALISTINO_2025_PACCHETTO_COMPLETO\Links\Untitled design (2).png,
logo_FAAC_Black.png,23,4814 bytes (4814 bytes),928 x 237,19.10%,,C:\Users\Luca1\Downloads\CATALISTINO_2025_PACCHETTO_COMPLETO\Links\logo_FAAC_Black.png,
Untitled design (2).png,23,222.7 KB (228067 bytes),2652 x 3750,14.2% x -14.2%,180.0°,C:\Users\Luca1\Downloads\CATALISTINO_2025_PACCHETTO_COMPLETO\Links\Untitled design (2).png,
21978047_Tablet_Mockup_06.jpg,26,201 KB (205838 bytes),3000 x 2000,16.70%,,C:\Users\Luca1\Downloads\CATALISTINO_2025_PACCHETTO_COMPLETO\Links\21978047_Tablet_Mockup_06.jpg,
faac_04.psd,26,123.3 MB (129263973 bytes),7762 x 5792,16.10%,,C:\Users\Luca1\Downloads\CATALISTINO_2025_PACCHETTO_COMPLETO\Links\faac_04.psd,
logo_FAAC_Black.png,26,4814 bytes (4814 bytes),928 x 237,19.10%,,C:\Users\Luca1\Downloads\CATALISTINO_2025_PACCHETTO_COMPLETO\Links\logo_FAAC_Black.png,
60.png,26,1.2 MB (1263152 bytes),3125 x 3453,49.50%,,C:\Users\Luca1\Downloads\CATALISTINO_2025_PACCHETTO_COMPLETO\Links\60.png,
Power Kit_PERFECT KIT_3-2019 unico liv.png,27,4 MB (4191136 bytes),7350 x 5544,34.30%,,C:\Users\Luca1\Downloads\CATALISTINO_2025_PACCHETTO_COMPLETO\Links\Power Kit_PERFECT KIT_3-2019 unico liv.png,
logo_safezone_cmyk_1.ai,28,1.2 MB (1257737 bytes),,24.90%,,C:\Users\Luca1\Downloads\CATALISTINO_2025_PACCHETTO_COMPLETO\Links\logo_safezone_cmyk_1.ai,
LEADER kit_PERFECT_120013 .tif,28,70.7 MB (74172260 bytes),4975 x 4963,21.40%,,C:\Users\Luca1\Downloads\CATALISTINO_2025_PACCHETTO_COMPLETO\Links\LEADER kit_PERFECT_120013 .tif,
logo_2easy_bw_1.ai,28,1.2 MB (1269718 bytes),,24.60%,,C:\Users\Luca1\Downloads\CATALISTINO_2025_PACCHETTO_COMPLETO\Links\logo_2easy_bw_1.ai,
logo_Omnidec_bw_2.ai,28,1.2 MB (1271294 bytes),,24.60%,,C:\Users\Luca1\Downloads\CATALISTINO_2025_PACCHETTO_COMPLETO\Links\logo_Omnidec_bw_2.ai,
logo_CE_bw_1.ai,28,1.2 MB (1250281 bytes),,24%,,C:\Users\Luca1\Downloads\CATALISTINO_2025_PACCHETTO_COMPLETO\Links\logo_CE_bw_1.ai,
Leader Kit_PERFECT KIT_3-2019 unico liv.png,28,5.4 MB (5703822 bytes),7316 x 5188,24.40%,,C:\Users\Luca1\Downloads\CATALISTINO_2025_PACCHETTO_COMPLETO\Links\Leader Kit_PERFECT KIT_3-2019 unico liv.png,
MASTER kit 230V_PERFECT_120015 .tif,29,71.7 MB (75227784 bytes),4889 x 5123,21.80%,,C:\Users\Luca1\Downloads\CATALISTINO_2025_PACCHETTO_COMPLETO\Links\MASTER kit 230V_PERFECT_120015 .tif,
logo_CE_bw_1.ai,29,1.2 MB (1250281 bytes),,24%,,C:\Users\Luca1\Downloads\CATALISTINO_2025_PACCHETTO_COMPLETO\Links\logo_CE_bw_1.ai,
logo_Omnidec_bw_2.ai,29,1.2 MB (1271294 bytes),,24.60%,,C:\Users\Luca1\Downloads\CATALISTINO_2025_PACCHETTO_COMPLETO\Links\logo_Omnidec_bw_2.ai,
logo_safezone_cmyk_1.ai,29,1.2 MB (1257737 bytes),,24.90%,,C:\Users\Luca1\Downloads\CATALISTINO_2025_PACCHETTO_COMPLETO\Links\logo_safezone_cmyk_1.ai,
logo_2easy_bw_1.ai,29,1.2 MB (1269718 bytes),,24.60%,,C:\Users\Luca1\Downloads\CATALISTINO_2025_PACCHETTO_COMPLETO\Links\logo_2easy_bw_1.ai,
Master Kit_PERFECT KIT_3-2019 unico liv.png,29,4.7 MB (4893236 bytes),5616 x 3588,25.30%,,C:\Users\Luca1\Downloads\CATALISTINO_2025_PACCHETTO_COMPLETO\Links\Master Kit_PERFECT KIT_3-2019 unico liv.png,
logo_Omnidec_bw_2.ai,30,1.2 MB (1271294 bytes),,24.60%,,C:\Users\Luca1\Downloads\CATALISTINO_2025_PACCHETTO_COMPLETO\Links\logo_Omnidec_bw_2.ai,
MASTER kit 24V_PERFECT_120016.tif,30,67.9 MB (71192516 bytes),4867 x 4870,21.90%,,C:\Users\Luca1\Downloads\CATALISTINO_2025_PACCHETTO_COMPLETO\Links\MASTER kit 24V_PERFECT_120016.tif,
logo_2easy_bw_1.ai,30,1.2 MB (1269718 bytes),,24.60%,,C:\Users\Luca1\Downloads\CATALISTINO_2025_PACCHETTO_COMPLETO\Links\logo_2easy_bw_1.ai,
logo_CE_bw_1.ai,30,1.2 MB (1250281 bytes),,24%,,C:\Users\Luca1\Downloads\CATALISTINO_2025_PACCHETTO_COMPLETO\Links\logo_CE_bw_1.ai,
logo_safezone_cmyk_1.ai,30,1.2 MB (1257737 bytes),,24.90%,,C:\Users\Luca1\Downloads\CATALISTINO_2025_PACCHETTO_COMPLETO\Links\logo_safezone_cmyk_1.ai,
Master Kit_PERFECT KIT_3-2019 unico liv.png,30,4.7 MB (4893236 bytes),5616 x 3588,25.30%,,C:\Users\Luca1\Downloads\CATALISTINO_2025_PACCHETTO_COMPLETO\Links\Master Kit_PERFECT KIT_3-2019 unico liv.png,
logo_CE_bw_1.ai,31,1.2 MB (1250281 bytes),,24%,,C:\Users\Luca1\Downloads\CATALISTINO_2025_PACCHETTO_COMPLETO\Links\logo_CE_bw_1.ai,
logo_2easy_bw_1.ai,31,1.2 MB (1269718 bytes),,24.60%,,C:\Users\Luca1\Downloads\CATALISTINO_2025_PACCHETTO_COMPLETO\Links\logo_2easy_bw_1.ai,
logo_Omnidec_bw_2.ai,31,1.2 MB (1271294 bytes),,24.60%,,C:\Users\Luca1\Downloads\CATALISTINO_2025_PACCHETTO_COMPLETO\Links\logo_Omnidec_bw_2.ai,
logo_safezone_cmyk_1.ai,31,1.2 MB (1257737 bytes),,24.90%,,C:\Users\Luca1\Downloads\CATALISTINO_2025_PACCHETTO_COMPLETO\Links\logo_safezone_cmyk_1.ai,
HANDY kit_PERFECT_120019.tif,31,65.1 MB (68232220 bytes),4763 x 4769,22.40%,,C:\Users\Luca1\Downloads\CATALISTINO_2025_PACCHETTO_COMPLETO\Links\HANDY kit_PERFECT_120019.tif,
Handy Kit_11-2018 ok unico liv.png,31,3.8 MB (3957745 bytes),8044 x 4505,26.40%,,C:\Users\Luca1\Downloads\CATALISTINO_2025_PACCHETTO_COMPLETO\Links\Handy Kit_11-2018 ok unico liv.png,
logo_CE_bw_1.ai,32,1.2 MB (1250281 bytes),,24%,,C:\Users\Luca1\Downloads\CATALISTINO_2025_PACCHETTO_COMPLETO\Links\logo_CE_bw_1.ai,
logo_safezone_cmyk_1.ai,32,1.2 MB (1257737 bytes),,24.90%,,C:\Users\Luca1\Downloads\CATALISTINO_2025_PACCHETTO_COMPLETO\Links\logo_safezone_cmyk_1.ai,
logo_2easy_bw_1.ai,32,1.2 MB (1269718 bytes),,24.60%,,C:\Users\Luca1\Downloads\CATALISTINO_2025_PACCHETTO_COMPLETO\Links\logo_2easy_bw_1.ai,
Eco Kit_PERFECT KIT_3-2019 unico liv.png,32,2.9 MB (3074974 bytes),8568 x 4994,24.80%,,C:\Users\Luca1\Downloads\CATALISTINO_2025_PACCHETTO_COMPLETO\Links\Eco Kit_PERFECT KIT_3-2019 unico liv.png,
ECO kit_PERFECT_120014 .tif,32,82.6 MB (86646300 bytes),5374 x 5369,19.80%,,C:\Users\Luca1\Downloads\CATALISTINO_2025_PACCHETTO_COMPLETO\Links\ECO kit_PERFECT_120014 .tif,
logo_Omnidec_bw_2.ai,32,1.2 MB (1271294 bytes),,24.60%,,C:\Users\Luca1\Downloads\CATALISTINO_2025_PACCHETTO_COMPLETO\Links\logo_Omnidec_bw_2.ai,
logo_greentech_cmyk_1.ai,33,1.2 MB (1266293 bytes),,24.30%,,C:\Users\Luca1\Downloads\CATALISTINO_2025_PACCHETTO_COMPLETO\Links\logo_greentech_cmyk_1.ai,
HIGH kit_PERFECT_120020 .tif,33,93.3 MB (97853992 bytes),5511 x 5910,19.40%,,C:\Users\Luca1\Downloads\CATALISTINO_2025_PACCHETTO_COMPLETO\Links\HIGH kit_PERFECT_120020 .tif,
73384 HIGH KIT 01-2021 render cmyk.png,33,535.3 KB (548097 bytes),2069 x 1437,102.70%,,C:\Users\Luca1\Downloads\CATALISTINO_2025_PACCHETTO_COMPLETO\Links\73384 HIGH KIT 01-2021 render cmyk.png,
logo_2easy_bw_1.ai,33,1.2 MB (1269718 bytes),,24.60%,,C:\Users\Luca1\Downloads\CATALISTINO_2025_PACCHETTO_COMPLETO\Links\logo_2easy_bw_1.ai,
logo_Omnidec_bw_2.ai,33,1.2 MB (1271294 bytes),,24.60%,,C:\Users\Luca1\Downloads\CATALISTINO_2025_PACCHETTO_COMPLETO\Links\logo_Omnidec_bw_2.ai,
logo_safezone_cmyk_1.ai,33,1.2 MB (1257737 bytes),,24.90%,,C:\Users\Luca1\Downloads\CATALISTINO_2025_PACCHETTO_COMPLETO\Links\logo_safezone_cmyk_1.ai,
logo_CE_bw_1.ai,33,1.2 MB (1250281 bytes),,24%,,C:\Users\Luca1\Downloads\CATALISTINO_2025_PACCHETTO_COMPLETO\Links\logo_CE_bw_1.ai,
logo_2easy_bw_1.ai,34,1.2 MB (1269718 bytes),,24.60%,,C:\Users\Luca1\Downloads\CATALISTINO_2025_PACCHETTO_COMPLETO\Links\logo_2easy_bw_1.ai,
POWER kit 230V_PERFECT_120017 .TIF,34,45.7 MB (47965128 bytes),3985 x 4006,26.80%,,C:\Users\Luca1\Downloads\CATALISTINO_2025_PACCHETTO_COMPLETO\Links\POWER kit 230V_PERFECT_120017 .TIF,
logo_CE_bw_1.ai,34,1.2 MB (1250281 bytes),,24%,,C:\Users\Luca1\Downloads\CATALISTINO_2025_PACCHETTO_COMPLETO\Links\logo_CE_bw_1.ai,
logo_safezone_cmyk_1.ai,34,1.2 MB (1257737 bytes),,24.90%,,C:\Users\Luca1\Downloads\CATALISTINO_2025_PACCHETTO_COMPLETO\Links\logo_safezone_cmyk_1.ai,
logo_Omnidec_bw_2.ai,34,1.2 MB (1271294 bytes),,24.60%,,C:\Users\Luca1\Downloads\CATALISTINO_2025_PACCHETTO_COMPLETO\Links\logo_Omnidec_bw_2.ai,
Power Kit_PERFECT KIT_3-2019 unico liv.png,34,4 MB (4191136 bytes),7350 x 5544,28.90%,,C:\Users\Luca1\Downloads\CATALISTINO_2025_PACCHETTO_COMPLETO\Links\Power Kit_PERFECT KIT_3-2019 unico liv.png,
logo_CE_bw_1.ai,35,1.2 MB (1250281 bytes),,24%,,C:\Users\Luca1\Downloads\CATALISTINO_2025_PACCHETTO_COMPLETO\Links\logo_CE_bw_1.ai,
logo_2easy_bw_1.ai,35,1.2 MB (1269718 bytes),,24.60%,,C:\Users\Luca1\Downloads\CATALISTINO_2025_PACCHETTO_COMPLETO\Links\logo_2easy_bw_1.ai,
Power Kit_PERFECT KIT_3-2019 unico liv.png,35,4 MB (4191136 bytes),7350 x 5544,28.90%,,C:\Users\Luca1\Downloads\CATALISTINO_2025_PACCHETTO_COMPLETO\Links\Power Kit_PERFECT KIT_3-2019 unico liv.png,
POWER kit 24V_PERFECT_120018 .TIF,35,46.7 MB (48999148 bytes),4038 x 4039,26.40%,,C:\Users\Luca1\Downloads\CATALISTINO_2025_PACCHETTO_COMPLETO\Links\POWER kit 24V_PERFECT_120018 .TIF,
logo_safezone_cmyk_1.ai,35,1.2 MB (1257737 bytes),,24.90%,,C:\Users\Luca1\Downloads\CATALISTINO_2025_PACCHETTO_COMPLETO\Links\logo_safezone_cmyk_1.ai,
logo_Omnidec_bw_2.ai,35,1.2 MB (1271294 bytes),,24.60%,,C:\Users\Luca1\Downloads\CATALISTINO_2025_PACCHETTO_COMPLETO\Links\logo_Omnidec_bw_2.ai,
PRATICO C kit_PERFECT_120011 .tif,36,64.1 MB (67262084 bytes),4600 x 4857,23.20%,,C:\Users\Luca1\Downloads\CATALISTINO_2025_PACCHETTO_COMPLETO\Links\PRATICO C kit_PERFECT_120011 .tif,
logo_CE_bw_1.ai,36,1.2 MB (1250281 bytes),,24%,,C:\Users\Luca1\Downloads\CATALISTINO_2025_PACCHETTO_COMPLETO\Links\logo_CE_bw_1.ai,
logo_safezone_cmyk_1.ai,36,1.2 MB (1257737 bytes),,24.90%,,C:\Users\Luca1\Downloads\CATALISTINO_2025_PACCHETTO_COMPLETO\Links\logo_safezone_cmyk_1.ai,
Pratico Kit_PERFECT KIT_3-2019 unico liv.png,36,4.5 MB (4764317 bytes),6680 x 5628,31.80%,,C:\Users\Luca1\Downloads\CATALISTINO_2025_PACCHETTO_COMPLETO\Links\Pratico Kit_PERFECT KIT_3-2019 unico liv.png,
DELTA2 kit_PERFECT_120009 .TIF,37,41.1 MB (43059636 bytes),3782 x 3782,28.20%,,C:\Users\Luca1\Downloads\CATALISTINO_2025_PACCHETTO_COMPLETO\Links\DELTA2 kit_PERFECT_120009 .TIF,
logo_CE_bw_1.ai,37,1.2 MB (1250281 bytes),,24%,,C:\Users\Luca1\Downloads\CATALISTINO_2025_PACCHETTO_COMPLETO\Links\logo_CE_bw_1.ai,
logo_safezone_cmyk_1.ai,37,1.2 MB (1257737 bytes),,24.90%,,C:\Users\Luca1\Downloads\CATALISTINO_2025_PACCHETTO_COMPLETO\Links\logo_safezone_cmyk_1.ai,
Delta 2 PERFECT Kit_2-2019 unico liv.png,37,4.3 MB (4461067 bytes),4444 x 3744,33.60%,,C:\Users\Luca1\Downloads\CATALISTINO_2025_PACCHETTO_COMPLETO\Links\Delta 2 PERFECT Kit_2-2019 unico liv.png,
Delta 3 PERFECT Kit_3-2019 unico liv.png,38,4.2 MB (4430297 bytes),4444 x 3744,33.60%,,C:\Users\Luca1\Downloads\CATALISTINO_2025_PACCHETTO_COMPLETO\Links\Delta 3 PERFECT Kit_3-2019 unico liv.png,
logo_CE_bw_1.ai,38,1.2 MB (1250281 bytes),,24%,,C:\Users\Luca1\Downloads\CATALISTINO_2025_PACCHETTO_COMPLETO\Links\logo_CE_bw_1.ai,
logo_safezone_cmyk_1.ai,38,1.2 MB (1257737 bytes),,24.90%,,C:\Users\Luca1\Downloads\CATALISTINO_2025_PACCHETTO_COMPLETO\Links\logo_safezone_cmyk_1.ai,
DELTA3 kit_PERFECT_120010 .TIF,38,58.5 MB (61380256 bytes),3782 x 3782,28.20%,,C:\Users\Luca1\Downloads\CATALISTINO_2025_PACCHETTO_COMPLETO\Links\DELTA3 kit_PERFECT_120010 .TIF,
RAPID (Cyclo) PERFECT Kit_2-2019 unico liv.png,39,3.8 MB (3986727 bytes),4524 x 3744,33%,,C:\Users\Luca1\Downloads\CATALISTINO_2025_PACCHETTO_COMPLETO\Links\RAPID (Cyclo) PERFECT Kit_2-2019 unico liv.png,
logo_greentech_cmyk_1.ai,39,1.2 MB (1266293 bytes),,24.30%,,C:\Users\Luca1\Downloads\CATALISTINO_2025_PACCHETTO_COMPLETO\Links\logo_greentech_cmyk_1.ai,
logo_safezone_cmyk_1.ai,39,1.2 MB (1257737 bytes),,24.90%,,C:\Users\Luca1\Downloads\CATALISTINO_2025_PACCHETTO_COMPLETO\Links\logo_safezone_cmyk_1.ai,
logo_CE_bw_1.ai,39,1.2 MB (1250281 bytes),,24%,,C:\Users\Luca1\Downloads\CATALISTINO_2025_PACCHETTO_COMPLETO\Links\logo_CE_bw_1.ai,
RAPID kit_PERFECT_120012 .TIF,39,35.3 MB (36962440 bytes),3509 x 3505,30.40%,,C:\Users\Luca1\Downloads\CATALISTINO_2025_PACCHETTO_COMPLETO\Links\RAPID kit_PERFECT_120012 .TIF,
logo_Omnidec_bw_2.ai,39,1.2 MB (1271294 bytes),,24.60%,,C:\Users\Luca1\Downloads\CATALISTINO_2025_PACCHETTO_COMPLETO\Links\logo_Omnidec_bw_2.ai,
logo_2easy_bw_1.ai,39,1.2 MB (1269718 bytes),,24.60%,,C:\Users\Luca1\Downloads\CATALISTINO_2025_PACCHETTO_COMPLETO\Links\logo_2easy_bw_1.ai,
XT4_433_SLH-LR_cod.787008.psd,40,950.9 KB (973721 bytes),344 x 548,73.30%,,C:\Users\Luca1\Downloads\CATALISTINO_2025_PACCHETTO_COMPLETO\Links\XT4_433_SLH-LR_cod.787008.psd,
410029.psd,40,5.1 MB (5337812 bytes),798 x 1035,61.80%,,C:\Users\Luca1\Downloads\CATALISTINO_2025_PACCHETTO_COMPLETO\Links\410029.psd,
785102-print.psd,40,48.3 MB (50615250 bytes),3333 x 3296,20.30%,,C:\Users\Luca1\Downloads\CATALISTINO_2025_PACCHETTO_COMPLETO\Links\785102-print.psd,
logo_FAAC_Black.png,40,4814 bytes (4814 bytes),928 x 237,19.10%,,C:\Users\Luca1\Downloads\CATALISTINO_2025_PACCHETTO_COMPLETO\Links\logo_FAAC_Black.png,
106746445_IT.tif,41,42.3 MB (44381156 bytes),3665 x 3025,32.60%,,C:\Users\Luca1\Downloads\CATALISTINO_2025_PACCHETTO_COMPLETO\Links\106746445_IT.tif,
390106_390113.tif,42,47.3 MB (49609620 bytes),3790 x 3227,21.90%,,C:\Users\Luca1\Downloads\CATALISTINO_2025_PACCHETTO_COMPLETO\Links\390106_390113.tif,
Simply-Connect-ICON_NERO.eps,42,1.3 MB (1359970 bytes),,109.10%,,C:\Users\Luca1\Downloads\CATALISTINO_2025_PACCHETTO_COMPLETO\Links\Simply-Connect-ICON_NERO.eps,
logo_2easy_bw.ai,42,1.2 MB (1269718 bytes),,24.20%,,C:\Users\Luca1\Downloads\CATALISTINO_2025_PACCHETTO_COMPLETO\Links\logo_2easy_bw.ai,
logo_CE_bw.ai,42,1.2 MB (1250281 bytes),,24.50%,,C:\Users\Luca1\Downloads\CATALISTINO_2025_PACCHETTO_COMPLETO\Links\logo_CE_bw.ai,
390113_SAFEZONE_RETROFIT_KIT_E145.tif,42,14.8 MB (15483124 bytes),2337 x 1594,44.60%,,C:\Users\Luca1\Downloads\CATALISTINO_2025_PACCHETTO_COMPLETO\Links\390113_SAFEZONE_RETROFIT_KIT_E145.tif,
logo_safezone_cmyk.ai,42,1.2 MB (1257737 bytes),,24.30%,,C:\Users\Luca1\Downloads\CATALISTINO_2025_PACCHETTO_COMPLETO\Links\logo_safezone_cmyk.ai,
logo_greentech_cmyk.ai,42,1.2 MB (1266293 bytes),,24.30%,,C:\Users\Luca1\Downloads\CATALISTINO_2025_PACCHETTO_COMPLETO\Links\logo_greentech_cmyk.ai,
logo_Omnidec_bw.ai,42,1.2 MB (1271294 bytes),,24.40%,,C:\Users\Luca1\Downloads\CATALISTINO_2025_PACCHETTO_COMPLETO\Links\logo_Omnidec_bw.ai,
logo_Omnidec_bw.ai,43,1.2 MB (1271294 bytes),,24.40%,,C:\Users\Luca1\Downloads\CATALISTINO_2025_PACCHETTO_COMPLETO\Links\logo_Omnidec_bw.ai,
Pronto Kit banner piccolo.tif,43,1.6 MB (1715932 bytes),708 x 354,88.70%,,C:\Users\Luca1\Downloads\CATALISTINO_2025_PACCHETTO_COMPLETO\Links\Pronto Kit banner piccolo.tif,
105683_IT.tif,43,54.9 MB (57541768 bytes),3991 x 3602,19.60%,,C:\Users\Luca1\Downloads\CATALISTINO_2025_PACCHETTO_COMPLETO\Links\105683_IT.tif,
logo_2easy_bw.ai,43,1.2 MB (1269718 bytes),,24.20%,,C:\Users\Luca1\Downloads\CATALISTINO_2025_PACCHETTO_COMPLETO\Links\logo_2easy_bw.ai,
logo_Hybrid_bw.ai,43,1.2 MB (1271180 bytes),,24.40%,,C:\Users\Luca1\Downloads\CATALISTINO_2025_PACCHETTO_COMPLETO\Links\logo_Hybrid_bw.ai,
logo_CE_bw.ai,43,1.2 MB (1250281 bytes),,24.50%,,C:\Users\Luca1\Downloads\CATALISTINO_2025_PACCHETTO_COMPLETO\Links\logo_CE_bw.ai,
logo_safezone_cmyk.ai,43,1.2 MB (1257737 bytes),,24.30%,,C:\Users\Luca1\Downloads\CATALISTINO_2025_PACCHETTO_COMPLETO\Links\logo_safezone_cmyk.ai,
105683components.tif,43,84.2 MB (88334972 bytes),5423 x 5423,17.80%,,C:\Users\Luca1\Downloads\CATALISTINO_2025_PACCHETTO_COMPLETO\Links\105683components.tif,
105633445_IT.tif,44,75.4 MB (79105820 bytes),5280 x 3744,18.90%,,C:\Users\Luca1\Downloads\CATALISTINO_2025_PACCHETTO_COMPLETO\Links\105633445_IT.tif,
Simply-Connect-ICON_NERO.eps,44,1.3 MB (1359970 bytes),,109.10%,,C:\Users\Luca1\Downloads\CATALISTINO_2025_PACCHETTO_COMPLETO\Links\Simply-Connect-ICON_NERO.eps,
logo_2easy_bw.ai,44,1.2 MB (1269718 bytes),,24.20%,,C:\Users\Luca1\Downloads\CATALISTINO_2025_PACCHETTO_COMPLETO\Links\logo_2easy_bw.ai,
logo_Omnidec_bw.ai,44,1.2 MB (1271294 bytes),,24.40%,,C:\Users\Luca1\Downloads\CATALISTINO_2025_PACCHETTO_COMPLETO\Links\logo_Omnidec_bw.ai,
logo_CE_bw.ai,44,1.2 MB (1250281 bytes),,24.50%,,C:\Users\Luca1\Downloads\CATALISTINO_2025_PACCHETTO_COMPLETO\Links\logo_CE_bw.ai,
logo_safezone_cmyk.ai,44,1.2 MB (1257737 bytes),,24.30%,,C:\Users\Luca1\Downloads\CATALISTINO_2025_PACCHETTO_COMPLETO\Links\logo_safezone_cmyk.ai,
105633445components.tif,44,70.7 MB (74170424 bytes),4975 x 4963,19.50%,,C:\Users\Luca1\Downloads\CATALISTINO_2025_PACCHETTO_COMPLETO\Links\105633445components.tif,
Pronto Kit banner piccolo.tif,44,1.6 MB (1715932 bytes),708 x 354,88.70%,,C:\Users\Luca1\Downloads\CATALISTINO_2025_PACCHETTO_COMPLETO\Links\Pronto Kit banner piccolo.tif,
104419445components.tif,45,72.2 MB (75660912 bytes),5018 x 5020,19.30%,,C:\Users\Luca1\Downloads\CATALISTINO_2025_PACCHETTO_COMPLETO\Links\104419445components.tif,
logo_Omnidec_bw.ai,45,1.2 MB (1271294 bytes),,24.40%,,C:\Users\Luca1\Downloads\CATALISTINO_2025_PACCHETTO_COMPLETO\Links\logo_Omnidec_bw.ai,
logo_2easy_bw.ai,45,1.2 MB (1269718 bytes),,24.20%,,C:\Users\Luca1\Downloads\CATALISTINO_2025_PACCHETTO_COMPLETO\Links\logo_2easy_bw.ai,
Pronto Kit banner piccolo.tif,45,1.6 MB (1715932 bytes),708 x 354,88.70%,,C:\Users\Luca1\Downloads\CATALISTINO_2025_PACCHETTO_COMPLETO\Links\Pronto Kit banner piccolo.tif,
Simply-Connect-ICON_NERO.eps,45,1.3 MB (1359970 bytes),,109.10%,,C:\Users\Luca1\Downloads\CATALISTINO_2025_PACCHETTO_COMPLETO\Links\Simply-Connect-ICON_NERO.eps,
logo_CE_bw.ai,45,1.2 MB (1250281 bytes),,24.50%,,C:\Users\Luca1\Downloads\CATALISTINO_2025_PACCHETTO_COMPLETO\Links\logo_CE_bw.ai,
104419445_IT.tif,45,65.2 MB (68369652 bytes),5379 x 3176,22.30%,,C:\Users\Luca1\Downloads\CATALISTINO_2025_PACCHETTO_COMPLETO\Links\104419445_IT.tif,
logo_safezone_cmyk.ai,45,1.2 MB (1257737 bytes),,24.30%,,C:\Users\Luca1\Downloads\CATALISTINO_2025_PACCHETTO_COMPLETO\Links\logo_safezone_cmyk.ai,
104415445_IT.tif,46,76.9 MB (80633908 bytes),5616 x 3588,21%,,C:\Users\Luca1\Downloads\CATALISTINO_2025_PACCHETTO_COMPLETO\Links\104415445_IT.tif,
104415445components.tif,46,71.7 MB (75223536 bytes),4889 x 5123,18.90%,,C:\Users\Luca1\Downloads\CATALISTINO_2025_PACCHETTO_COMPLETO\Links\104415445components.tif,
logo_CE_bw.ai,46,1.2 MB (1250281 bytes),,24.50%,,C:\Users\Luca1\Downloads\CATALISTINO_2025_PACCHETTO_COMPLETO\Links\logo_CE_bw.ai,
logo_safezone_cmyk.ai,46,1.2 MB (1257737 bytes),,24.30%,,C:\Users\Luca1\Downloads\CATALISTINO_2025_PACCHETTO_COMPLETO\Links\logo_safezone_cmyk.ai,
Pronto Kit banner piccolo.tif,46,1.6 MB (1715932 bytes),708 x 354,88.70%,,C:\Users\Luca1\Downloads\CATALISTINO_2025_PACCHETTO_COMPLETO\Links\Pronto Kit banner piccolo.tif,
logo_2easy_bw.ai,46,1.2 MB (1269718 bytes),,24.20%,,C:\Users\Luca1\Downloads\CATALISTINO_2025_PACCHETTO_COMPLETO\Links\logo_2easy_bw.ai,
Simply-Connect-ICON_NERO.eps,46,1.3 MB (1359970 bytes),,109.10%,,C:\Users\Luca1\Downloads\CATALISTINO_2025_PACCHETTO_COMPLETO\Links\Simply-Connect-ICON_NERO.eps,
logo_Omnidec_bw.ai,46,1.2 MB (1271294 bytes),,24.40%,,C:\Users\Luca1\Downloads\CATALISTINO_2025_PACCHETTO_COMPLETO\Links\logo_Omnidec_bw.ai,
104415144components.tif,47,29.2 MB (30614944 bytes),3189 x 3191,30.30%,,C:\Users\Luca1\Downloads\CATALISTINO_2025_PACCHETTO_COMPLETO\Links\104415144components.tif,
104415144_IT.tif,47,67.8 MB (71120576 bytes),5410 x 3285,21.50%,,C:\Users\Luca1\Downloads\CATALISTINO_2025_PACCHETTO_COMPLETO\Links\104415144_IT.tif,
logo_safezone_cmyk.ai,47,1.2 MB (1257737 bytes),,24.30%,,C:\Users\Luca1\Downloads\CATALISTINO_2025_PACCHETTO_COMPLETO\Links\logo_safezone_cmyk.ai,
logo_CE_bw.ai,47,1.2 MB (1250281 bytes),,24.50%,,C:\Users\Luca1\Downloads\CATALISTINO_2025_PACCHETTO_COMPLETO\Links\logo_CE_bw.ai,
Pronto Kit banner piccolo.tif,47,1.6 MB (1715932 bytes),708 x 354,88.70%,,C:\Users\Luca1\Downloads\CATALISTINO_2025_PACCHETTO_COMPLETO\Links\Pronto Kit banner piccolo.tif,
logo_Omnidec_bw.ai,47,1.2 MB (1271294 bytes),,24.40%,,C:\Users\Luca1\Downloads\CATALISTINO_2025_PACCHETTO_COMPLETO\Links\logo_Omnidec_bw.ai,
logo_2easy_bw.ai,47,1.2 MB (1269718 bytes),,24.20%,,C:\Users\Luca1\Downloads\CATALISTINO_2025_PACCHETTO_COMPLETO\Links\logo_2easy_bw.ai,
105998components.tif,48,29.2 MB (30635976 bytes),3189 x 3193,30.30%,,C:\Users\Luca1\Downloads\CATALISTINO_2025_PACCHETTO_COMPLETO\Links\105998components.tif,
Pronto Kit banner piccolo.tif,48,1.6 MB (1715932 bytes),708 x 354,88.70%,,C:\Users\Luca1\Downloads\CATALISTINO_2025_PACCHETTO_COMPLETO\Links\Pronto Kit banner piccolo.tif,
logo_safezone_cmyk.ai,48,1.2 MB (1257737 bytes),,24.30%,,C:\Users\Luca1\Downloads\CATALISTINO_2025_PACCHETTO_COMPLETO\Links\logo_safezone_cmyk.ai,
logo_2easy_bw.ai,48,1.2 MB (1269718 bytes),,24.20%,,C:\Users\Luca1\Downloads\CATALISTINO_2025_PACCHETTO_COMPLETO\Links\logo_2easy_bw.ai,
logo_CE_bw.ai,48,1.2 MB (1250281 bytes),,24.50%,,C:\Users\Luca1\Downloads\CATALISTINO_2025_PACCHETTO_COMPLETO\Links\logo_CE_bw.ai,
logo_Omnidec_bw.ai,48,1.2 MB (1271294 bytes),,24.40%,,C:\Users\Luca1\Downloads\CATALISTINO_2025_PACCHETTO_COMPLETO\Links\logo_Omnidec_bw.ai,
105998_IT.tif,48,71.9 MB (75376576 bytes),5616 x 3354,21.10%,,C:\Users\Luca1\Downloads\CATALISTINO_2025_PACCHETTO_COMPLETO\Links\105998_IT.tif,
Pronto Kit banner piccolo.tif,49,1.6 MB (1715932 bytes),708 x 354,88.70%,,C:\Users\Luca1\Downloads\CATALISTINO_2025_PACCHETTO_COMPLETO\Links\Pronto Kit banner piccolo.tif,
105632445components.tif,49,82.6 MB (86644280 bytes),5374 x 5369,18%,,C:\Users\Luca1\Downloads\CATALISTINO_2025_PACCHETTO_COMPLETO\Links\105632445components.tif,
logo_Omnidec_bw.ai,49,1.2 MB (1271294 bytes),,24.40%,,C:\Users\Luca1\Downloads\CATALISTINO_2025_PACCHETTO_COMPLETO\Links\logo_Omnidec_bw.ai,
Simply-Connect-ICON_NERO.eps,49,1.3 MB (1359970 bytes),,109.10%,,C:\Users\Luca1\Downloads\CATALISTINO_2025_PACCHETTO_COMPLETO\Links\Simply-Connect-ICON_NERO.eps,
105632445_IT.tif,49,55.7 MB (58373572 bytes),5392 x 2705,26.10%,,C:\Users\Luca1\Downloads\CATALISTINO_2025_PACCHETTO_COMPLETO\Links\105632445_IT.tif,
logo_CE_bw.ai,49,1.2 MB (1250281 bytes),,24.50%,,C:\Users\Luca1\Downloads\CATALISTINO_2025_PACCHETTO_COMPLETO\Links\logo_CE_bw.ai,
logo_safezone_cmyk.ai,49,1.2 MB (1257737 bytes),,24.30%,,C:\Users\Luca1\Downloads\CATALISTINO_2025_PACCHETTO_COMPLETO\Links\logo_safezone_cmyk.ai,
logo_2easy_bw.ai,49,1.2 MB (1269718 bytes),,24.20%,,C:\Users\Luca1\Downloads\CATALISTINO_2025_PACCHETTO_COMPLETO\Links\logo_2easy_bw.ai,
104575components.tif,50,47.7 MB (49981624 bytes),3189 x 3189,30.30%,,C:\Users\Luca1\Downloads\CATALISTINO_2025_PACCHETTO_COMPLETO\Links\104575components.tif,
logo_Omnidec_bw.ai,50,1.2 MB (1271294 bytes),,24.40%,,C:\Users\Luca1\Downloads\CATALISTINO_2025_PACCHETTO_COMPLETO\Links\logo_Omnidec_bw.ai,
logo_safezone_cmyk.ai,50,1.2 MB (1257737 bytes),,24.30%,,C:\Users\Luca1\Downloads\CATALISTINO_2025_PACCHETTO_COMPLETO\Links\logo_safezone_cmyk.ai,
logo_CE_bw.ai,50,1.2 MB (1250281 bytes),,24.50%,,C:\Users\Luca1\Downloads\CATALISTINO_2025_PACCHETTO_COMPLETO\Links\logo_CE_bw.ai,
Pronto Kit banner piccolo.tif,50,1.6 MB (1715932 bytes),708 x 354,88.70%,,C:\Users\Luca1\Downloads\CATALISTINO_2025_PACCHETTO_COMPLETO\Links\Pronto Kit banner piccolo.tif,
104575_IT.tif,50,3.7 MB (3829792 bytes),985 x 821,20.70%,,C:\Users\Luca1\Downloads\CATALISTINO_2025_PACCHETTO_COMPLETO\Links\104575_IT.tif,
logo_2easy_bw.ai,50,1.2 MB (1269718 bytes),,24.20%,,C:\Users\Luca1\Downloads\CATALISTINO_2025_PACCHETTO_COMPLETO\Links\logo_2easy_bw.ai,
logo_CE_bw.ai,51,1.2 MB (1250281 bytes),,24.50%,,C:\Users\Luca1\Downloads\CATALISTINO_2025_PACCHETTO_COMPLETO\Links\logo_CE_bw.ai,
HIGH KIT 104250445 .tif,51,93.3 MB (97854004 bytes),5511 x 5910,14%,,C:\Users\Luca1\Downloads\CATALISTINO_2025_PACCHETTO_COMPLETO\Links\HIGH KIT 104250445 .tif,
Pronto Kit banner piccolo.tif,51,1.6 MB (1715932 bytes),708 x 354,76.10%,,C:\Users\Luca1\Downloads\CATALISTINO_2025_PACCHETTO_COMPLETO\Links\Pronto Kit banner piccolo.tif,
73384_HIGH_KIT.tif,51,27.6 MB (28942928 bytes),3189 x 2215,31.90%,,C:\Users\Luca1\Downloads\CATALISTINO_2025_PACCHETTO_COMPLETO\Links\73384_HIGH_KIT.tif,
bollo_brevetto.psd,51,1.4 MB (1473431 bytes),737 x 698,60%,,C:\Users\Luca1\Downloads\CATALISTINO_2025_PACCHETTO_COMPLETO\Links\bollo_brevetto.psd,
106746445_IT.tif,52,42.3 MB (44381156 bytes),3665 x 3025,23.40%,,C:\Users\Luca1\Downloads\CATALISTINO_2025_PACCHETTO_COMPLETO\Links\106746445_IT.tif,
logo_2easy_bw.ai,52,1.2 MB (1269718 bytes),,24.20%,,C:\Users\Luca1\Downloads\CATALISTINO_2025_PACCHETTO_COMPLETO\Links\logo_2easy_bw.ai,
106746445components.tif,52,45.7 MB (47963296 bytes),3985 x 4006,24.10%,,C:\Users\Luca1\Downloads\CATALISTINO_2025_PACCHETTO_COMPLETO\Links\106746445components.tif,
logo_Omnidec_bw.ai,52,1.2 MB (1271294 bytes),,24.40%,,C:\Users\Luca1\Downloads\CATALISTINO_2025_PACCHETTO_COMPLETO\Links\logo_Omnidec_bw.ai,
Simply-Connect-ICON_NERO.eps,52,1.3 MB (1359970 bytes),,109.10%,,C:\Users\Luca1\Downloads\CATALISTINO_2025_PACCHETTO_COMPLETO\Links\Simply-Connect-ICON_NERO.eps,
logo_safezone_cmyk.ai,52,1.2 MB (1257737 bytes),,24.30%,,C:\Users\Luca1\Downloads\CATALISTINO_2025_PACCHETTO_COMPLETO\Links\logo_safezone_cmyk.ai,
Pronto Kit banner piccolo.tif,52,1.6 MB (1715932 bytes),708 x 354,88.70%,,C:\Users\Luca1\Downloads\CATALISTINO_2025_PACCHETTO_COMPLETO\Links\Pronto Kit banner piccolo.tif,
logo_CE_bw.ai,52,1.2 MB (1250281 bytes),,24.50%,,C:\Users\Luca1\Downloads\CATALISTINO_2025_PACCHETTO_COMPLETO\Links\logo_CE_bw.ai,
logo_Omnidec_bw.ai,53,1.2 MB (1271294 bytes),,24.40%,,C:\Users\Luca1\Downloads\CATALISTINO_2025_PACCHETTO_COMPLETO\Links\logo_Omnidec_bw.ai,
logo_2easy_bw.ai,53,1.2 MB (1269718 bytes),,24.20%,,C:\Users\Luca1\Downloads\CATALISTINO_2025_PACCHETTO_COMPLETO\Links\logo_2easy_bw.ai,
logo_safezone_cmyk.ai,53,1.2 MB (1257737 bytes),,24.30%,,C:\Users\Luca1\Downloads\CATALISTINO_2025_PACCHETTO_COMPLETO\Links\logo_safezone_cmyk.ai,
106747445components.tif,53,29.2 MB (30591192 bytes),3189 x 3190,30.30%,,C:\Users\Luca1\Downloads\CATALISTINO_2025_PACCHETTO_COMPLETO\Links\106747445components.tif,
logo_CE_bw.ai,53,1.2 MB (1250281 bytes),,24.50%,,C:\Users\Luca1\Downloads\CATALISTINO_2025_PACCHETTO_COMPLETO\Links\logo_CE_bw.ai,
Pronto Kit banner piccolo.tif,53,1.6 MB (1715932 bytes),708 x 354,88.70%,,C:\Users\Luca1\Downloads\CATALISTINO_2025_PACCHETTO_COMPLETO\Links\Pronto Kit banner piccolo.tif,
106746445_IT.tif,53,42.3 MB (44381156 bytes),3665 x 3025,23.40%,,C:\Users\Luca1\Downloads\CATALISTINO_2025_PACCHETTO_COMPLETO\Links\106746445_IT.tif,
logo_safezone_cmyk.ai,54,1.2 MB (1257737 bytes),,24.30%,,C:\Users\Luca1\Downloads\CATALISTINO_2025_PACCHETTO_COMPLETO\Links\logo_safezone_cmyk.ai,
10564944_IT.tif,54,38.6 MB (40516044 bytes),3078 x 3288,21.50%,,C:\Users\Luca1\Downloads\CATALISTINO_2025_PACCHETTO_COMPLETO\Links\10564944_IT.tif,
PRATICO_C_kit_105940.tif,54,64.1 MB (67265004 bytes),4600 x 4857,19.90%,,C:\Users\Luca1\Downloads\CATALISTINO_2025_PACCHETTO_COMPLETO\Links\PRATICO_C_kit_105940.tif,
Pronto Kit banner piccolo.tif,54,1.6 MB (1715932 bytes),708 x 354,88.70%,,C:\Users\Luca1\Downloads\CATALISTINO_2025_PACCHETTO_COMPLETO\Links\Pronto Kit banner piccolo.tif,
logo_CE_bw.ai,54,1.2 MB (1250281 bytes),,24.50%,,C:\Users\Luca1\Downloads\CATALISTINO_2025_PACCHETTO_COMPLETO\Links\logo_CE_bw.ai,
logo_safezone_cmyk.ai,55,1.2 MB (1257737 bytes),,24.30%,,C:\Users\Luca1\Downloads\CATALISTINO_2025_PACCHETTO_COMPLETO\Links\logo_safezone_cmyk.ai,
Pronto Kit banner piccolo.tif,55,1.6 MB (1715932 bytes),708 x 354,88.70%,,C:\Users\Luca1\Downloads\CATALISTINO_2025_PACCHETTO_COMPLETO\Links\Pronto Kit banner piccolo.tif,
1056303445components.tif,55,41.1 MB (43061352 bytes),3782 x 3782,25.60%,,C:\Users\Luca1\Downloads\CATALISTINO_2025_PACCHETTO_COMPLETO\Links\1056303445components.tif,
1056303445_IT.tif,55,37.8 MB (39671076 bytes),3019 x 3282,21.50%,,C:\Users\Luca1\Downloads\CATALISTINO_2025_PACCHETTO_COMPLETO\Links\1056303445_IT.tif,
logo_CE_bw.ai,55,1.2 MB (1250281 bytes),,24.50%,,C:\Users\Luca1\Downloads\CATALISTINO_2025_PACCHETTO_COMPLETO\Links\logo_CE_bw.ai,
logo_safezone_cmyk.ai,56,1.2 MB (1257737 bytes),,24.30%,,C:\Users\Luca1\Downloads\CATALISTINO_2025_PACCHETTO_COMPLETO\Links\logo_safezone_cmyk.ai,
105630445components.tif,56,41.1 MB (43059884 bytes),3782 x 3782,25.60%,,C:\Users\Luca1\Downloads\CATALISTINO_2025_PACCHETTO_COMPLETO\Links\105630445components.tif,
105630445_IT.tif,56,36.8 MB (38569020 bytes),2986 x 3226,21.90%,,C:\Users\Luca1\Downloads\CATALISTINO_2025_PACCHETTO_COMPLETO\Links\105630445_IT.tif,
Pronto Kit banner piccolo.tif,56,1.6 MB (1715932 bytes),708 x 354,88.70%,,C:\Users\Luca1\Downloads\CATALISTINO_2025_PACCHETTO_COMPLETO\Links\Pronto Kit banner piccolo.tif,
logo_CE_bw.ai,56,1.2 MB (1250281 bytes),,24.50%,,C:\Users\Luca1\Downloads\CATALISTINO_2025_PACCHETTO_COMPLETO\Links\logo_CE_bw.ai,
1059995_IT.tif,57,44.8 MB (46989484 bytes),3380 x 3473,17%,,C:\Users\Luca1\Downloads\CATALISTINO_2025_PACCHETTO_COMPLETO\Links\1059995_IT.tif,
logo_safezone_cmyk.ai,57,1.2 MB (1257737 bytes),,24.30%,,C:\Users\Luca1\Downloads\CATALISTINO_2025_PACCHETTO_COMPLETO\Links\logo_safezone_cmyk.ai,
logo_2easy_bw.ai,57,1.2 MB (1269718 bytes),,24.20%,,C:\Users\Luca1\Downloads\CATALISTINO_2025_PACCHETTO_COMPLETO\Links\logo_2easy_bw.ai,
1059995components.tif,57,35.2 MB (36959916 bytes),3509 x 3505,27.60%,,C:\Users\Luca1\Downloads\CATALISTINO_2025_PACCHETTO_COMPLETO\Links\1059995components.tif,
logo_Omnidec_bw.ai,57,1.2 MB (1271294 bytes),,24.40%,,C:\Users\Luca1\Downloads\CATALISTINO_2025_PACCHETTO_COMPLETO\Links\logo_Omnidec_bw.ai,
logo_greentech_cmyk.ai,57,1.2 MB (1266293 bytes),,24.30%,,C:\Users\Luca1\Downloads\CATALISTINO_2025_PACCHETTO_COMPLETO\Links\logo_greentech_cmyk.ai,
logo_CE_bw.ai,57,1.2 MB (1250281 bytes),,24.50%,,C:\Users\Luca1\Downloads\CATALISTINO_2025_PACCHETTO_COMPLETO\Links\logo_CE_bw.ai,
Pronto Kit banner piccolo.tif,57,1.6 MB (1715932 bytes),708 x 354,88.70%,,C:\Users\Luca1\Downloads\CATALISTINO_2025_PACCHETTO_COMPLETO\Links\Pronto Kit banner piccolo.tif,
Pronto Kit banner piccolo.tif,58,1.6 MB (1715932 bytes),708 x 354,88.70%,,C:\Users\Luca1\Downloads\CATALISTINO_2025_PACCHETTO_COMPLETO\Links\Pronto Kit banner piccolo.tif,
logo_CE_bw.ai,58,1.2 MB (1250281 bytes),,24.50%,,C:\Users\Luca1\Downloads\CATALISTINO_2025_PACCHETTO_COMPLETO\Links\logo_CE_bw.ai,
logo_safezone_cmyk.ai,58,1.2 MB (1257737 bytes),,24.30%,,C:\Users\Luca1\Downloads\CATALISTINO_2025_PACCHETTO_COMPLETO\Links\logo_safezone_cmyk.ai,
10561644components.tif,58,70.7 MB (74148060 bytes),4970 x 4969,19.50%,,C:\Users\Luca1\Downloads\CATALISTINO_2025_PACCHETTO_COMPLETO\Links\10561644components.tif,
10561644_IT.tif,58,12.6 MB (13204968 bytes),3879 x 1360,39.20%,,C:\Users\Luca1\Downloads\CATALISTINO_2025_PACCHETTO_COMPLETO\Links\10561644_IT.tif,
Pronto Kit banner piccolo.tif,59,1.6 MB (1715932 bytes),708 x 354,88.70%,,C:\Users\Luca1\Downloads\CATALISTINO_2025_PACCHETTO_COMPLETO\Links\Pronto Kit banner piccolo.tif,
logo_Omnidec_bw.ai,59,1.2 MB (1271294 bytes),,24.40%,,C:\Users\Luca1\Downloads\CATALISTINO_2025_PACCHETTO_COMPLETO\Links\logo_Omnidec_bw.ai,
10566544_IT.tif,59,2.6 MB (2758600 bytes),3562 x 2978,23.70%,,C:\Users\Luca1\Downloads\CATALISTINO_2025_PACCHETTO_COMPLETO\Links\10566544_IT.tif,
10566544components.tif,59,26.8 MB (28149544 bytes),3058 x 3058,31.60%,,C:\Users\Luca1\Downloads\CATALISTINO_2025_PACCHETTO_COMPLETO\Links\10566544components.tif,
logo_safezone_cmyk.ai,59,1.2 MB (1257737 bytes),,24.30%,,C:\Users\Luca1\Downloads\CATALISTINO_2025_PACCHETTO_COMPLETO\Links\logo_safezone_cmyk.ai,
logo_CE_bw.ai,59,1.2 MB (1250281 bytes),,24.50%,,C:\Users\Luca1\Downloads\CATALISTINO_2025_PACCHETTO_COMPLETO\Links\logo_CE_bw.ai,
logo_greentech_cmyk.ai,60,1.2 MB (1266293 bytes),,24.30%,,C:\Users\Luca1\Downloads\CATALISTINO_2025_PACCHETTO_COMPLETO\Links\logo_greentech_cmyk.ai,
logo_safezone_cmyk.ai,60,1.2 MB (1257737 bytes),,24.30%,,C:\Users\Luca1\Downloads\CATALISTINO_2025_PACCHETTO_COMPLETO\Links\logo_safezone_cmyk.ai,
109940components.tif,60,28.2 MB (29587332 bytes),6763 x 5041,15.40%,,C:\Users\Luca1\Downloads\CATALISTINO_2025_PACCHETTO_COMPLETO\Links\109940components.tif,
109940_Rotor_Kit.tif,60,2.2 MB (2280656 bytes),3361 x 2769,25.50%,,C:\Users\Luca1\Downloads\CATALISTINO_2025_PACCHETTO_COMPLETO\Links\109940_Rotor_Kit.tif,
Pronto Kit banner piccolo.tif,60,1.6 MB (1715932 bytes),708 x 354,88.70%,,C:\Users\Luca1\Downloads\CATALISTINO_2025_PACCHETTO_COMPLETO\Links\Pronto Kit banner piccolo.tif,
logo_CE_bw.ai,60,1.2 MB (1250281 bytes),,24.50%,,C:\Users\Luca1\Downloads\CATALISTINO_2025_PACCHETTO_COMPLETO\Links\logo_CE_bw.ai,
tabella_tapparella_2.tif,61,3.2 MB (3377696 bytes),1141 x 588,79.90%,,C:\Users\Luca1\Downloads\CATALISTINO_2025_PACCHETTO_COMPLETO\Links\tabella_tapparella_2.tif,
tabella_tapparella_3.tif,61,3.2 MB (3385264 bytes),1142 x 589,80.30%,,C:\Users\Luca1\Downloads\CATALISTINO_2025_PACCHETTO_COMPLETO\Links\tabella_tapparella_3.tif,
tabella_tapparella_4.tif,61,3.2 MB (3374040 bytes),1142 x 586,96.4% x 80.5%,,C:\Users\Luca1\Downloads\CATALISTINO_2025_PACCHETTO_COMPLETO\Links\tabella_tapparella_4.tif,
IMAGE_1_fotolito.tif,61,100.1 MB (105004212 bytes),5078 x 5078,77.2% x -68.1%,180.0°,C:\Users\Luca1\Downloads\CATALISTINO_2025_PACCHETTO_COMPLETO\Links\IMAGE_1_fotolito.tif,
tabella_tapparella_1.tif,61,1.5 MB (1617980 bytes),1139 x 217,80.10%,,C:\Users\Luca1\Downloads\CATALISTINO_2025_PACCHETTO_COMPLETO\Links\tabella_tapparella_1.tif,
143201.tif,62,7.1 MB (7471752 bytes),3333 x 1904,38.40%,,C:\Users\Luca1\Downloads\CATALISTINO_2025_PACCHETTO_COMPLETO\Links\143201.tif,
143201_components.tif,62,18.2 MB (19105804 bytes),3333 x 1904,29.10%,,C:\Users\Luca1\Downloads\CATALISTINO_2025_PACCHETTO_COMPLETO\Links\143201_components.tif,
logo_CE_bw.ai,62,1.2 MB (1250281 bytes),,24.50%,,C:\Users\Luca1\Downloads\CATALISTINO_2025_PACCHETTO_COMPLETO\Links\logo_CE_bw.ai,
145421.tif,63,1.3 MB (1356092 bytes),2126 x 3012,7.10%,,C:\Users\Luca1\Downloads\CATALISTINO_2025_PACCHETTO_COMPLETO\Links\145421.tif,
145423.tif,63,1.3 MB (1394788 bytes),2126 x 3012,7.80%,,C:\Users\Luca1\Downloads\CATALISTINO_2025_PACCHETTO_COMPLETO\Links\145423.tif,
145422.tif,63,1.3 MB (1400408 bytes),2126 x 3012,7.10%,,C:\Users\Luca1\Downloads\CATALISTINO_2025_PACCHETTO_COMPLETO\Links\145422.tif,
145504.tif,63,5.1 MB (5358692 bytes),1654 x 807,19.30%,,C:\Users\Luca1\Downloads\CATALISTINO_2025_PACCHETTO_COMPLETO\Links\145504.tif,
145424.tif,63,1.4 MB (1418040 bytes),2126 x 3012,7.80%,,C:\Users\Luca1\Downloads\CATALISTINO_2025_PACCHETTO_COMPLETO\Links\145424.tif,
Intro_picture_description_1.tif,63,35.9 MB (37675088 bytes),3850 x 2443,19.80%,,C:\Users\Luca1\Downloads\CATALISTINO_2025_PACCHETTO_COMPLETO\Links\Intro_picture_description_1.tif,
Intro_picture_description_2.tif,63,29.1 MB (30539416 bytes),2197 x 2241,23.20%,,C:\Users\Luca1\Downloads\CATALISTINO_2025_PACCHETTO_COMPLETO\Links\Intro_picture_description_2.tif,
145630.tif,63,1.3 MB (1377272 bytes),970 x 728,32.40%,,C:\Users\Luca1\Downloads\CATALISTINO_2025_PACCHETTO_COMPLETO\Links\145630.tif,
145412.jpg,63,3.9 MB (4051962 bytes),3024 x 3072,7%,,C:\Users\Luca1\Downloads\CATALISTINO_2025_PACCHETTO_COMPLETO\Links\145412.jpg,
145505.tif,63,13.2 MB (13876296 bytes),1654 x 2094,10.20%,,C:\Users\Luca1\Downloads\CATALISTINO_2025_PACCHETTO_COMPLETO\Links\145505.tif,
145405.tif,63,11.5 MB (12087936 bytes),1654 x 1824,11.70%,,C:\Users\Luca1\Downloads\CATALISTINO_2025_PACCHETTO_COMPLETO\Links\145405.tif,
logo_CE_bw.ai,64,1.2 MB (1250281 bytes),,24.50%,,C:\Users\Luca1\Downloads\CATALISTINO_2025_PACCHETTO_COMPLETO\Links\logo_CE_bw.ai,
N2D_KIT.tif,64,2.5 MB (2614032 bytes),4170 x 2176,33.60%,,C:\Users\Luca1\Downloads\CATALISTINO_2025_PACCHETTO_COMPLETO\Links\N2D_KIT.tif,
145412.jpg,65,3.9 MB (4051962 bytes),3024 x 3072,7%,,C:\Users\Luca1\Downloads\CATALISTINO_2025_PACCHETTO_COMPLETO\Links\145412.jpg,
icon_radio.ai,65,1002 KB (1026092 bytes),,12%,,C:\Users\Luca1\Downloads\CATALISTINO_2025_PACCHETTO_COMPLETO\Links\icon_radio.ai,
icon_stop.ai,65,994.8 KB (1018695 bytes),,12%,,C:\Users\Luca1\Downloads\CATALISTINO_2025_PACCHETTO_COMPLETO\Links\icon_stop.ai,
icon_kitONE.ai,65,987.5 KB (1011212 bytes),,12%,,C:\Users\Luca1\Downloads\CATALISTINO_2025_PACCHETTO_COMPLETO\Links\icon_kitONE.ai,
icon_kitONE.ai,65,987.5 KB (1011212 bytes),,12%,,C:\Users\Luca1\Downloads\CATALISTINO_2025_PACCHETTO_COMPLETO\Links\icon_kitONE.ai,
145423.tif,65,1.3 MB (1394788 bytes),2126 x 3012,7.10%,,C:\Users\Luca1\Downloads\CATALISTINO_2025_PACCHETTO_COMPLETO\Links\145423.tif,
145421.tif,65,1.3 MB (1356092 bytes),2126 x 3012,7.10%,,C:\Users\Luca1\Downloads\CATALISTINO_2025_PACCHETTO_COMPLETO\Links\145421.tif,
145405.tif,65,11.5 MB (12087936 bytes),1654 x 1824,11.70%,,C:\Users\Luca1\Downloads\CATALISTINO_2025_PACCHETTO_COMPLETO\Links\145405.tif,
icon_stop.ai,65,994.8 KB (1018695 bytes),,12%,,C:\Users\Luca1\Downloads\CATALISTINO_2025_PACCHETTO_COMPLETO\Links\icon_stop.ai,
145630.tif,65,1.3 MB (1377272 bytes),970 x 728,29.40%,,C:\Users\Luca1\Downloads\CATALISTINO_2025_PACCHETTO_COMPLETO\Links\145630.tif,
105729.eps,66,232.5 KB (238085 bytes),,64.80%,,C:\Users\Luca1\Downloads\CATALISTINO_2025_PACCHETTO_COMPLETO\Links\105729.eps,
105727.eps,66,254.9 KB (261047 bytes),,44.90%,,C:\Users\Luca1\Downloads\CATALISTINO_2025_PACCHETTO_COMPLETO\Links\105727.eps,
105730.eps,66,253.4 KB (259479 bytes),,44.70%,,C:\Users\Luca1\Downloads\CATALISTINO_2025_PACCHETTO_COMPLETO\Links\105730.eps,
105727.eps,66,254.9 KB (261047 bytes),,44.90%,,C:\Users\Luca1\Downloads\CATALISTINO_2025_PACCHETTO_COMPLETO\Links\105727.eps,
105730.eps,66,253.4 KB (259479 bytes),,44.70%,,C:\Users\Luca1\Downloads\CATALISTINO_2025_PACCHETTO_COMPLETO\Links\105730.eps,
105731.eps,66,245.5 KB (251417 bytes),,44.60%,,C:\Users\Luca1\Downloads\CATALISTINO_2025_PACCHETTO_COMPLETO\Links\105731.eps,
105732.eps,66,251.7 KB (257777 bytes),,50.80%,,C:\Users\Luca1\Downloads\CATALISTINO_2025_PACCHETTO_COMPLETO\Links\105732.eps,
105731.eps,66,245.5 KB (251417 bytes),,44.60%,,C:\Users\Luca1\Downloads\CATALISTINO_2025_PACCHETTO_COMPLETO\Links\105731.eps,
105729.eps,66,232.5 KB (238085 bytes),,64.80%,,C:\Users\Luca1\Downloads\CATALISTINO_2025_PACCHETTO_COMPLETO\Links\105729.eps,
105740.eps,66,234.6 KB (240248 bytes),,64.80%,,C:\Users\Luca1\Downloads\CATALISTINO_2025_PACCHETTO_COMPLETO\Links\105740.eps,
105740.eps,66,234.6 KB (240248 bytes),,64.80%,,C:\Users\Luca1\Downloads\CATALISTINO_2025_PACCHETTO_COMPLETO\Links\105740.eps,
105732.eps,66,251.7 KB (257777 bytes),,50.80%,,C:\Users\Luca1\Downloads\CATALISTINO_2025_PACCHETTO_COMPLETO\Links\105732.eps,
105726.eps,66,257.4 KB (263535 bytes),,51.60%,,C:\Users\Luca1\Downloads\CATALISTINO_2025_PACCHETTO_COMPLETO\Links\105726.eps,
105726.eps,66,257.4 KB (263535 bytes),,51.60%,,C:\Users\Luca1\Downloads\CATALISTINO_2025_PACCHETTO_COMPLETO\Links\105726.eps,
105728.eps,66,233.5 KB (239075 bytes),,64.90%,,C:\Users\Luca1\Downloads\CATALISTINO_2025_PACCHETTO_COMPLETO\Links\105728.eps,
105728.eps,66,233.5 KB (239075 bytes),,64.90%,,C:\Users\Luca1\Downloads\CATALISTINO_2025_PACCHETTO_COMPLETO\Links\105728.eps,
k3 kit schema.ai,67,138 KB (141356 bytes),,160.50%,90.0°,C:\Users\Luca1\Downloads\CATALISTINO_2025_PACCHETTO_COMPLETO\Links\k3 kit schema.ai,
k3.tif,67,20.8 MB (21817980 bytes),2525 x 2525,15.20%,,C:\Users\Luca1\Downloads\CATALISTINO_2025_PACCHETTO_COMPLETO\Links\k3.tif,Cardboard Paper Box Packaging  Mockup
Monitoring_Devices_cmyk+.psd,68,3.2 MB (3381322 bytes),1438 x 900,18.30%,,C:\Users\Luca1\Downloads\CATALISTINO_2025_PACCHETTO_COMPLETO\Links\Monitoring_Devices_cmyk+.psd,
macbookpro_CMYK.psd,68,15.1 MB (15801097 bytes),3862 x 2276,6.90%,,C:\Users\Luca1\Downloads\CATALISTINO_2025_PACCHETTO_COMPLETO\Links\macbookpro_CMYK.psd,
_D800557-Modifica_CMYK.jpg,68,17.1 MB (17925804 bytes),7360 x 4912,21.70%,,C:\Users\Luca1\Downloads\CATALISTINO_2025_PACCHETTO_COMPLETO\Links\_D800557-Modifica_CMYK.jpg,
login page sample logo 1 screenshot.tif,68,390.8 KB (400220 bytes),1919 x 930,14.60%,,C:\Users\Luca1\Downloads\CATALISTINO_2025_PACCHETTO_COMPLETO\Links\login page sample logo 1 screenshot.tif,
_D800597-Modifica_2.psd,69,63.5 MB (66605933 bytes),3562 x 5337,15.10%,,C:\Users\Luca1\Downloads\CATALISTINO_2025_PACCHETTO_COMPLETO\Links\_D800597-Modifica_2.psd,
_D800559-Modifica_cmyk.jpg,69,11.1 MB (11624491 bytes),5160 x 3444,21.80%,,C:\Users\Luca1\Downloads\CATALISTINO_2025_PACCHETTO_COMPLETO\Links\_D800559-Modifica_cmyk.jpg,
copertina ACCESS.psd,69,997.6 KB (1021560 bytes),586 x 435,87.30%,,C:\Users\Luca1\Downloads\CATALISTINO_2025_PACCHETTO_COMPLETO\Links\copertina ACCESS.psd,
IMAGE_11_fotolito.tif,70,100.1 MB (105001732 bytes),5078 x 5078,69.50%,,C:\Users\Luca1\Downloads\CATALISTINO_2025_PACCHETTO_COMPLETO\Links\IMAGE_11_fotolito.tif,
logo_FAAC_white.png,70,7880 bytes (7880 bytes),928 x 237,19.10%,,C:\Users\Luca1\Downloads\CATALISTINO_2025_PACCHETTO_COMPLETO\Links\logo_FAAC_white.png,
104301.tif,72,27 MB (28354780 bytes),4331 x 1635,35.10%,,C:\Users\Luca1\Downloads\CATALISTINO_2025_PACCHETTO_COMPLETO\Links\104301.tif,
logo_CE_bw.ai,72,1.2 MB (1250281 bytes),,24.50%,,C:\Users\Luca1\Downloads\CATALISTINO_2025_PACCHETTO_COMPLETO\Links\logo_CE_bw.ai,
industrial_icon.ai,72,1.2 MB (1293638 bytes),,48%,,C:\Users\Luca1\Downloads\CATALISTINO_2025_PACCHETTO_COMPLETO\Links\industrial_icon.ai,
Logo_DC.ai,72,1.2 MB (1291917 bytes),,5.50%,,C:\Users\Luca1\Downloads\CATALISTINO_2025_PACCHETTO_COMPLETO\Links\Logo_DC.ai,
residential_icon.ai,72,1.2 MB (1291739 bytes),,45.30%,,C:\Users\Luca1\Downloads\CATALISTINO_2025_PACCHETTO_COMPLETO\Links\residential_icon.ai,
logo_safezone_cmyk.ai,72,1.2 MB (1257737 bytes),,24.30%,,C:\Users\Luca1\Downloads\CATALISTINO_2025_PACCHETTO_COMPLETO\Links\logo_safezone_cmyk.ai,
logo_greentech_cmyk.ai,72,1.2 MB (1266293 bytes),,24.30%,,C:\Users\Luca1\Downloads\CATALISTINO_2025_PACCHETTO_COMPLETO\Links\logo_greentech_cmyk.ai,
condominium_icon.ai,72,1.2 MB (1294519 bytes),,44.40%,,C:\Users\Luca1\Downloads\CATALISTINO_2025_PACCHETTO_COMPLETO\Links\condominium_icon.ai,
390923.tif,73,18 MB (18836632 bytes),1914 x 2384,6%,,C:\Users\Luca1\Downloads\CATALISTINO_2025_PACCHETTO_COMPLETO\Links\390923.tif,
102011.tif,73,68.4 MB (71752344 bytes),5264 x 4541,3.90%,,C:\Users\Luca1\Downloads\CATALISTINO_2025_PACCHETTO_COMPLETO\Links\102011.tif,
790286.tif,73,10.9 MB (11439948 bytes),2027 x 1339,8.90%,,C:\Users\Luca1\Downloads\CATALISTINO_2025_PACCHETTO_COMPLETO\Links\790286.tif,
S418_quote_installative.eps,73,1.3 MB (1341530 bytes),,65.20%,,C:\Users\Luca1\Downloads\CATALISTINO_2025_PACCHETTO_COMPLETO\Links\S418_quote_installative.eps,
790284.tif,73,10.6 MB (11067692 bytes),1772 x 1477,12.10%,,C:\Users\Luca1\Downloads\CATALISTINO_2025_PACCHETTO_COMPLETO\Links\790284.tif,
390926.tif,73,8.6 MB (8992928 bytes),1884 x 1116,11.30%,,C:\Users\Luca1\Downloads\CATALISTINO_2025_PACCHETTO_COMPLETO\Links\390926.tif,
790062.tif,73,3.9 MB (4125124 bytes),1869 x 1056,15.40%,,C:\Users\Luca1\Downloads\CATALISTINO_2025_PACCHETTO_COMPLETO\Links\790062.tif,
390130.png,73,3.6 MB (3757567 bytes),2499 x 1785,11.10%,,C:\Users\Luca1\Downloads\CATALISTINO_2025_PACCHETTO_COMPLETO\Links\390130.png,
industrial_icon.ai,74,1.2 MB (1293638 bytes),,48%,,C:\Users\Luca1\Downloads\CATALISTINO_2025_PACCHETTO_COMPLETO\Links\industrial_icon.ai,
logo_CE_bw.ai,74,1.2 MB (1250281 bytes),,24.50%,,C:\Users\Luca1\Downloads\CATALISTINO_2025_PACCHETTO_COMPLETO\Links\logo_CE_bw.ai,
logo_safezone_cmyk.ai,74,1.2 MB (1257737 bytes),,24.30%,,C:\Users\Luca1\Downloads\CATALISTINO_2025_PACCHETTO_COMPLETO\Links\logo_safezone_cmyk.ai,
logo_greentech_cmyk.ai,74,1.2 MB (1266293 bytes),,24.30%,,C:\Users\Luca1\Downloads\CATALISTINO_2025_PACCHETTO_COMPLETO\Links\logo_greentech_cmyk.ai,
104470.tif,74,565.5 KB (579104 bytes),1847 x 345,83.70%,,C:\Users\Luca1\Downloads\CATALISTINO_2025_PACCHETTO_COMPLETO\Links\104470.tif,
residential_icon.ai,74,1.2 MB (1291739 bytes),,45.30%,,C:\Users\Luca1\Downloads\CATALISTINO_2025_PACCHETTO_COMPLETO\Links\residential_icon.ai,
condominium_icon.ai,74,1.2 MB (1294519 bytes),,44.40%,,C:\Users\Luca1\Downloads\CATALISTINO_2025_PACCHETTO_COMPLETO\Links\condominium_icon.ai,
790076.tif,75,3.4 MB (3568204 bytes),1311 x 897,24.30%,,C:\Users\Luca1\Downloads\CATALISTINO_2025_PACCHETTO_COMPLETO\Links\790076.tif,
737604.tif,75,5.9 MB (6144148 bytes),1039 x 1473,11.50%,,C:\Users\Luca1\Downloads\CATALISTINO_2025_PACCHETTO_COMPLETO\Links\737604.tif,
404041.tif,75,10.3 MB (10796648 bytes),1890 x 1350,15.90%,,C:\Users\Luca1\Downloads\CATALISTINO_2025_PACCHETTO_COMPLETO\Links\404041.tif,
713009.tif,75,4.4 MB (4596680 bytes),1388 x 824,23%,,C:\Users\Luca1\Downloads\CATALISTINO_2025_PACCHETTO_COMPLETO\Links\713009.tif,
412_quote_installative.eps,75,1.3 MB (1375958 bytes),,56.70%,,C:\Users\Luca1\Downloads\CATALISTINO_2025_PACCHETTO_COMPLETO\Links\412_quote_installative.eps,
790077.tif,75,6.8 MB (7122180 bytes),1311 x 967,23.40%,,C:\Users\Luca1\Downloads\CATALISTINO_2025_PACCHETTO_COMPLETO\Links\790077.tif,
720118.tif,75,1004.3 KB (1028412 bytes),463 x 537,21%,,C:\Users\Luca1\Downloads\CATALISTINO_2025_PACCHETTO_COMPLETO\Links\720118.tif,
720119.tif,75,15.3 MB (16069028 bytes),1758 x 2280,9.90%,,C:\Users\Luca1\Downloads\CATALISTINO_2025_PACCHETTO_COMPLETO\Links\720119.tif,
720309.tif,75,31.2 MB (32707624 bytes),2398 x 3348,6.70%,,C:\Users\Luca1\Downloads\CATALISTINO_2025_PACCHETTO_COMPLETO\Links\720309.tif,
790062.tif,75,3.9 MB (4125124 bytes),1869 x 1056,15.40%,,C:\Users\Luca1\Downloads\CATALISTINO_2025_PACCHETTO_COMPLETO\Links\790062.tif,
industrial_icon.ai,76,1.2 MB (1293638 bytes),,48%,,C:\Users\Luca1\Downloads\CATALISTINO_2025_PACCHETTO_COMPLETO\Links\industrial_icon.ai,
logo_greentech_cmyk.ai,76,1.2 MB (1266293 bytes),,24.30%,,C:\Users\Luca1\Downloads\CATALISTINO_2025_PACCHETTO_COMPLETO\Links\logo_greentech_cmyk.ai,
residential_icon.ai,76,1.2 MB (1291739 bytes),,45.30%,,C:\Users\Luca1\Downloads\CATALISTINO_2025_PACCHETTO_COMPLETO\Links\residential_icon.ai,
logo_CE_bw.ai,76,1.2 MB (1250281 bytes),,24.50%,,C:\Users\Luca1\Downloads\CATALISTINO_2025_PACCHETTO_COMPLETO\Links\logo_CE_bw.ai,
condominium_icon.ai,76,1.2 MB (1294519 bytes),,44.40%,,C:\Users\Luca1\Downloads\CATALISTINO_2025_PACCHETTO_COMPLETO\Links\condominium_icon.ai,
logo_safezone_cmyk.ai,76,1.2 MB (1257737 bytes),,24.30%,,C:\Users\Luca1\Downloads\CATALISTINO_2025_PACCHETTO_COMPLETO\Links\logo_safezone_cmyk.ai,
104413.tif,76,15.3 MB (15996108 bytes),2962 x 1348,51.30%,,C:\Users\Luca1\Downloads\CATALISTINO_2025_PACCHETTO_COMPLETO\Links\104413.tif,Camera:   DCS660C
790077.tif,77,6.8 MB (7122180 bytes),1311 x 967,23.90%,,C:\Users\Luca1\Downloads\CATALISTINO_2025_PACCHETTO_COMPLETO\Links\790077.tif,
720118.tif,77,1004.3 KB (1028412 bytes),463 x 537,21.50%,,C:\Users\Luca1\Downloads\CATALISTINO_2025_PACCHETTO_COMPLETO\Links\720118.tif,
720119.tif,77,15.3 MB (16069028 bytes),1758 x 2280,10.10%,,C:\Users\Luca1\Downloads\CATALISTINO_2025_PACCHETTO_COMPLETO\Links\720119.tif,
720309.tif,77,31.2 MB (32707624 bytes),2398 x 3348,6.90%,,C:\Users\Luca1\Downloads\CATALISTINO_2025_PACCHETTO_COMPLETO\Links\720309.tif,
790076.tif,77,3.4 MB (3568204 bytes),1311 x 897,25.80%,,C:\Users\Luca1\Downloads\CATALISTINO_2025_PACCHETTO_COMPLETO\Links\790076.tif,
737604.tif,77,5.9 MB (6144148 bytes),1039 x 1473,11.50%,,C:\Users\Luca1\Downloads\CATALISTINO_2025_PACCHETTO_COMPLETO\Links\737604.tif,
790062.tif,77,3.9 MB (4125124 bytes),1869 x 1056,15.40%,,C:\Users\Luca1\Downloads\CATALISTINO_2025_PACCHETTO_COMPLETO\Links\790062.tif,
404040.tif,77,10.3 MB (10795940 bytes),1890 x 1350,15.90%,,C:\Users\Luca1\Downloads\CATALISTINO_2025_PACCHETTO_COMPLETO\Links\404040.tif,
413-230V_quote_installative.eps,77,1.3 MB (1357694 bytes),,66.80%,,C:\Users\Luca1\Downloads\CATALISTINO_2025_PACCHETTO_COMPLETO\Links\413-230V_quote_installative.eps,
490349.tif,77,38 MB (39798092 bytes),3189 x 4151,5.20%,,C:\Users\Luca1\Downloads\CATALISTINO_2025_PACCHETTO_COMPLETO\Links\490349.tif,
104415.tif,78,2.2 MB (2260148 bytes),2544 x 1046,59.80%,,C:\Users\Luca1\Downloads\CATALISTINO_2025_PACCHETTO_COMPLETO\Links\104415.tif,Camera:   DCS660C
logo_CE_bw.ai,78,1.2 MB (1250281 bytes),,24.50%,,C:\Users\Luca1\Downloads\CATALISTINO_2025_PACCHETTO_COMPLETO\Links\logo_CE_bw.ai,
condominium_icon.ai,78,1.2 MB (1294519 bytes),,44.40%,,C:\Users\Luca1\Downloads\CATALISTINO_2025_PACCHETTO_COMPLETO\Links\condominium_icon.ai,
logo_greentech_cmyk.ai,78,1.2 MB (1266293 bytes),,24.30%,,C:\Users\Luca1\Downloads\CATALISTINO_2025_PACCHETTO_COMPLETO\Links\logo_greentech_cmyk.ai,
residential_icon.ai,78,1.2 MB (1291739 bytes),,45.30%,,C:\Users\Luca1\Downloads\CATALISTINO_2025_PACCHETTO_COMPLETO\Links\residential_icon.ai,
logo_safezone_cmyk.ai,78,1.2 MB (1257737 bytes),,24.30%,,C:\Users\Luca1\Downloads\CATALISTINO_2025_PACCHETTO_COMPLETO\Links\logo_safezone_cmyk.ai,
industrial_icon.ai,78,1.2 MB (1293638 bytes),,48%,,C:\Users\Luca1\Downloads\CATALISTINO_2025_PACCHETTO_COMPLETO\Links\industrial_icon.ai,
790076.tif,79,3.4 MB (3568204 bytes),1311 x 897,23.90%,,C:\Users\Luca1\Downloads\CATALISTINO_2025_PACCHETTO_COMPLETO\Links\790076.tif,
737604.tif,79,5.9 MB (6144148 bytes),1039 x 1473,11.50%,,C:\Users\Luca1\Downloads\CATALISTINO_2025_PACCHETTO_COMPLETO\Links\737604.tif,
720119.tif,79,15.3 MB (16069028 bytes),1758 x 2280,9.40%,,C:\Users\Luca1\Downloads\CATALISTINO_2025_PACCHETTO_COMPLETO\Links\720119.tif,
790062.tif,79,3.9 MB (4125124 bytes),1869 x 1056,15.40%,,C:\Users\Luca1\Downloads\CATALISTINO_2025_PACCHETTO_COMPLETO\Links\790062.tif,
790077.tif,79,6.8 MB (7122180 bytes),1311 x 967,22.20%,,C:\Users\Luca1\Downloads\CATALISTINO_2025_PACCHETTO_COMPLETO\Links\790077.tif,
720118.tif,79,1004.3 KB (1028412 bytes),463 x 537,19.90%,,C:\Users\Luca1\Downloads\CATALISTINO_2025_PACCHETTO_COMPLETO\Links\720118.tif,
727525.eps,79,14.8 MB (15483439 bytes),,11.50%,,C:\Users\Luca1\Downloads\CATALISTINO_2025_PACCHETTO_COMPLETO\Links\727525.eps,Camera:   DCS660C
415-230V_quote_installative.eps,79,1.3 MB (1350250 bytes),,63%,,C:\Users\Luca1\Downloads\CATALISTINO_2025_PACCHETTO_COMPLETO\Links\415-230V_quote_installative.eps,
490349.tif,79,38 MB (39798092 bytes),3189 x 4151,5.20%,,C:\Users\Luca1\Downloads\CATALISTINO_2025_PACCHETTO_COMPLETO\Links\490349.tif,
404040.tif,79,10.3 MB (10795940 bytes),1890 x 1350,15.90%,,C:\Users\Luca1\Downloads\CATALISTINO_2025_PACCHETTO_COMPLETO\Links\404040.tif,
720309.tif,79,31.2 MB (32707624 bytes),2398 x 3348,6.40%,,C:\Users\Luca1\Downloads\CATALISTINO_2025_PACCHETTO_COMPLETO\Links\720309.tif,
condominium_icon.ai,80,1.2 MB (1294519 bytes),,44.40%,,C:\Users\Luca1\Downloads\CATALISTINO_2025_PACCHETTO_COMPLETO\Links\condominium_icon.ai,
logo_greentech_cmyk.ai,80,1.2 MB (1266293 bytes),,24.30%,,C:\Users\Luca1\Downloads\CATALISTINO_2025_PACCHETTO_COMPLETO\Links\logo_greentech_cmyk.ai,
residential_icon.ai,80,1.2 MB (1291739 bytes),,45.30%,,C:\Users\Luca1\Downloads\CATALISTINO_2025_PACCHETTO_COMPLETO\Links\residential_icon.ai,
industrial_icon.ai,80,1.2 MB (1293638 bytes),,48%,,C:\Users\Luca1\Downloads\CATALISTINO_2025_PACCHETTO_COMPLETO\Links\industrial_icon.ai,
logo_safezone_cmyk.ai,80,1.2 MB (1257737 bytes),,24.30%,,C:\Users\Luca1\Downloads\CATALISTINO_2025_PACCHETTO_COMPLETO\Links\logo_safezone_cmyk.ai,
104415.tif,80,2.2 MB (2260148 bytes),2544 x 1046,59.80%,,C:\Users\Luca1\Downloads\CATALISTINO_2025_PACCHETTO_COMPLETO\Links\104415.tif,Camera:   DCS660C
logo_CE_bw.ai,80,1.2 MB (1250281 bytes),,24.50%,,C:\Users\Luca1\Downloads\CATALISTINO_2025_PACCHETTO_COMPLETO\Links\logo_CE_bw.ai,
Logo_DC.ai,80,1.2 MB (1291917 bytes),,5.50%,,C:\Users\Luca1\Downloads\CATALISTINO_2025_PACCHETTO_COMPLETO\Links\Logo_DC.ai,
737604.tif,81,5.9 MB (6144148 bytes),1039 x 1473,11.50%,,C:\Users\Luca1\Downloads\CATALISTINO_2025_PACCHETTO_COMPLETO\Links\737604.tif,
790062.tif,81,3.9 MB (4125124 bytes),1869 x 1056,15.40%,,C:\Users\Luca1\Downloads\CATALISTINO_2025_PACCHETTO_COMPLETO\Links\790062.tif,
790284.tif,81,10.6 MB (11067692 bytes),1772 x 1477,12.10%,,C:\Users\Luca1\Downloads\CATALISTINO_2025_PACCHETTO_COMPLETO\Links\790284.tif,
390926.tif,81,8.6 MB (8992928 bytes),1884 x 1116,11.30%,,C:\Users\Luca1\Downloads\CATALISTINO_2025_PACCHETTO_COMPLETO\Links\390926.tif,
102011.tif,81,68.4 MB (71752344 bytes),5264 x 4541,3.90%,,C:\Users\Luca1\Downloads\CATALISTINO_2025_PACCHETTO_COMPLETO\Links\102011.tif,
490349.tif,81,38 MB (39798092 bytes),3189 x 4151,5.20%,,C:\Users\Luca1\Downloads\CATALISTINO_2025_PACCHETTO_COMPLETO\Links\490349.tif,
790286.tif,81,10.9 MB (11439948 bytes),2027 x 1339,8.90%,,C:\Users\Luca1\Downloads\CATALISTINO_2025_PACCHETTO_COMPLETO\Links\790286.tif,
390130.png,81,3.6 MB (3757567 bytes),2499 x 1785,11.10%,,C:\Users\Luca1\Downloads\CATALISTINO_2025_PACCHETTO_COMPLETO\Links\390130.png,
390923.tif,81,18 MB (18836632 bytes),1914 x 2384,6%,,C:\Users\Luca1\Downloads\CATALISTINO_2025_PACCHETTO_COMPLETO\Links\390923.tif,
415-24V_quote_installative.eps,81,1.3 MB (1350694 bytes),,63%,,C:\Users\Luca1\Downloads\CATALISTINO_2025_PACCHETTO_COMPLETO\Links\415-24V_quote_installative.eps,
727525.eps,81,14.8 MB (15483439 bytes),,11.50%,,C:\Users\Luca1\Downloads\CATALISTINO_2025_PACCHETTO_COMPLETO\Links\727525.eps,Camera:   DCS660C
104570montato.tif,82,14.9 MB (15633544 bytes),2748 x 1420,51.50%,,C:\Users\Luca1\Downloads\CATALISTINO_2025_PACCHETTO_COMPLETO\Links\104570montato.tif,Camera:   DCS660C
logo_CE_bw.ai,82,1.2 MB (1250281 bytes),,24.50%,,C:\Users\Luca1\Downloads\CATALISTINO_2025_PACCHETTO_COMPLETO\Links\logo_CE_bw.ai,
residential_icon.ai,82,1.2 MB (1291739 bytes),,45.30%,,C:\Users\Luca1\Downloads\CATALISTINO_2025_PACCHETTO_COMPLETO\Links\residential_icon.ai,
industrial_icon.ai,82,1.2 MB (1293638 bytes),,48%,,C:\Users\Luca1\Downloads\CATALISTINO_2025_PACCHETTO_COMPLETO\Links\industrial_icon.ai,
logo_greentech_cmyk.ai,82,1.2 MB (1266293 bytes),,24.30%,,C:\Users\Luca1\Downloads\CATALISTINO_2025_PACCHETTO_COMPLETO\Links\logo_greentech_cmyk.ai,
condominium_icon.ai,82,1.2 MB (1294519 bytes),,44.40%,,C:\Users\Luca1\Downloads\CATALISTINO_2025_PACCHETTO_COMPLETO\Links\condominium_icon.ai,
790076.tif,83,3.4 MB (3568204 bytes),1311 x 897,24.80%,,C:\Users\Luca1\Downloads\CATALISTINO_2025_PACCHETTO_COMPLETO\Links\790076.tif,
720118.tif,83,1004.3 KB (1028412 bytes),463 x 537,21%,,C:\Users\Luca1\Downloads\CATALISTINO_2025_PACCHETTO_COMPLETO\Links\720118.tif,
790062.tif,83,3.9 MB (4125124 bytes),1869 x 1056,15.40%,,C:\Users\Luca1\Downloads\CATALISTINO_2025_PACCHETTO_COMPLETO\Links\790062.tif,
390682.tif,83,6.9 MB (7247344 bytes),1654 x 1092,19.30%,,C:\Users\Luca1\Downloads\CATALISTINO_2025_PACCHETTO_COMPLETO\Links\390682.tif,
390-230V_quote_installative.eps,83,1.4 MB (1450818 bytes),,66.90%,,C:\Users\Luca1\Downloads\CATALISTINO_2025_PACCHETTO_COMPLETO\Links\390-230V_quote_installative.eps,
738705.tif,83,2.4 MB (2555792 bytes),1154 x 548,27.60%,,C:\Users\Luca1\Downloads\CATALISTINO_2025_PACCHETTO_COMPLETO\Links\738705.tif,Camera:   DCS660C
401057.tif,83,2.3 MB (2397348 bytes),945 x 628,33.70%,,C:\Users\Luca1\Downloads\CATALISTINO_2025_PACCHETTO_COMPLETO\Links\401057.tif,
790077.tif,83,6.8 MB (7122180 bytes),1311 x 967,23.40%,,C:\Users\Luca1\Downloads\CATALISTINO_2025_PACCHETTO_COMPLETO\Links\790077.tif,
720309.tif,83,31.2 MB (32707624 bytes),2398 x 3348,6.70%,,C:\Users\Luca1\Downloads\CATALISTINO_2025_PACCHETTO_COMPLETO\Links\720309.tif,
720119.tif,83,15.3 MB (16069028 bytes),1758 x 2280,9.90%,,C:\Users\Luca1\Downloads\CATALISTINO_2025_PACCHETTO_COMPLETO\Links\720119.tif,
logo_greentech_cmyk.ai,84,1.2 MB (1266293 bytes),,24.30%,,C:\Users\Luca1\Downloads\CATALISTINO_2025_PACCHETTO_COMPLETO\Links\logo_greentech_cmyk.ai,
residential_icon.ai,84,1.2 MB (1291739 bytes),,45.30%,,C:\Users\Luca1\Downloads\CATALISTINO_2025_PACCHETTO_COMPLETO\Links\residential_icon.ai,
logo_safezone_cmyk.ai,84,1.2 MB (1257737 bytes),,24.30%,,C:\Users\Luca1\Downloads\CATALISTINO_2025_PACCHETTO_COMPLETO\Links\logo_safezone_cmyk.ai,
logo_Omnidec_bw.ai,84,1.2 MB (1271294 bytes),,24.40%,,C:\Users\Luca1\Downloads\CATALISTINO_2025_PACCHETTO_COMPLETO\Links\logo_Omnidec_bw.ai,
Logo_DC.ai,84,1.2 MB (1291917 bytes),,5.50%,,C:\Users\Luca1\Downloads\CATALISTINO_2025_PACCHETTO_COMPLETO\Links\Logo_DC.ai,
104584.png,84,10.5 MB (11009934 bytes),6485 x 4000,4.20%,,C:\Users\Luca1\Downloads\CATALISTINO_2025_PACCHETTO_COMPLETO\Links\104584.png,
FDS_black.jpg,84,825.3 KB (845146 bytes),1001 x 682,4.10%,,C:\Users\Luca1\Downloads\CATALISTINO_2025_PACCHETTO_COMPLETO\Links\FDS_black.jpg,
logo_2easy_bw.ai,84,1.2 MB (1269718 bytes),,24.20%,,C:\Users\Luca1\Downloads\CATALISTINO_2025_PACCHETTO_COMPLETO\Links\logo_2easy_bw.ai,
logo_CE_bw.ai,84,1.2 MB (1250281 bytes),,24.50%,,C:\Users\Luca1\Downloads\CATALISTINO_2025_PACCHETTO_COMPLETO\Links\logo_CE_bw.ai,
condominium_icon.ai,84,1.2 MB (1294519 bytes),,44.40%,,C:\Users\Luca1\Downloads\CATALISTINO_2025_PACCHETTO_COMPLETO\Links\condominium_icon.ai,
industrial_icon.ai,84,1.2 MB (1293638 bytes),,48%,,C:\Users\Luca1\Downloads\CATALISTINO_2025_PACCHETTO_COMPLETO\Links\industrial_icon.ai,
logo_2easy_bw.ai,85,1.2 MB (1269718 bytes),,8.30%,,C:\Users\Luca1\Downloads\CATALISTINO_2025_PACCHETTO_COMPLETO\Links\logo_2easy_bw.ai,
391456.tif,85,6.7 MB (7059332 bytes),1016 x 1594,13.40%,,C:\Users\Luca1\Downloads\CATALISTINO_2025_PACCHETTO_COMPLETO\Links\391456.tif,
390923.tif,85,18 MB (18836632 bytes),1914 x 2384,6%,,C:\Users\Luca1\Downloads\CATALISTINO_2025_PACCHETTO_COMPLETO\Links\390923.tif,
390130.png,85,3.6 MB (3757567 bytes),2499 x 1785,11.10%,,C:\Users\Luca1\Downloads\CATALISTINO_2025_PACCHETTO_COMPLETO\Links\390130.png,
102011.tif,85,68.4 MB (71752344 bytes),5264 x 4541,3.90%,,C:\Users\Luca1\Downloads\CATALISTINO_2025_PACCHETTO_COMPLETO\Links\102011.tif,
390267.tif,85,95 MB (99581860 bytes),5021 x 2934,6.40%,,C:\Users\Luca1\Downloads\CATALISTINO_2025_PACCHETTO_COMPLETO\Links\390267.tif,
392_Quote_installative.ai,85,1.3 MB (1365284 bytes),,57.80%,,C:\Users\Luca1\Downloads\CATALISTINO_2025_PACCHETTO_COMPLETO\Links\392_Quote_installative.ai,
logo_Omnidec_bw.ai,85,1.2 MB (1271294 bytes),,8.30%,,C:\Users\Luca1\Downloads\CATALISTINO_2025_PACCHETTO_COMPLETO\Links\logo_Omnidec_bw.ai,
390926.tif,85,8.6 MB (8992928 bytes),1884 x 1116,11.30%,,C:\Users\Luca1\Downloads\CATALISTINO_2025_PACCHETTO_COMPLETO\Links\390926.tif,
grafico391.eps,85,304 KB (311250 bytes),,99.10%,,C:\Users\Luca1\Downloads\CATALISTINO_2025_PACCHETTO_COMPLETO\Links\grafico391.eps,
790062.tif,85,3.9 MB (4125124 bytes),1869 x 1056,15.40%,,C:\Users\Luca1\Downloads\CATALISTINO_2025_PACCHETTO_COMPLETO\Links\790062.tif,
424001.tif,85,24.2 MB (25401452 bytes),2803 x 2263,9.50%,,C:\Users\Luca1\Downloads\CATALISTINO_2025_PACCHETTO_COMPLETO\Links\424001.tif,
790284.tif,85,10.6 MB (11067692 bytes),1772 x 1477,12.10%,,C:\Users\Luca1\Downloads\CATALISTINO_2025_PACCHETTO_COMPLETO\Links\790284.tif,
residential_icon.ai,86,1.2 MB (1291739 bytes),,45.30%,,C:\Users\Luca1\Downloads\CATALISTINO_2025_PACCHETTO_COMPLETO\Links\residential_icon.ai,
condominium_icon.ai,86,1.2 MB (1294519 bytes),,44.40%,,C:\Users\Luca1\Downloads\CATALISTINO_2025_PACCHETTO_COMPLETO\Links\condominium_icon.ai,
logo_CE_bw.ai,86,1.2 MB (1250281 bytes),,24.50%,,C:\Users\Luca1\Downloads\CATALISTINO_2025_PACCHETTO_COMPLETO\Links\logo_CE_bw.ai,
industrial_icon.ai,86,1.2 MB (1293638 bytes),,48%,,C:\Users\Luca1\Downloads\CATALISTINO_2025_PACCHETTO_COMPLETO\Links\industrial_icon.ai,
104468.tif,86,13.7 MB (14412548 bytes),2828 x 1272,53.80%,,C:\Users\Luca1\Downloads\CATALISTINO_2025_PACCHETTO_COMPLETO\Links\104468.tif,
logo_greentech_cmyk.ai,86,1.2 MB (1266293 bytes),,24.30%,,C:\Users\Luca1\Downloads\CATALISTINO_2025_PACCHETTO_COMPLETO\Links\logo_greentech_cmyk.ai,
logo_safezone_cmyk.ai,86,1.2 MB (1257737 bytes),,24.30%,,C:\Users\Luca1\Downloads\CATALISTINO_2025_PACCHETTO_COMPLETO\Links\logo_safezone_cmyk.ai,
713002.tif,87,35.9 MB (37627648 bytes),3202 x 2934,7.30%,,C:\Users\Luca1\Downloads\CATALISTINO_2025_PACCHETTO_COMPLETO\Links\713002.tif,
720309.tif,87,31.2 MB (32707624 bytes),2398 x 3348,6.40%,,C:\Users\Luca1\Downloads\CATALISTINO_2025_PACCHETTO_COMPLETO\Links\720309.tif,
790076.tif,87,3.4 MB (3568204 bytes),1311 x 897,23.90%,,C:\Users\Luca1\Downloads\CATALISTINO_2025_PACCHETTO_COMPLETO\Links\790076.tif,
790062.tif,87,3.9 MB (4125124 bytes),1869 x 1056,15.40%,,C:\Users\Luca1\Downloads\CATALISTINO_2025_PACCHETTO_COMPLETO\Links\790062.tif,
790077.tif,87,6.8 MB (7122180 bytes),1311 x 967,22.20%,,C:\Users\Luca1\Downloads\CATALISTINO_2025_PACCHETTO_COMPLETO\Links\790077.tif,
402_quote_installative.eps,87,1.3 MB (1350518 bytes),,57%,,C:\Users\Luca1\Downloads\CATALISTINO_2025_PACCHETTO_COMPLETO\Links\402_quote_installative.eps,
737604.tif,87,5.9 MB (6144148 bytes),1039 x 1473,11.50%,,C:\Users\Luca1\Downloads\CATALISTINO_2025_PACCHETTO_COMPLETO\Links\737604.tif,
720118.tif,87,1004.3 KB (1028412 bytes),463 x 537,19.90%,,C:\Users\Luca1\Downloads\CATALISTINO_2025_PACCHETTO_COMPLETO\Links\720118.tif,
490349.tif,87,38 MB (39798092 bytes),3189 x 4151,5.20%,,C:\Users\Luca1\Downloads\CATALISTINO_2025_PACCHETTO_COMPLETO\Links\490349.tif,
404040.tif,87,10.3 MB (10795940 bytes),1890 x 1350,15.90%,,C:\Users\Luca1\Downloads\CATALISTINO_2025_PACCHETTO_COMPLETO\Links\404040.tif,
720119.tif,87,15.3 MB (16069028 bytes),1758 x 2280,9.40%,,C:\Users\Luca1\Downloads\CATALISTINO_2025_PACCHETTO_COMPLETO\Links\720119.tif,
logo_CE_bw.ai,88,1.2 MB (1250281 bytes),,24.50%,,C:\Users\Luca1\Downloads\CATALISTINO_2025_PACCHETTO_COMPLETO\Links\logo_CE_bw.ai,
condominium_icon.ai,88,1.2 MB (1294519 bytes),,44.40%,,C:\Users\Luca1\Downloads\CATALISTINO_2025_PACCHETTO_COMPLETO\Links\condominium_icon.ai,
104208.tif,88,13.3 MB (13966084 bytes),2740 x 1272,55.50%,,C:\Users\Luca1\Downloads\CATALISTINO_2025_PACCHETTO_COMPLETO\Links\104208.tif,Camera:   DCS660C
logo_greentech_cmyk.ai,88,1.2 MB (1266293 bytes),,24.30%,,C:\Users\Luca1\Downloads\CATALISTINO_2025_PACCHETTO_COMPLETO\Links\logo_greentech_cmyk.ai,
residential_icon.ai,88,1.2 MB (1291739 bytes),,45.30%,,C:\Users\Luca1\Downloads\CATALISTINO_2025_PACCHETTO_COMPLETO\Links\residential_icon.ai,
logo_safezone_cmyk.ai,88,1.2 MB (1257737 bytes),,24.30%,,C:\Users\Luca1\Downloads\CATALISTINO_2025_PACCHETTO_COMPLETO\Links\logo_safezone_cmyk.ai,
industrial_icon.ai,88,1.2 MB (1293638 bytes),,48%,,C:\Users\Luca1\Downloads\CATALISTINO_2025_PACCHETTO_COMPLETO\Links\industrial_icon.ai,
790076.tif,89,3.4 MB (3568204 bytes),1311 x 897,23.90%,,C:\Users\Luca1\Downloads\CATALISTINO_2025_PACCHETTO_COMPLETO\Links\790076.tif,
737604.tif,89,5.9 MB (6144148 bytes),1039 x 1473,11.50%,,C:\Users\Luca1\Downloads\CATALISTINO_2025_PACCHETTO_COMPLETO\Links\737604.tif,
790062.tif,89,3.9 MB (4125124 bytes),1869 x 1056,15.40%,,C:\Users\Luca1\Downloads\CATALISTINO_2025_PACCHETTO_COMPLETO\Links\790062.tif,
720118.tif,89,1004.3 KB (1028412 bytes),463 x 537,19.90%,,C:\Users\Luca1\Downloads\CATALISTINO_2025_PACCHETTO_COMPLETO\Links\720118.tif,
712501001.tif,89,8 MB (8421964 bytes),1772 x 1185,18%,,C:\Users\Luca1\Downloads\CATALISTINO_2025_PACCHETTO_COMPLETO\Links\712501001.tif,
720309.tif,89,31.2 MB (32707624 bytes),2398 x 3348,6.40%,,C:\Users\Luca1\Downloads\CATALISTINO_2025_PACCHETTO_COMPLETO\Links\720309.tif,
790077.tif,89,6.8 MB (7122180 bytes),1311 x 967,22.20%,,C:\Users\Luca1\Downloads\CATALISTINO_2025_PACCHETTO_COMPLETO\Links\790077.tif,
422_quote_installative.eps,89,1.3 MB (1367342 bytes),,64.30%,,C:\Users\Luca1\Downloads\CATALISTINO_2025_PACCHETTO_COMPLETO\Links\422_quote_installative.eps,
404040.tif,89,10.3 MB (10795940 bytes),1890 x 1350,15.90%,,C:\Users\Luca1\Downloads\CATALISTINO_2025_PACCHETTO_COMPLETO\Links\404040.tif,
490349.tif,89,38 MB (39798092 bytes),3189 x 4151,5.20%,,C:\Users\Luca1\Downloads\CATALISTINO_2025_PACCHETTO_COMPLETO\Links\490349.tif,
720119.tif,89,15.3 MB (16069028 bytes),1758 x 2280,9.40%,,C:\Users\Luca1\Downloads\CATALISTINO_2025_PACCHETTO_COMPLETO\Links\720119.tif,
residential_icon.ai,90,1.2 MB (1291739 bytes),,45.30%,,C:\Users\Luca1\Downloads\CATALISTINO_2025_PACCHETTO_COMPLETO\Links\residential_icon.ai,
industrial_icon.ai,90,1.2 MB (1293638 bytes),,48%,,C:\Users\Luca1\Downloads\CATALISTINO_2025_PACCHETTO_COMPLETO\Links\industrial_icon.ai,
104203.tif,90,18.6 MB (19538808 bytes),2841 x 1128,53.50%,,C:\Users\Luca1\Downloads\CATALISTINO_2025_PACCHETTO_COMPLETO\Links\104203.tif,Camera:   DCS660C
condominium_icon.ai,90,1.2 MB (1294519 bytes),,44.40%,,C:\Users\Luca1\Downloads\CATALISTINO_2025_PACCHETTO_COMPLETO\Links\condominium_icon.ai,
logo_greentech_cmyk.ai,90,1.2 MB (1266293 bytes),,24.30%,,C:\Users\Luca1\Downloads\CATALISTINO_2025_PACCHETTO_COMPLETO\Links\logo_greentech_cmyk.ai,
logo_CE_bw.ai,90,1.2 MB (1250281 bytes),,24.50%,,C:\Users\Luca1\Downloads\CATALISTINO_2025_PACCHETTO_COMPLETO\Links\logo_CE_bw.ai,
logo_safezone_cmyk.ai,90,1.2 MB (1257737 bytes),,24.30%,,C:\Users\Luca1\Downloads\CATALISTINO_2025_PACCHETTO_COMPLETO\Links\logo_safezone_cmyk.ai,
790077.tif,91,6.8 MB (7122180 bytes),1311 x 967,22.20%,,C:\Users\Luca1\Downloads\CATALISTINO_2025_PACCHETTO_COMPLETO\Links\790077.tif,
404040.tif,91,10.3 MB (10795940 bytes),1890 x 1350,15.90%,,C:\Users\Luca1\Downloads\CATALISTINO_2025_PACCHETTO_COMPLETO\Links\404040.tif,
720119.tif,91,15.3 MB (16069028 bytes),1758 x 2280,9.40%,,C:\Users\Luca1\Downloads\CATALISTINO_2025_PACCHETTO_COMPLETO\Links\720119.tif,
790076.tif,91,3.4 MB (3568204 bytes),1311 x 897,23.90%,,C:\Users\Luca1\Downloads\CATALISTINO_2025_PACCHETTO_COMPLETO\Links\790076.tif,
790062.tif,91,3.9 MB (4125124 bytes),1869 x 1056,15.40%,,C:\Users\Luca1\Downloads\CATALISTINO_2025_PACCHETTO_COMPLETO\Links\790062.tif,
720118.tif,91,1004.3 KB (1028412 bytes),463 x 537,19.90%,,C:\Users\Luca1\Downloads\CATALISTINO_2025_PACCHETTO_COMPLETO\Links\720118.tif,
490042.tif,91,6.8 MB (7129684 bytes),1654 x 1074,19.30%,,C:\Users\Luca1\Downloads\CATALISTINO_2025_PACCHETTO_COMPLETO\Links\490042.tif,
720309.tif,91,31.2 MB (32707624 bytes),2398 x 3348,6.40%,,C:\Users\Luca1\Downloads\CATALISTINO_2025_PACCHETTO_COMPLETO\Links\720309.tif,
737604.tif,91,5.9 MB (6144148 bytes),1039 x 1473,11.50%,,C:\Users\Luca1\Downloads\CATALISTINO_2025_PACCHETTO_COMPLETO\Links\737604.tif,
490043.tif,91,6.8 MB (7129740 bytes),1654 x 1074,19.30%,,C:\Users\Luca1\Downloads\CATALISTINO_2025_PACCHETTO_COMPLETO\Links\490043.tif,
712501001.tif,91,8 MB (8421964 bytes),1772 x 1185,18%,,C:\Users\Luca1\Downloads\CATALISTINO_2025_PACCHETTO_COMPLETO\Links\712501001.tif,
490349.tif,91,38 MB (39798092 bytes),3189 x 4151,5.20%,,C:\Users\Luca1\Downloads\CATALISTINO_2025_PACCHETTO_COMPLETO\Links\490349.tif,
400_quote_installative.eps,91,1.3 MB (1316398 bytes),,68.30%,,C:\Users\Luca1\Downloads\CATALISTINO_2025_PACCHETTO_COMPLETO\Links\400_quote_installative.eps,
104100.tif,92,3 MB (3151480 bytes),4116 x 1482,35.50%,,C:\Users\Luca1\Downloads\CATALISTINO_2025_PACCHETTO_COMPLETO\Links\104100.tif,
logo_safezone_cmyk.ai,92,1.2 MB (1257737 bytes),,24.30%,,C:\Users\Luca1\Downloads\CATALISTINO_2025_PACCHETTO_COMPLETO\Links\logo_safezone_cmyk.ai,
logo_2easy_bw.ai,92,1.2 MB (1269718 bytes),,24.20%,,C:\Users\Luca1\Downloads\CATALISTINO_2025_PACCHETTO_COMPLETO\Links\logo_2easy_bw.ai,
residential_icon.ai,92,1.2 MB (1291739 bytes),,45.30%,,C:\Users\Luca1\Downloads\CATALISTINO_2025_PACCHETTO_COMPLETO\Links\residential_icon.ai,
logo_greentech_cmyk.ai,92,1.2 MB (1266293 bytes),,24.30%,,C:\Users\Luca1\Downloads\CATALISTINO_2025_PACCHETTO_COMPLETO\Links\logo_greentech_cmyk.ai,
logo_Hybrid_bw.ai,92,1.2 MB (1271180 bytes),,24.40%,,C:\Users\Luca1\Downloads\CATALISTINO_2025_PACCHETTO_COMPLETO\Links\logo_Hybrid_bw.ai,
Logo_DC.ai,92,1.2 MB (1291917 bytes),,5.50%,,C:\Users\Luca1\Downloads\CATALISTINO_2025_PACCHETTO_COMPLETO\Links\Logo_DC.ai,
industrial_icon.ai,92,1.2 MB (1293638 bytes),,48%,,C:\Users\Luca1\Downloads\CATALISTINO_2025_PACCHETTO_COMPLETO\Links\industrial_icon.ai,
condominium_icon.ai,92,1.2 MB (1294519 bytes),,44.40%,,C:\Users\Luca1\Downloads\CATALISTINO_2025_PACCHETTO_COMPLETO\Links\condominium_icon.ai,
logo_CE_bw.ai,92,1.2 MB (1250281 bytes),,24.50%,,C:\Users\Luca1\Downloads\CATALISTINO_2025_PACCHETTO_COMPLETO\Links\logo_CE_bw.ai,
390923.tif,93,18 MB (18836632 bytes),1914 x 2384,6%,,C:\Users\Luca1\Downloads\CATALISTINO_2025_PACCHETTO_COMPLETO\Links\390923.tif,
790284.tif,93,10.6 MB (11067692 bytes),1772 x 1477,12.10%,,C:\Users\Luca1\Downloads\CATALISTINO_2025_PACCHETTO_COMPLETO\Links\790284.tif,
712501001.tif,93,8 MB (8421964 bytes),1772 x 1185,18%,,C:\Users\Luca1\Downloads\CATALISTINO_2025_PACCHETTO_COMPLETO\Links\712501001.tif,
S450H_quote_installative.eps,93,2.4 MB (2515862 bytes),,44.20%,,C:\Users\Luca1\Downloads\CATALISTINO_2025_PACCHETTO_COMPLETO\Links\S450H_quote_installative.eps,
390926.tif,93,8.6 MB (8992928 bytes),1884 x 1116,11.30%,,C:\Users\Luca1\Downloads\CATALISTINO_2025_PACCHETTO_COMPLETO\Links\390926.tif,
logo_FAAC_white.png,94,7880 bytes (7880 bytes),928 x 237,19.10%,,C:\Users\Luca1\Downloads\CATALISTINO_2025_PACCHETTO_COMPLETO\Links\logo_FAAC_white.png,
FAAC_GATE.jpg,94,1.5 MB (1621806 bytes),1458 x 1920,44.10%,,C:\Users\Luca1\Downloads\CATALISTINO_2025_PACCHETTO_COMPLETO\Links\FAAC_GATE.jpg,
logo_greentech_cmyk.ai,96,1.2 MB (1266293 bytes),,24.30%,,C:\Users\Luca1\Downloads\CATALISTINO_2025_PACCHETTO_COMPLETO\Links\logo_greentech_cmyk.ai,
logo_2easy_bw.ai,96,1.2 MB (1269718 bytes),,24.20%,,C:\Users\Luca1\Downloads\CATALISTINO_2025_PACCHETTO_COMPLETO\Links\logo_2easy_bw.ai,
residential_icon.ai,96,1.2 MB (1291739 bytes),,45.30%,,C:\Users\Luca1\Downloads\CATALISTINO_2025_PACCHETTO_COMPLETO\Links\residential_icon.ai,
logo_safezone_cmyk.ai,96,1.2 MB (1257737 bytes),,24.30%,,C:\Users\Luca1\Downloads\CATALISTINO_2025_PACCHETTO_COMPLETO\Links\logo_safezone_cmyk.ai,
S2500I.tif,96,8.9 MB (9335380 bytes),2362 x 1314,55.70%,,C:\Users\Luca1\Downloads\CATALISTINO_2025_PACCHETTO_COMPLETO\Links\S2500I.tif,
industrial_icon.ai,96,1.2 MB (1293638 bytes),,48%,,C:\Users\Luca1\Downloads\CATALISTINO_2025_PACCHETTO_COMPLETO\Links\industrial_icon.ai,
condominium_icon.ai,96,1.2 MB (1294519 bytes),,44.40%,,C:\Users\Luca1\Downloads\CATALISTINO_2025_PACCHETTO_COMPLETO\Links\condominium_icon.ai,
S2500I_ITA.tif,96,44.2 KB (45237 bytes),1147 x 1147,25.30%,,C:\Users\Luca1\Downloads\CATALISTINO_2025_PACCHETTO_COMPLETO\Links\S2500I_ITA.tif,
Logo_DC.ai,96,1.2 MB (1291917 bytes),,5.50%,,C:\Users\Luca1\Downloads\CATALISTINO_2025_PACCHETTO_COMPLETO\Links\Logo_DC.ai,
logo_CE_bw.ai,96,1.2 MB (1250281 bytes),,24.50%,,C:\Users\Luca1\Downloads\CATALISTINO_2025_PACCHETTO_COMPLETO\Links\logo_CE_bw.ai,
490254.tif,97,49 MB (51364476 bytes),4032 x 4243,5%,,C:\Users\Luca1\Downloads\CATALISTINO_2025_PACCHETTO_COMPLETO\Links\490254.tif,
416251.tif,97,21.8 MB (22808512 bytes),3189 x 2380,9%,,C:\Users\Luca1\Downloads\CATALISTINO_2025_PACCHETTO_COMPLETO\Links\416251.tif,
S2500I_Grafico.tif,97,20.9 MB (21885980 bytes),3189 x 1660,32.70%,,C:\Users\Luca1\Downloads\CATALISTINO_2025_PACCHETTO_COMPLETO\Links\S2500I_Grafico.tif,
490255.tif,97,30.7 MB (32148348 bytes),3189 x 3356,6.40%,,C:\Users\Luca1\Downloads\CATALISTINO_2025_PACCHETTO_COMPLETO\Links\490255.tif,
490252.tif,97,31.3 MB (32800980 bytes),3858 x 2829,7.60%,,C:\Users\Luca1\Downloads\CATALISTINO_2025_PACCHETTO_COMPLETO\Links\490252.tif,
490250.tif,97,79 MB (82794180 bytes),6344 x 4345,4.90%,,C:\Users\Luca1\Downloads\CATALISTINO_2025_PACCHETTO_COMPLETO\Links\490250.tif,
424550001.tif,97,6.9 MB (7247932 bytes),1654 x 1092,19.60%,,C:\Users\Luca1\Downloads\CATALISTINO_2025_PACCHETTO_COMPLETO\Links\424550001.tif,
391456.tif,97,6.7 MB (7059332 bytes),1016 x 1594,13.40%,,C:\Users\Luca1\Downloads\CATALISTINO_2025_PACCHETTO_COMPLETO\Links\391456.tif,
102011.tif,97,68.4 MB (71752344 bytes),5264 x 4541,3.90%,,C:\Users\Luca1\Downloads\CATALISTINO_2025_PACCHETTO_COMPLETO\Links\102011.tif,
390130.png,97,3.6 MB (3757567 bytes),2499 x 1785,11.10%,,C:\Users\Luca1\Downloads\CATALISTINO_2025_PACCHETTO_COMPLETO\Links\390130.png,
416250.jpg,97,44.4 KB (45502 bytes),303 x 215,99.60%,,C:\Users\Luca1\Downloads\CATALISTINO_2025_PACCHETTO_COMPLETO\Links\416250.jpg,
790284.tif,97,10.6 MB (11067692 bytes),1772 x 1477,12.10%,,C:\Users\Luca1\Downloads\CATALISTINO_2025_PACCHETTO_COMPLETO\Links\790284.tif,
390926.tif,97,8.6 MB (8992928 bytes),1884 x 1116,11.30%,,C:\Users\Luca1\Downloads\CATALISTINO_2025_PACCHETTO_COMPLETO\Links\390926.tif,
S2500I_Quote_Catalistino.tif,97,37.8 MB (39656192 bytes),3189 x 3053,17.70%,,C:\Users\Luca1\Downloads\CATALISTINO_2025_PACCHETTO_COMPLETO\Links\S2500I_Quote_Catalistino.tif,
390091.tif,97,33.6 MB (35284244 bytes),3427 x 3427,6.30%,,C:\Users\Luca1\Downloads\CATALISTINO_2025_PACCHETTO_COMPLETO\Links\390091.tif,
S2500I_Dimensioni_Catalistino.tif,97,31.6 MB (33137796 bytes),3189 x 2542,21.30%,,C:\Users\Luca1\Downloads\CATALISTINO_2025_PACCHETTO_COMPLETO\Links\S2500I_Dimensioni_Catalistino.tif,
490253.tif,97,51.8 MB (54359076 bytes),5038 x 3593,6%,,C:\Users\Luca1\Downloads\CATALISTINO_2025_PACCHETTO_COMPLETO\Links\490253.tif,
790062.tif,97,3.9 MB (4125124 bytes),1869 x 1056,15.40%,,C:\Users\Luca1\Downloads\CATALISTINO_2025_PACCHETTO_COMPLETO\Links\790062.tif,
industrial_icon.ai,98,1.2 MB (1293638 bytes),,48%,,C:\Users\Luca1\Downloads\CATALISTINO_2025_PACCHETTO_COMPLETO\Links\industrial_icon.ai,
logo_safezone_cmyk.ai,98,1.2 MB (1257737 bytes),,24.30%,,C:\Users\Luca1\Downloads\CATALISTINO_2025_PACCHETTO_COMPLETO\Links\logo_safezone_cmyk.ai,
logo_CE_bw.ai,98,1.2 MB (1250281 bytes),,24.50%,,C:\Users\Luca1\Downloads\CATALISTINO_2025_PACCHETTO_COMPLETO\Links\logo_CE_bw.ai,
condominium_icon.ai,98,1.2 MB (1294519 bytes),,44.40%,,C:\Users\Luca1\Downloads\CATALISTINO_2025_PACCHETTO_COMPLETO\Links\condominium_icon.ai,
106752.tif,98,10.4 MB (10893972 bytes),1729 x 1571,47.20%,,C:\Users\Luca1\Downloads\CATALISTINO_2025_PACCHETTO_COMPLETO\Links\106752.tif,
residential_icon.ai,98,1.2 MB (1291739 bytes),,45.30%,,C:\Users\Luca1\Downloads\CATALISTINO_2025_PACCHETTO_COMPLETO\Links\residential_icon.ai,
logo_greentech_cmyk.ai,98,1.2 MB (1266293 bytes),,24.30%,,C:\Users\Luca1\Downloads\CATALISTINO_2025_PACCHETTO_COMPLETO\Links\logo_greentech_cmyk.ai,
6100317.tif,99,4.4 MB (4616404 bytes),3264 x 2448,8.70%,,C:\Users\Luca1\Downloads\CATALISTINO_2025_PACCHETTO_COMPLETO\Links\6100317.tif,
404035.tif,99,37.7 MB (39556908 bytes),3931 x 2476,8.10%,,C:\Users\Luca1\Downloads\CATALISTINO_2025_PACCHETTO_COMPLETO\Links\404035.tif,
722121.tif,99,10.4 MB (10935296 bytes),1654 x 1648,13%,,C:\Users\Luca1\Downloads\CATALISTINO_2025_PACCHETTO_COMPLETO\Links\722121.tif,
490110.tif,99,6.9 MB (7251988 bytes),1654 x 1092,19.30%,,C:\Users\Luca1\Downloads\CATALISTINO_2025_PACCHETTO_COMPLETO\Links\490110.tif,
790077.tif,99,6.8 MB (7122180 bytes),1311 x 967,22.20%,,C:\Users\Luca1\Downloads\CATALISTINO_2025_PACCHETTO_COMPLETO\Links\790077.tif,
720309.tif,99,31.2 MB (32707624 bytes),2398 x 3348,6.40%,,C:\Users\Luca1\Downloads\CATALISTINO_2025_PACCHETTO_COMPLETO\Links\720309.tif,
490065.tif,99,3.8 MB (3951644 bytes),1884 x 1170,17.20%,,C:\Users\Luca1\Downloads\CATALISTINO_2025_PACCHETTO_COMPLETO\Links\490065.tif,
790062.tif,99,3.9 MB (4125124 bytes),1869 x 1056,15.40%,,C:\Users\Luca1\Downloads\CATALISTINO_2025_PACCHETTO_COMPLETO\Links\790062.tif,
712104001.tif,99,13.7 MB (14408480 bytes),2168 x 1594,14.70%,,C:\Users\Luca1\Downloads\CATALISTINO_2025_PACCHETTO_COMPLETO\Links\712104001.tif,
770N230V_quote_installative.eps,99,1.6 MB (1723874 bytes),,34.60%,,C:\Users\Luca1\Downloads\CATALISTINO_2025_PACCHETTO_COMPLETO\Links\770N230V_quote_installative.eps,
720118.tif,99,1004.3 KB (1028412 bytes),463 x 537,19.90%,,C:\Users\Luca1\Downloads\CATALISTINO_2025_PACCHETTO_COMPLETO\Links\720118.tif,
790076.tif,99,3.4 MB (3568204 bytes),1311 x 897,23.90%,,C:\Users\Luca1\Downloads\CATALISTINO_2025_PACCHETTO_COMPLETO\Links\790076.tif,
grafico_770new.eps,99,737.2 KB (754934 bytes),,34.90%,,C:\Users\Luca1\Downloads\CATALISTINO_2025_PACCHETTO_COMPLETO\Links\grafico_770new.eps,
720119.tif,99,15.3 MB (16069028 bytes),1758 x 2280,9.40%,,C:\Users\Luca1\Downloads\CATALISTINO_2025_PACCHETTO_COMPLETO\Links\720119.tif,
6100318.tif,99,4.2 MB (4411676 bytes),2362 x 1772,12.10%,,C:\Users\Luca1\Downloads\CATALISTINO_2025_PACCHETTO_COMPLETO\Links\6100318.tif,
722122.tif,99,6 MB (6266860 bytes),1654 x 943,19.30%,,C:\Users\Luca1\Downloads\CATALISTINO_2025_PACCHETTO_COMPLETO\Links\722122.tif,
condominium_icon.ai,100,1.2 MB (1294519 bytes),,44.40%,,C:\Users\Luca1\Downloads\CATALISTINO_2025_PACCHETTO_COMPLETO\Links\condominium_icon.ai,
logo_greentech_cmyk.ai,100,1.2 MB (1266293 bytes),,24.30%,,C:\Users\Luca1\Downloads\CATALISTINO_2025_PACCHETTO_COMPLETO\Links\logo_greentech_cmyk.ai,
logo_safezone_cmyk.ai,100,1.2 MB (1257737 bytes),,24.30%,,C:\Users\Luca1\Downloads\CATALISTINO_2025_PACCHETTO_COMPLETO\Links\logo_safezone_cmyk.ai,
106752.tif,100,10.4 MB (10893972 bytes),1729 x 1571,47.20%,,C:\Users\Luca1\Downloads\CATALISTINO_2025_PACCHETTO_COMPLETO\Links\106752.tif,
industrial_icon.ai,100,1.2 MB (1293638 bytes),,48%,,C:\Users\Luca1\Downloads\CATALISTINO_2025_PACCHETTO_COMPLETO\Links\industrial_icon.ai,
Logo_DC.ai,100,1.2 MB (1291917 bytes),,5.50%,,C:\Users\Luca1\Downloads\CATALISTINO_2025_PACCHETTO_COMPLETO\Links\Logo_DC.ai,
residential_icon.ai,100,1.2 MB (1291739 bytes),,45.30%,,C:\Users\Luca1\Downloads\CATALISTINO_2025_PACCHETTO_COMPLETO\Links\residential_icon.ai,
logo_CE_bw.ai,100,1.2 MB (1250281 bytes),,24.50%,,C:\Users\Luca1\Downloads\CATALISTINO_2025_PACCHETTO_COMPLETO\Links\logo_CE_bw.ai,
390130.png,101,3.6 MB (3757567 bytes),2499 x 1785,11.10%,,C:\Users\Luca1\Downloads\CATALISTINO_2025_PACCHETTO_COMPLETO\Links\390130.png,
790284.tif,101,10.6 MB (11067692 bytes),1772 x 1477,12.10%,,C:\Users\Luca1\Downloads\CATALISTINO_2025_PACCHETTO_COMPLETO\Links\790284.tif,
390923.tif,101,18 MB (18836632 bytes),1914 x 2384,6%,,C:\Users\Luca1\Downloads\CATALISTINO_2025_PACCHETTO_COMPLETO\Links\390923.tif,
102011.tif,101,68.4 MB (71752344 bytes),5264 x 4541,3.90%,,C:\Users\Luca1\Downloads\CATALISTINO_2025_PACCHETTO_COMPLETO\Links\102011.tif,
712104001.tif,101,13.7 MB (14408480 bytes),2168 x 1594,14.70%,,C:\Users\Luca1\Downloads\CATALISTINO_2025_PACCHETTO_COMPLETO\Links\712104001.tif,
790286.tif,101,10.9 MB (11439948 bytes),2027 x 1339,8.90%,,C:\Users\Luca1\Downloads\CATALISTINO_2025_PACCHETTO_COMPLETO\Links\790286.tif,
6100318.tif,101,4.2 MB (4411676 bytes),2362 x 1772,12.10%,,C:\Users\Luca1\Downloads\CATALISTINO_2025_PACCHETTO_COMPLETO\Links\6100318.tif,
770N24V_quote_installative.eps,101,1.6 MB (1723862 bytes),,34.60%,,C:\Users\Luca1\Downloads\CATALISTINO_2025_PACCHETTO_COMPLETO\Links\770N24V_quote_installative.eps,
490110.tif,101,6.9 MB (7251988 bytes),1654 x 1092,19.30%,,C:\Users\Luca1\Downloads\CATALISTINO_2025_PACCHETTO_COMPLETO\Links\490110.tif,
404035.tif,101,37.7 MB (39556908 bytes),3931 x 2476,8.10%,,C:\Users\Luca1\Downloads\CATALISTINO_2025_PACCHETTO_COMPLETO\Links\404035.tif,
790062.tif,101,3.9 MB (4125124 bytes),1869 x 1056,15.40%,,C:\Users\Luca1\Downloads\CATALISTINO_2025_PACCHETTO_COMPLETO\Links\790062.tif,
490065.tif,101,3.8 MB (3951644 bytes),1884 x 1170,17.20%,,C:\Users\Luca1\Downloads\CATALISTINO_2025_PACCHETTO_COMPLETO\Links\490065.tif,
390926.tif,101,8.6 MB (8992928 bytes),1884 x 1116,11.30%,,C:\Users\Luca1\Downloads\CATALISTINO_2025_PACCHETTO_COMPLETO\Links\390926.tif,
6100317.tif,101,4.4 MB (4616404 bytes),3264 x 2448,8.70%,,C:\Users\Luca1\Downloads\CATALISTINO_2025_PACCHETTO_COMPLETO\Links\6100317.tif,
grafico_770_24Vdcnew.eps,101,737.6 KB (755254 bytes),,34.80%,,C:\Users\Luca1\Downloads\CATALISTINO_2025_PACCHETTO_COMPLETO\Links\grafico_770_24Vdcnew.eps,
722122.tif,101,6 MB (6266860 bytes),1654 x 943,19.30%,,C:\Users\Luca1\Downloads\CATALISTINO_2025_PACCHETTO_COMPLETO\Links\722122.tif,
722121.tif,101,10.4 MB (10935296 bytes),1654 x 1648,13%,,C:\Users\Luca1\Downloads\CATALISTINO_2025_PACCHETTO_COMPLETO\Links\722121.tif,
logo_CE_bw.ai,102,1.2 MB (1250281 bytes),,24.50%,,C:\Users\Luca1\Downloads\CATALISTINO_2025_PACCHETTO_COMPLETO\Links\logo_CE_bw.ai,
logo_Hybrid_bw.ai,102,1.2 MB (1271180 bytes),,24.40%,,C:\Users\Luca1\Downloads\CATALISTINO_2025_PACCHETTO_COMPLETO\Links\logo_Hybrid_bw.ai,
logo_safezone_cmyk.ai,102,1.2 MB (1257737 bytes),,24.30%,,C:\Users\Luca1\Downloads\CATALISTINO_2025_PACCHETTO_COMPLETO\Links\logo_safezone_cmyk.ai,
industrial_icon.ai,102,1.2 MB (1293638 bytes),,48%,,C:\Users\Luca1\Downloads\CATALISTINO_2025_PACCHETTO_COMPLETO\Links\industrial_icon.ai,
108720.tif,102,41.2 MB (43170184 bytes),3410 x 3162,23.10%,,C:\Users\Luca1\Downloads\CATALISTINO_2025_PACCHETTO_COMPLETO\Links\108720.tif,
logo_2easy_bw.ai,102,1.2 MB (1269718 bytes),,24.20%,,C:\Users\Luca1\Downloads\CATALISTINO_2025_PACCHETTO_COMPLETO\Links\logo_2easy_bw.ai,
condominium_icon.ai,102,1.2 MB (1294519 bytes),,44.40%,,C:\Users\Luca1\Downloads\CATALISTINO_2025_PACCHETTO_COMPLETO\Links\condominium_icon.ai,
residential_icon.ai,102,1.2 MB (1291739 bytes),,45.30%,,C:\Users\Luca1\Downloads\CATALISTINO_2025_PACCHETTO_COMPLETO\Links\residential_icon.ai,
Logo_DC.ai,102,1.2 MB (1291917 bytes),,5.50%,,C:\Users\Luca1\Downloads\CATALISTINO_2025_PACCHETTO_COMPLETO\Links\Logo_DC.ai,
logo_greentech_cmyk.ai,102,1.2 MB (1266293 bytes),,24.30%,,C:\Users\Luca1\Downloads\CATALISTINO_2025_PACCHETTO_COMPLETO\Links\logo_greentech_cmyk.ai,
490113.tif,103,5.6 MB (5891328 bytes),1181 x 1122,19.10%,,C:\Users\Luca1\Downloads\CATALISTINO_2025_PACCHETTO_COMPLETO\Links\490113.tif,
390035.tif,103,58.7 MB (61592816 bytes),4895 x 3114,7.40%,,C:\Users\Luca1\Downloads\CATALISTINO_2025_PACCHETTO_COMPLETO\Links\390035.tif,
390926.tif,103,8.6 MB (8992928 bytes),1884 x 1116,11.30%,,C:\Users\Luca1\Downloads\CATALISTINO_2025_PACCHETTO_COMPLETO\Links\390926.tif,
390972.tif,103,16.9 MB (17680440 bytes),2362 x 1797,12.80%,,C:\Users\Luca1\Downloads\CATALISTINO_2025_PACCHETTO_COMPLETO\Links\390972.tif,
790284.tif,103,10.6 MB (11067692 bytes),1772 x 1477,12.10%,,C:\Users\Luca1\Downloads\CATALISTINO_2025_PACCHETTO_COMPLETO\Links\790284.tif,
71209101.tif,103,8 MB (8421796 bytes),1772 x 1185,18.10%,,C:\Users\Luca1\Downloads\CATALISTINO_2025_PACCHETTO_COMPLETO\Links\71209101.tif,
490187.tif,103,26.8 MB (28122348 bytes),3189 x 2191,10.10%,,C:\Users\Luca1\Downloads\CATALISTINO_2025_PACCHETTO_COMPLETO\Links\490187.tif,
S800HENC24V_quote_installative.eps,103,1.5 MB (1520646 bytes),,49.30%,,C:\Users\Luca1\Downloads\CATALISTINO_2025_PACCHETTO_COMPLETO\Links\S800HENC24V_quote_installative.eps,
490112.tif,103,13 MB (13655772 bytes),1772 x 1842,11.60%,,C:\Users\Luca1\Downloads\CATALISTINO_2025_PACCHETTO_COMPLETO\Links\490112.tif,
logo_greentech_cmyk.ai,104,1.2 MB (1266293 bytes),,24.30%,,C:\Users\Luca1\Downloads\CATALISTINO_2025_PACCHETTO_COMPLETO\Links\logo_greentech_cmyk.ai,
residential_icon.ai,104,1.2 MB (1291739 bytes),,45.30%,,C:\Users\Luca1\Downloads\CATALISTINO_2025_PACCHETTO_COMPLETO\Links\residential_icon.ai,
108800.tif,104,14.7 MB (15399568 bytes),2126 x 1742,41.90%,,C:\Users\Luca1\Downloads\CATALISTINO_2025_PACCHETTO_COMPLETO\Links\108800.tif,
logo_CE_bw.ai,104,1.2 MB (1250281 bytes),,24.50%,,C:\Users\Luca1\Downloads\CATALISTINO_2025_PACCHETTO_COMPLETO\Links\logo_CE_bw.ai,
condominium_icon.ai,104,1.2 MB (1294519 bytes),,44.40%,,C:\Users\Luca1\Downloads\CATALISTINO_2025_PACCHETTO_COMPLETO\Links\condominium_icon.ai,
logo_2easy_bw.ai,104,1.2 MB (1269718 bytes),,24.20%,,C:\Users\Luca1\Downloads\CATALISTINO_2025_PACCHETTO_COMPLETO\Links\logo_2easy_bw.ai,
industrial_icon.ai,104,1.2 MB (1293638 bytes),,48%,,C:\Users\Luca1\Downloads\CATALISTINO_2025_PACCHETTO_COMPLETO\Links\industrial_icon.ai,
logo_safezone_cmyk.ai,104,1.2 MB (1257737 bytes),,24.30%,,C:\Users\Luca1\Downloads\CATALISTINO_2025_PACCHETTO_COMPLETO\Links\logo_safezone_cmyk.ai,
71209101.tif,105,8 MB (8421796 bytes),1772 x 1185,18%,,C:\Users\Luca1\Downloads\CATALISTINO_2025_PACCHETTO_COMPLETO\Links\71209101.tif,
720118.tif,105,1004.3 KB (1028412 bytes),463 x 537,19.90%,,C:\Users\Luca1\Downloads\CATALISTINO_2025_PACCHETTO_COMPLETO\Links\720118.tif,
490112.tif,105,13 MB (13655772 bytes),1772 x 1842,11.60%,,C:\Users\Luca1\Downloads\CATALISTINO_2025_PACCHETTO_COMPLETO\Links\490112.tif,
490113.tif,105,5.6 MB (5891328 bytes),1181 x 1122,19.10%,,C:\Users\Luca1\Downloads\CATALISTINO_2025_PACCHETTO_COMPLETO\Links\490113.tif,
S800ENC230V_quote_installative.eps,105,1.5 MB (1520646 bytes),,51.30%,,C:\Users\Luca1\Downloads\CATALISTINO_2025_PACCHETTO_COMPLETO\Links\S800ENC230V_quote_installative.eps,
720309.tif,105,31.2 MB (32707624 bytes),2398 x 3348,6.40%,,C:\Users\Luca1\Downloads\CATALISTINO_2025_PACCHETTO_COMPLETO\Links\720309.tif,
490187.tif,105,26.8 MB (28122348 bytes),3189 x 2191,9.80%,,C:\Users\Luca1\Downloads\CATALISTINO_2025_PACCHETTO_COMPLETO\Links\490187.tif,
790062.tif,105,3.9 MB (4125124 bytes),1869 x 1056,15.40%,,C:\Users\Luca1\Downloads\CATALISTINO_2025_PACCHETTO_COMPLETO\Links\790062.tif,
720119.tif,105,15.3 MB (16069028 bytes),1758 x 2280,9.40%,,C:\Users\Luca1\Downloads\CATALISTINO_2025_PACCHETTO_COMPLETO\Links\720119.tif,
790076.tif,105,3.4 MB (3568204 bytes),1311 x 897,23.90%,,C:\Users\Luca1\Downloads\CATALISTINO_2025_PACCHETTO_COMPLETO\Links\790076.tif,
390972.tif,105,16.9 MB (17680440 bytes),2362 x 1797,11.90%,,C:\Users\Luca1\Downloads\CATALISTINO_2025_PACCHETTO_COMPLETO\Links\390972.tif,
390035.tif,105,58.7 MB (61592816 bytes),4895 x 3114,6.50%,,C:\Users\Luca1\Downloads\CATALISTINO_2025_PACCHETTO_COMPLETO\Links\390035.tif,
790077.tif,105,6.8 MB (7122180 bytes),1311 x 967,22.20%,,C:\Users\Luca1\Downloads\CATALISTINO_2025_PACCHETTO_COMPLETO\Links\790077.tif,
C4000i_auto_che_esce_dal_cancello.jpg,106,8.2 MB (8548671 bytes),3071 x 4689,132%,,C:\Users\Luca1\Downloads\CATALISTINO_2025_PACCHETTO_COMPLETO\Links\C4000i_auto_che_esce_dal_cancello.jpg,
logo_FAAC_Black.png,106,4814 bytes (4814 bytes),928 x 237,19.10%,,C:\Users\Luca1\Downloads\CATALISTINO_2025_PACCHETTO_COMPLETO\Links\logo_FAAC_Black.png,
residential_icon.ai,108,1.2 MB (1291739 bytes),,45.30%,,C:\Users\Luca1\Downloads\CATALISTINO_2025_PACCHETTO_COMPLETO\Links\residential_icon.ai,
Logo_DC.ai,108,1.2 MB (1291917 bytes),,5.50%,,C:\Users\Luca1\Downloads\CATALISTINO_2025_PACCHETTO_COMPLETO\Links\Logo_DC.ai,
logo_2easy_bw.ai,108,1.2 MB (1269718 bytes),,24.20%,,C:\Users\Luca1\Downloads\CATALISTINO_2025_PACCHETTO_COMPLETO\Links\logo_2easy_bw.ai,
logo_greentech_cmyk.ai,108,1.2 MB (1266293 bytes),,24.30%,,C:\Users\Luca1\Downloads\CATALISTINO_2025_PACCHETTO_COMPLETO\Links\logo_greentech_cmyk.ai,
logo_CE_bw.ai,108,1.2 MB (1250281 bytes),,24.50%,,C:\Users\Luca1\Downloads\CATALISTINO_2025_PACCHETTO_COMPLETO\Links\logo_CE_bw.ai,
logo_Omnidec_bw.ai,108,1.2 MB (1271294 bytes),,24.40%,,C:\Users\Luca1\Downloads\CATALISTINO_2025_PACCHETTO_COMPLETO\Links\logo_Omnidec_bw.ai,
condominium_icon.ai,108,1.2 MB (1294519 bytes),,44.40%,,C:\Users\Luca1\Downloads\CATALISTINO_2025_PACCHETTO_COMPLETO\Links\condominium_icon.ai,
logo_safezone_cmyk.ai,108,1.2 MB (1257737 bytes),,24.30%,,C:\Users\Luca1\Downloads\CATALISTINO_2025_PACCHETTO_COMPLETO\Links\logo_safezone_cmyk.ai,
industrial_icon.ai,108,1.2 MB (1293638 bytes),,48%,,C:\Users\Luca1\Downloads\CATALISTINO_2025_PACCHETTO_COMPLETO\Links\industrial_icon.ai,
C4000i.tif,108,32 MB (33556748 bytes),2954 x 2954,27.90%,,C:\Users\Luca1\Downloads\CATALISTINO_2025_PACCHETTO_COMPLETO\Links\C4000i.tif,
4901204.tif,109,16.6 MB (17360688 bytes),2744 x 1527,9.80%,,C:\Users\Luca1\Downloads\CATALISTINO_2025_PACCHETTO_COMPLETO\Links\4901204.tif,
490125.tif,109,5.4 MB (5638200 bytes),1654 x 849,26.40%,,C:\Users\Luca1\Downloads\CATALISTINO_2025_PACCHETTO_COMPLETO\Links\490125.tif,
63003390.tif,109,41.2 MB (43211104 bytes),3189 x 4512,5%,,C:\Users\Luca1\Downloads\CATALISTINO_2025_PACCHETTO_COMPLETO\Links\63003390.tif,
490124.tif,109,5.6 MB (5847252 bytes),1654 x 879,25.50%,,C:\Users\Luca1\Downloads\CATALISTINO_2025_PACCHETTO_COMPLETO\Links\490124.tif,
490122.tif,109,5.6 MB (5836724 bytes),1654 x 879,25.50%,,C:\Users\Luca1\Downloads\CATALISTINO_2025_PACCHETTO_COMPLETO\Links\490122.tif,
490123.tif,109,5.4 MB (5638168 bytes),1654 x 849,26.40%,,C:\Users\Luca1\Downloads\CATALISTINO_2025_PACCHETTO_COMPLETO\Links\490123.tif,
390178.tif,109,1 MB (1059452 bytes),591 x 439,51.30%,,C:\Users\Luca1\Downloads\CATALISTINO_2025_PACCHETTO_COMPLETO\Links\390178.tif,
C4000_Drawing.ai,109,485.7 KB (497330 bytes),,46.60%,,C:\Users\Luca1\Downloads\CATALISTINO_2025_PACCHETTO_COMPLETO\Links\C4000_Drawing.ai,
logo_safezone_cmyk.ai,110,1.2 MB (1257737 bytes),,24.30%,,C:\Users\Luca1\Downloads\CATALISTINO_2025_PACCHETTO_COMPLETO\Links\logo_safezone_cmyk.ai,
logo_Omnidec_bw.ai,110,1.2 MB (1271294 bytes),,24.40%,,C:\Users\Luca1\Downloads\CATALISTINO_2025_PACCHETTO_COMPLETO\Links\logo_Omnidec_bw.ai,
condominium_icon.ai,110,1.2 MB (1294519 bytes),,44.40%,,C:\Users\Luca1\Downloads\CATALISTINO_2025_PACCHETTO_COMPLETO\Links\condominium_icon.ai,
logo_CE_bw.ai,110,1.2 MB (1250281 bytes),,24.50%,,C:\Users\Luca1\Downloads\CATALISTINO_2025_PACCHETTO_COMPLETO\Links\logo_CE_bw.ai,
logo_greentech_cmyk.ai,110,1.2 MB (1266293 bytes),,24.30%,,C:\Users\Luca1\Downloads\CATALISTINO_2025_PACCHETTO_COMPLETO\Links\logo_greentech_cmyk.ai,
residential_icon.ai,110,1.2 MB (1291739 bytes),,45.30%,,C:\Users\Luca1\Downloads\CATALISTINO_2025_PACCHETTO_COMPLETO\Links\residential_icon.ai,
logo_2easy_bw.ai,110,1.2 MB (1269718 bytes),,24.20%,,C:\Users\Luca1\Downloads\CATALISTINO_2025_PACCHETTO_COMPLETO\Links\logo_2easy_bw.ai,
109320.tif,110,33.4 MB (34974576 bytes),3119 x 2801,26.10%,,C:\Users\Luca1\Downloads\CATALISTINO_2025_PACCHETTO_COMPLETO\Links\109320.tif,
industrial_icon.ai,110,1.2 MB (1293638 bytes),,48%,,C:\Users\Luca1\Downloads\CATALISTINO_2025_PACCHETTO_COMPLETO\Links\industrial_icon.ai,
Logo_DC.ai,110,1.2 MB (1291917 bytes),,5.50%,,C:\Users\Luca1\Downloads\CATALISTINO_2025_PACCHETTO_COMPLETO\Links\Logo_DC.ai,
FDS_black.jpg,110,825.3 KB (845146 bytes),1001 x 682,4.10%,,C:\Users\Luca1\Downloads\CATALISTINO_2025_PACCHETTO_COMPLETO\Links\FDS_black.jpg,
63002485.tif,111,33.4 MB (34990584 bytes),3207 x 2725,7.90%,,C:\Users\Luca1\Downloads\CATALISTINO_2025_PACCHETTO_COMPLETO\Links\63002485.tif,
C720-C721_quote_installative.eps,111,990.6 KB (1014370 bytes),,152.90%,,C:\Users\Luca1\Downloads\CATALISTINO_2025_PACCHETTO_COMPLETO\Links\C720-C721_quote_installative.eps,
490125.tif,111,5.4 MB (5638200 bytes),1654 x 849,24.30%,,C:\Users\Luca1\Downloads\CATALISTINO_2025_PACCHETTO_COMPLETO\Links\490125.tif,
390923.tif,111,18 MB (18836632 bytes),1914 x 2384,6%,,C:\Users\Luca1\Downloads\CATALISTINO_2025_PACCHETTO_COMPLETO\Links\390923.tif,
4901204.tif,111,16.6 MB (17360688 bytes),2744 x 1527,9.30%,,C:\Users\Luca1\Downloads\CATALISTINO_2025_PACCHETTO_COMPLETO\Links\4901204.tif,
390178.tif,111,1 MB (1059452 bytes),591 x 439,49%,,C:\Users\Luca1\Downloads\CATALISTINO_2025_PACCHETTO_COMPLETO\Links\390178.tif,
490122.tif,111,5.6 MB (5836724 bytes),1654 x 879,24.30%,,C:\Users\Luca1\Downloads\CATALISTINO_2025_PACCHETTO_COMPLETO\Links\490122.tif,
424002.tif,111,3.6 MB (3816804 bytes),971 x 973,22%,,C:\Users\Luca1\Downloads\CATALISTINO_2025_PACCHETTO_COMPLETO\Links\424002.tif,
712501001.tif,111,8 MB (8421964 bytes),1772 x 1185,18.10%,,C:\Users\Luca1\Downloads\CATALISTINO_2025_PACCHETTO_COMPLETO\Links\712501001.tif,
490124.tif,111,5.6 MB (5847252 bytes),1654 x 879,24.30%,,C:\Users\Luca1\Downloads\CATALISTINO_2025_PACCHETTO_COMPLETO\Links\490124.tif,
490123.tif,111,5.4 MB (5638168 bytes),1654 x 849,24.30%,,C:\Users\Luca1\Downloads\CATALISTINO_2025_PACCHETTO_COMPLETO\Links\490123.tif,
logo_safezone_cmyk.ai,112,1.2 MB (1257737 bytes),,24.30%,,C:\Users\Luca1\Downloads\CATALISTINO_2025_PACCHETTO_COMPLETO\Links\logo_safezone_cmyk.ai,
logo_Omnidec_bw.ai,112,1.2 MB (1271294 bytes),,24.40%,,C:\Users\Luca1\Downloads\CATALISTINO_2025_PACCHETTO_COMPLETO\Links\logo_Omnidec_bw.ai,
industrial_icon.ai,112,1.2 MB (1293638 bytes),,48%,,C:\Users\Luca1\Downloads\CATALISTINO_2025_PACCHETTO_COMPLETO\Links\industrial_icon.ai,
109321.tif,112,52 MB (54576252 bytes),3120 x 2802,26.10%,,C:\Users\Luca1\Downloads\CATALISTINO_2025_PACCHETTO_COMPLETO\Links\109321.tif,
logo_2easy_bw.ai,112,1.2 MB (1269718 bytes),,24.20%,,C:\Users\Luca1\Downloads\CATALISTINO_2025_PACCHETTO_COMPLETO\Links\logo_2easy_bw.ai,
Logo_DC.ai,112,1.2 MB (1291917 bytes),,5.50%,,C:\Users\Luca1\Downloads\CATALISTINO_2025_PACCHETTO_COMPLETO\Links\Logo_DC.ai,
condominium_icon.ai,112,1.2 MB (1294519 bytes),,44.40%,,C:\Users\Luca1\Downloads\CATALISTINO_2025_PACCHETTO_COMPLETO\Links\condominium_icon.ai,
FDS_black.jpg,112,825.3 KB (845146 bytes),1001 x 682,4.10%,,C:\Users\Luca1\Downloads\CATALISTINO_2025_PACCHETTO_COMPLETO\Links\FDS_black.jpg,
logo_CE_bw.ai,112,1.2 MB (1250281 bytes),,24.50%,,C:\Users\Luca1\Downloads\CATALISTINO_2025_PACCHETTO_COMPLETO\Links\logo_CE_bw.ai,
logo_greentech_cmyk.ai,112,1.2 MB (1266293 bytes),,24.30%,,C:\Users\Luca1\Downloads\CATALISTINO_2025_PACCHETTO_COMPLETO\Links\logo_greentech_cmyk.ai,
residential_icon.ai,112,1.2 MB (1291739 bytes),,45.30%,,C:\Users\Luca1\Downloads\CATALISTINO_2025_PACCHETTO_COMPLETO\Links\residential_icon.ai,
490125.tif,113,5.4 MB (5638200 bytes),1654 x 849,24.30%,,C:\Users\Luca1\Downloads\CATALISTINO_2025_PACCHETTO_COMPLETO\Links\490125.tif,
390923.tif,113,18 MB (18836632 bytes),1914 x 2384,6%,,C:\Users\Luca1\Downloads\CATALISTINO_2025_PACCHETTO_COMPLETO\Links\390923.tif,
63002485.tif,113,33.4 MB (34990584 bytes),3207 x 2725,7.90%,,C:\Users\Luca1\Downloads\CATALISTINO_2025_PACCHETTO_COMPLETO\Links\63002485.tif,
490122.tif,113,5.6 MB (5836724 bytes),1654 x 879,24.30%,,C:\Users\Luca1\Downloads\CATALISTINO_2025_PACCHETTO_COMPLETO\Links\490122.tif,
C720-C721_quote_installative_1.eps,113,1009.5 KB (1033690 bytes),,152.90%,,C:\Users\Luca1\Downloads\CATALISTINO_2025_PACCHETTO_COMPLETO\Links\C720-C721_quote_installative_1.eps,
490123.tif,113,5.4 MB (5638168 bytes),1654 x 849,24.30%,,C:\Users\Luca1\Downloads\CATALISTINO_2025_PACCHETTO_COMPLETO\Links\490123.tif,
4901204.tif,113,16.6 MB (17360688 bytes),2744 x 1527,9.30%,,C:\Users\Luca1\Downloads\CATALISTINO_2025_PACCHETTO_COMPLETO\Links\4901204.tif,
390178.tif,113,1 MB (1059452 bytes),591 x 439,49%,,C:\Users\Luca1\Downloads\CATALISTINO_2025_PACCHETTO_COMPLETO\Links\390178.tif,
490124.tif,113,5.6 MB (5847252 bytes),1654 x 879,24.30%,,C:\Users\Luca1\Downloads\CATALISTINO_2025_PACCHETTO_COMPLETO\Links\490124.tif,
712501001.tif,113,8 MB (8421964 bytes),1772 x 1185,18.10%,,C:\Users\Luca1\Downloads\CATALISTINO_2025_PACCHETTO_COMPLETO\Links\712501001.tif,
109780.tif,114,76.4 MB (80111868 bytes),4798 x 5562,13.10%,,C:\Users\Luca1\Downloads\CATALISTINO_2025_PACCHETTO_COMPLETO\Links\109780.tif,
industrial_icon.ai,114,1.2 MB (1293638 bytes),,48%,,C:\Users\Luca1\Downloads\CATALISTINO_2025_PACCHETTO_COMPLETO\Links\industrial_icon.ai,
residential_icon.ai,114,1.2 MB (1291739 bytes),,45.30%,,C:\Users\Luca1\Downloads\CATALISTINO_2025_PACCHETTO_COMPLETO\Links\residential_icon.ai,
logo_safezone_cmyk.ai,114,1.2 MB (1257737 bytes),,24.30%,,C:\Users\Luca1\Downloads\CATALISTINO_2025_PACCHETTO_COMPLETO\Links\logo_safezone_cmyk.ai,
logo_CE_bw.ai,114,1.2 MB (1250281 bytes),,24.50%,,C:\Users\Luca1\Downloads\CATALISTINO_2025_PACCHETTO_COMPLETO\Links\logo_CE_bw.ai,
condominium_icon.ai,114,1.2 MB (1294519 bytes),,44.40%,,C:\Users\Luca1\Downloads\CATALISTINO_2025_PACCHETTO_COMPLETO\Links\condominium_icon.ai,
202269.tif,115,62.5 MB (65522832 bytes),4693 x 4650,4.60%,,C:\Users\Luca1\Downloads\CATALISTINO_2025_PACCHETTO_COMPLETO\Links\202269.tif,
390178.tif,115,1 MB (1059452 bytes),591 x 439,49%,,C:\Users\Luca1\Downloads\CATALISTINO_2025_PACCHETTO_COMPLETO\Links\390178.tif,
4901204.tif,115,16.6 MB (17360688 bytes),2744 x 1527,9.30%,,C:\Users\Luca1\Downloads\CATALISTINO_2025_PACCHETTO_COMPLETO\Links\4901204.tif,
490125.tif,115,5.4 MB (5638200 bytes),1654 x 849,25.20%,,C:\Users\Luca1\Downloads\CATALISTINO_2025_PACCHETTO_COMPLETO\Links\490125.tif,
490122.tif,115,5.6 MB (5836724 bytes),1654 x 879,24.40%,,C:\Users\Luca1\Downloads\CATALISTINO_2025_PACCHETTO_COMPLETO\Links\490122.tif,
490123.tif,115,5.4 MB (5638168 bytes),1654 x 849,25.20%,,C:\Users\Luca1\Downloads\CATALISTINO_2025_PACCHETTO_COMPLETO\Links\490123.tif,
490124.tif,115,5.6 MB (5847252 bytes),1654 x 879,24.40%,,C:\Users\Luca1\Downloads\CATALISTINO_2025_PACCHETTO_COMPLETO\Links\490124.tif,
740-741_quote_installative.eps,115,1.1 MB (1143230 bytes),,63.20%,,C:\Users\Luca1\Downloads\CATALISTINO_2025_PACCHETTO_COMPLETO\Links\740-741_quote_installative.eps,
logo_greentech_cmyk.ai,116,1.2 MB (1266293 bytes),,24.30%,,C:\Users\Luca1\Downloads\CATALISTINO_2025_PACCHETTO_COMPLETO\Links\logo_greentech_cmyk.ai,
FDS_black.jpg,116,825.3 KB (845146 bytes),1001 x 682,4.10%,,C:\Users\Luca1\Downloads\CATALISTINO_2025_PACCHETTO_COMPLETO\Links\FDS_black.jpg,
industrial_icon.ai,116,1.2 MB (1293638 bytes),,48%,,C:\Users\Luca1\Downloads\CATALISTINO_2025_PACCHETTO_COMPLETO\Links\industrial_icon.ai,
residential_icon.ai,116,1.2 MB (1291739 bytes),,45.30%,,C:\Users\Luca1\Downloads\CATALISTINO_2025_PACCHETTO_COMPLETO\Links\residential_icon.ai,
condominium_icon.ai,116,1.2 MB (1294519 bytes),,44.40%,,C:\Users\Luca1\Downloads\CATALISTINO_2025_PACCHETTO_COMPLETO\Links\condominium_icon.ai,
logo_safezone_cmyk.ai,116,1.2 MB (1257737 bytes),,24.30%,,C:\Users\Luca1\Downloads\CATALISTINO_2025_PACCHETTO_COMPLETO\Links\logo_safezone_cmyk.ai,
109600.tif,116,52.9 MB (55520664 bytes),4118 x 4491,13.50%,,C:\Users\Luca1\Downloads\CATALISTINO_2025_PACCHETTO_COMPLETO\Links\109600.tif,
logo_CE_bw.ai,116,1.2 MB (1250281 bytes),,24.50%,,C:\Users\Luca1\Downloads\CATALISTINO_2025_PACCHETTO_COMPLETO\Links\logo_CE_bw.ai,
logo_2easy_bw.ai,116,1.2 MB (1269718 bytes),,24.20%,,C:\Users\Luca1\Downloads\CATALISTINO_2025_PACCHETTO_COMPLETO\Links\logo_2easy_bw.ai,
logo_Omnidec_bw.ai,116,1.2 MB (1271294 bytes),,24.40%,,C:\Users\Luca1\Downloads\CATALISTINO_2025_PACCHETTO_COMPLETO\Links\logo_Omnidec_bw.ai,
490122.tif,117,5.6 MB (5836724 bytes),1654 x 879,24.40%,,C:\Users\Luca1\Downloads\CATALISTINO_2025_PACCHETTO_COMPLETO\Links\490122.tif,
490124.tif,117,5.6 MB (5847252 bytes),1654 x 879,24.40%,,C:\Users\Luca1\Downloads\CATALISTINO_2025_PACCHETTO_COMPLETO\Links\490124.tif,
quote_installative_741C.eps,117,1.7 MB (1828954 bytes),,57.70%,,C:\Users\Luca1\Downloads\CATALISTINO_2025_PACCHETTO_COMPLETO\Links\quote_installative_741C.eps,
63003478.tif,117,18.1 MB (18965760 bytes),3189 x 1978,10.30%,,C:\Users\Luca1\Downloads\CATALISTINO_2025_PACCHETTO_COMPLETO\Links\63003478.tif,
390178.tif,117,1 MB (1059452 bytes),591 x 439,49%,,C:\Users\Luca1\Downloads\CATALISTINO_2025_PACCHETTO_COMPLETO\Links\390178.tif,
4901204.tif,117,16.6 MB (17360688 bytes),2744 x 1527,9.30%,,C:\Users\Luca1\Downloads\CATALISTINO_2025_PACCHETTO_COMPLETO\Links\4901204.tif,
490125.tif,117,5.4 MB (5638200 bytes),1654 x 849,25.20%,,C:\Users\Luca1\Downloads\CATALISTINO_2025_PACCHETTO_COMPLETO\Links\490125.tif,
490123.tif,117,5.4 MB (5638168 bytes),1654 x 849,25.20%,,C:\Users\Luca1\Downloads\CATALISTINO_2025_PACCHETTO_COMPLETO\Links\490123.tif,
logo_safezone_cmyk.ai,118,1.2 MB (1257737 bytes),,24.30%,,C:\Users\Luca1\Downloads\CATALISTINO_2025_PACCHETTO_COMPLETO\Links\logo_safezone_cmyk.ai,
logo_CE_bw.ai,118,1.2 MB (1250281 bytes),,24.50%,,C:\Users\Luca1\Downloads\CATALISTINO_2025_PACCHETTO_COMPLETO\Links\logo_CE_bw.ai,
109781.tif,118,76.4 MB (80111588 bytes),4798 x 5562,13.10%,,C:\Users\Luca1\Downloads\CATALISTINO_2025_PACCHETTO_COMPLETO\Links\109781.tif,
residential_icon.ai,118,1.2 MB (1291739 bytes),,45.30%,,C:\Users\Luca1\Downloads\CATALISTINO_2025_PACCHETTO_COMPLETO\Links\residential_icon.ai,
industrial_icon.ai,118,1.2 MB (1293638 bytes),,48%,,C:\Users\Luca1\Downloads\CATALISTINO_2025_PACCHETTO_COMPLETO\Links\industrial_icon.ai,
condominium_icon.ai,118,1.2 MB (1294519 bytes),,44.40%,,C:\Users\Luca1\Downloads\CATALISTINO_2025_PACCHETTO_COMPLETO\Links\condominium_icon.ai,
490122.tif,119,5.6 MB (5836724 bytes),1654 x 879,24.40%,,C:\Users\Luca1\Downloads\CATALISTINO_2025_PACCHETTO_COMPLETO\Links\490122.tif,
490125.tif,119,5.4 MB (5638200 bytes),1654 x 849,25.20%,,C:\Users\Luca1\Downloads\CATALISTINO_2025_PACCHETTO_COMPLETO\Links\490125.tif,
740-741_quote_installative_1.eps,119,1.1 MB (1148298 bytes),,63%,,C:\Users\Luca1\Downloads\CATALISTINO_2025_PACCHETTO_COMPLETO\Links\740-741_quote_installative_1.eps,
202269.tif,119,62.5 MB (65522832 bytes),4693 x 4650,4.60%,,C:\Users\Luca1\Downloads\CATALISTINO_2025_PACCHETTO_COMPLETO\Links\202269.tif,
490124.tif,119,5.6 MB (5847252 bytes),1654 x 879,24.40%,,C:\Users\Luca1\Downloads\CATALISTINO_2025_PACCHETTO_COMPLETO\Links\490124.tif,
390178.tif,119,1 MB (1059452 bytes),591 x 439,49%,,C:\Users\Luca1\Downloads\CATALISTINO_2025_PACCHETTO_COMPLETO\Links\390178.tif,
490123.tif,119,5.4 MB (5638168 bytes),1654 x 849,25.20%,,C:\Users\Luca1\Downloads\CATALISTINO_2025_PACCHETTO_COMPLETO\Links\490123.tif,
4901204.tif,119,16.6 MB (17360688 bytes),2744 x 1527,9.30%,,C:\Users\Luca1\Downloads\CATALISTINO_2025_PACCHETTO_COMPLETO\Links\4901204.tif,
109702.tif,120,52.9 MB (55520636 bytes),4118 x 4491,13.50%,,C:\Users\Luca1\Downloads\CATALISTINO_2025_PACCHETTO_COMPLETO\Links\109702.tif,
condominium_icon.ai,120,1.2 MB (1294519 bytes),,44.40%,,C:\Users\Luca1\Downloads\CATALISTINO_2025_PACCHETTO_COMPLETO\Links\condominium_icon.ai,
industrial_icon.ai,120,1.2 MB (1293638 bytes),,48%,,C:\Users\Luca1\Downloads\CATALISTINO_2025_PACCHETTO_COMPLETO\Links\industrial_icon.ai,
residential_icon.ai,120,1.2 MB (1291739 bytes),,45.30%,,C:\Users\Luca1\Downloads\CATALISTINO_2025_PACCHETTO_COMPLETO\Links\residential_icon.ai,
logo_greentech_cmyk.ai,120,1.2 MB (1266293 bytes),,24.30%,,C:\Users\Luca1\Downloads\CATALISTINO_2025_PACCHETTO_COMPLETO\Links\logo_greentech_cmyk.ai,
logo_2easy_bw.ai,120,1.2 MB (1269718 bytes),,24.20%,,C:\Users\Luca1\Downloads\CATALISTINO_2025_PACCHETTO_COMPLETO\Links\logo_2easy_bw.ai,
FDS_black.jpg,120,825.3 KB (845146 bytes),1001 x 682,4.10%,,C:\Users\Luca1\Downloads\CATALISTINO_2025_PACCHETTO_COMPLETO\Links\FDS_black.jpg,
logo_safezone_cmyk.ai,120,1.2 MB (1257737 bytes),,24.30%,,C:\Users\Luca1\Downloads\CATALISTINO_2025_PACCHETTO_COMPLETO\Links\logo_safezone_cmyk.ai,
logo_CE_bw.ai,120,1.2 MB (1250281 bytes),,24.50%,,C:\Users\Luca1\Downloads\CATALISTINO_2025_PACCHETTO_COMPLETO\Links\logo_CE_bw.ai,
logo_Omnidec_bw.ai,120,1.2 MB (1271294 bytes),,24.40%,,C:\Users\Luca1\Downloads\CATALISTINO_2025_PACCHETTO_COMPLETO\Links\logo_Omnidec_bw.ai,
63003478.tif,121,18.1 MB (18965760 bytes),3189 x 1978,10.30%,,C:\Users\Luca1\Downloads\CATALISTINO_2025_PACCHETTO_COMPLETO\Links\63003478.tif,
4901204.tif,121,16.6 MB (17360688 bytes),2744 x 1527,9.30%,,C:\Users\Luca1\Downloads\CATALISTINO_2025_PACCHETTO_COMPLETO\Links\4901204.tif,
490123.tif,121,5.4 MB (5638168 bytes),1654 x 849,25.20%,,C:\Users\Luca1\Downloads\CATALISTINO_2025_PACCHETTO_COMPLETO\Links\490123.tif,
390178.tif,121,1 MB (1059452 bytes),591 x 439,49%,,C:\Users\Luca1\Downloads\CATALISTINO_2025_PACCHETTO_COMPLETO\Links\390178.tif,
490125.tif,121,5.4 MB (5638200 bytes),1654 x 849,25.20%,,C:\Users\Luca1\Downloads\CATALISTINO_2025_PACCHETTO_COMPLETO\Links\490125.tif,
490124.tif,121,5.6 MB (5847252 bytes),1654 x 879,24.40%,,C:\Users\Luca1\Downloads\CATALISTINO_2025_PACCHETTO_COMPLETO\Links\490124.tif,
490122.tif,121,5.6 MB (5836724 bytes),1654 x 879,24.40%,,C:\Users\Luca1\Downloads\CATALISTINO_2025_PACCHETTO_COMPLETO\Links\490122.tif,
quote_installative_741C.eps,121,1.7 MB (1828954 bytes),,58.90%,,C:\Users\Luca1\Downloads\CATALISTINO_2025_PACCHETTO_COMPLETO\Links\quote_installative_741C.eps,
logo_safezone_cmyk.ai,122,1.2 MB (1257737 bytes),,24.30%,,C:\Users\Luca1\Downloads\CATALISTINO_2025_PACCHETTO_COMPLETO\Links\logo_safezone_cmyk.ai,
FDS_black.jpg,122,825.3 KB (845146 bytes),1001 x 682,4.10%,,C:\Users\Luca1\Downloads\CATALISTINO_2025_PACCHETTO_COMPLETO\Links\FDS_black.jpg,
industrial_icon.ai,122,1.2 MB (1293638 bytes),,48%,,C:\Users\Luca1\Downloads\CATALISTINO_2025_PACCHETTO_COMPLETO\Links\industrial_icon.ai,
QR-746c-844c_ITA.tif,122,46.3 KB (47368 bytes),1147 x 1147,20.50%,,C:\Users\Luca1\Downloads\CATALISTINO_2025_PACCHETTO_COMPLETO\Links\QR-746c-844c_ITA.tif,
condominium_icon.ai,122,1.2 MB (1294519 bytes),,44.40%,,C:\Users\Luca1\Downloads\CATALISTINO_2025_PACCHETTO_COMPLETO\Links\condominium_icon.ai,
condominium_icon.ai,122,1.2 MB (1294519 bytes),,44.40%,,C:\Users\Luca1\Downloads\CATALISTINO_2025_PACCHETTO_COMPLETO\Links\condominium_icon.ai,
109837.tif,122,14.9 MB (15659932 bytes),1648 x 2372,30.90%,,C:\Users\Luca1\Downloads\CATALISTINO_2025_PACCHETTO_COMPLETO\Links\109837.tif,Camera:   DCS660C
logo_CE_bw.ai,122,1.2 MB (1250281 bytes),,24.50%,,C:\Users\Luca1\Downloads\CATALISTINO_2025_PACCHETTO_COMPLETO\Links\logo_CE_bw.ai,
logo_greentech_cmyk.ai,122,1.2 MB (1266293 bytes),,24.30%,,C:\Users\Luca1\Downloads\CATALISTINO_2025_PACCHETTO_COMPLETO\Links\logo_greentech_cmyk.ai,
industrial_icon.ai,122,1.2 MB (1293638 bytes),,48%,,C:\Users\Luca1\Downloads\CATALISTINO_2025_PACCHETTO_COMPLETO\Links\industrial_icon.ai,
residential_icon.ai,122,1.2 MB (1291739 bytes),,45.30%,,C:\Users\Luca1\Downloads\CATALISTINO_2025_PACCHETTO_COMPLETO\Links\residential_icon.ai,
logo_Omnidec_bw.ai,122,1.2 MB (1271294 bytes),,24.40%,,C:\Users\Luca1\Downloads\CATALISTINO_2025_PACCHETTO_COMPLETO\Links\logo_Omnidec_bw.ai,
logo_2easy_bw.ai,122,1.2 MB (1269718 bytes),,24.20%,,C:\Users\Luca1\Downloads\CATALISTINO_2025_PACCHETTO_COMPLETO\Links\logo_2easy_bw.ai,
residential_icon.ai,122,1.2 MB (1291739 bytes),,45.30%,,C:\Users\Luca1\Downloads\CATALISTINO_2025_PACCHETTO_COMPLETO\Links\residential_icon.ai,
719130.tif,123,5.9 MB (6146312 bytes),1224 x 1248,17.20%,,C:\Users\Luca1\Downloads\CATALISTINO_2025_PACCHETTO_COMPLETO\Links\719130.tif,
737816.tif,123,7.2 MB (7516900 bytes),1654 x 1131,19%,,C:\Users\Luca1\Downloads\CATALISTINO_2025_PACCHETTO_COMPLETO\Links\737816.tif,
390178.tif,123,1 MB (1059452 bytes),591 x 439,49%,,C:\Users\Luca1\Downloads\CATALISTINO_2025_PACCHETTO_COMPLETO\Links\390178.tif,
844ER_quote_installative.eps,123,1.4 MB (1424118 bytes),,34.40%,,C:\Users\Luca1\Downloads\CATALISTINO_2025_PACCHETTO_COMPLETO\Links\844ER_quote_installative.eps,
719167.tif,123,5.8 MB (6072360 bytes),1234 x 1223,17.50%,,C:\Users\Luca1\Downloads\CATALISTINO_2025_PACCHETTO_COMPLETO\Links\719167.tif,
4901204.tif,123,16.6 MB (17360688 bytes),2744 x 1527,9.30%,,C:\Users\Luca1\Downloads\CATALISTINO_2025_PACCHETTO_COMPLETO\Links\4901204.tif,
71275101.tif,123,7.5 MB (7857136 bytes),1654 x 1184,18.10%,,C:\Users\Luca1\Downloads\CATALISTINO_2025_PACCHETTO_COMPLETO\Links\71275101.tif,
490123.tif,123,5.4 MB (5638168 bytes),1654 x 849,25.20%,,C:\Users\Luca1\Downloads\CATALISTINO_2025_PACCHETTO_COMPLETO\Links\490123.tif,
63003478.tif,123,18.1 MB (18965760 bytes),3189 x 1978,10.30%,,C:\Users\Luca1\Downloads\CATALISTINO_2025_PACCHETTO_COMPLETO\Links\63003478.tif,
490122.tif,123,5.6 MB (5836724 bytes),1654 x 879,24.40%,,C:\Users\Luca1\Downloads\CATALISTINO_2025_PACCHETTO_COMPLETO\Links\490122.tif,
490124.tif,123,5.6 MB (5847252 bytes),1654 x 879,24.40%,,C:\Users\Luca1\Downloads\CATALISTINO_2025_PACCHETTO_COMPLETO\Links\490124.tif,
490125.tif,123,5.4 MB (5638200 bytes),1654 x 849,25.20%,,C:\Users\Luca1\Downloads\CATALISTINO_2025_PACCHETTO_COMPLETO\Links\490125.tif,
condominium_icon.ai,124,1.2 MB (1294519 bytes),,44.40%,,C:\Users\Luca1\Downloads\CATALISTINO_2025_PACCHETTO_COMPLETO\Links\condominium_icon.ai,
logo_greentech_cmyk.ai,124,1.2 MB (1266293 bytes),,24.30%,,C:\Users\Luca1\Downloads\CATALISTINO_2025_PACCHETTO_COMPLETO\Links\logo_greentech_cmyk.ai,
logo_safezone_cmyk.ai,124,1.2 MB (1257737 bytes),,24.30%,,C:\Users\Luca1\Downloads\CATALISTINO_2025_PACCHETTO_COMPLETO\Links\logo_safezone_cmyk.ai,
logo_CE_bw.ai,124,1.2 MB (1250281 bytes),,24.50%,,C:\Users\Luca1\Downloads\CATALISTINO_2025_PACCHETTO_COMPLETO\Links\logo_CE_bw.ai,
residential_icon.ai,124,1.2 MB (1291739 bytes),,45.30%,,C:\Users\Luca1\Downloads\CATALISTINO_2025_PACCHETTO_COMPLETO\Links\residential_icon.ai,
logo_Omnidec_bw.ai,124,1.2 MB (1271294 bytes),,24.40%,,C:\Users\Luca1\Downloads\CATALISTINO_2025_PACCHETTO_COMPLETO\Links\logo_Omnidec_bw.ai,
logo_2easy_bw.ai,124,1.2 MB (1269718 bytes),,24.20%,,C:\Users\Luca1\Downloads\CATALISTINO_2025_PACCHETTO_COMPLETO\Links\logo_2easy_bw.ai,
FDS_black.jpg,124,825.3 KB (845146 bytes),1001 x 682,4.10%,,C:\Users\Luca1\Downloads\CATALISTINO_2025_PACCHETTO_COMPLETO\Links\FDS_black.jpg,
industrial_icon.ai,124,1.2 MB (1293638 bytes),,48%,,C:\Users\Luca1\Downloads\CATALISTINO_2025_PACCHETTO_COMPLETO\Links\industrial_icon.ai,
QR-746c-844c_ITA.tif,124,46.3 KB (47368 bytes),1147 x 1147,20.50%,,C:\Users\Luca1\Downloads\CATALISTINO_2025_PACCHETTO_COMPLETO\Links\QR-746c-844c_ITA.tif,
109837.tif,124,14.9 MB (15659932 bytes),1648 x 2372,30.90%,,C:\Users\Luca1\Downloads\CATALISTINO_2025_PACCHETTO_COMPLETO\Links\109837.tif,Camera:   DCS660C
737816.tif,125,7.2 MB (7516900 bytes),1654 x 1131,19%,,C:\Users\Luca1\Downloads\CATALISTINO_2025_PACCHETTO_COMPLETO\Links\737816.tif,
390178.tif,125,1 MB (1059452 bytes),591 x 439,49%,,C:\Users\Luca1\Downloads\CATALISTINO_2025_PACCHETTO_COMPLETO\Links\390178.tif,
490125.tif,125,5.4 MB (5638200 bytes),1654 x 849,25.20%,,C:\Users\Luca1\Downloads\CATALISTINO_2025_PACCHETTO_COMPLETO\Links\490125.tif,
490124.tif,125,5.6 MB (5847252 bytes),1654 x 879,24.40%,,C:\Users\Luca1\Downloads\CATALISTINO_2025_PACCHETTO_COMPLETO\Links\490124.tif,
71275101.tif,125,7.5 MB (7857136 bytes),1654 x 1184,18.10%,,C:\Users\Luca1\Downloads\CATALISTINO_2025_PACCHETTO_COMPLETO\Links\71275101.tif,
719130.tif,125,5.9 MB (6146312 bytes),1224 x 1248,17.20%,,C:\Users\Luca1\Downloads\CATALISTINO_2025_PACCHETTO_COMPLETO\Links\719130.tif,
746ER_quote_installative.eps,125,1.1 MB (1203250 bytes),,53.90%,,C:\Users\Luca1\Downloads\CATALISTINO_2025_PACCHETTO_COMPLETO\Links\746ER_quote_installative.eps,
4901204.tif,125,16.6 MB (17360688 bytes),2744 x 1527,9.30%,,C:\Users\Luca1\Downloads\CATALISTINO_2025_PACCHETTO_COMPLETO\Links\4901204.tif,
490123.tif,125,5.4 MB (5638168 bytes),1654 x 849,25.20%,,C:\Users\Luca1\Downloads\CATALISTINO_2025_PACCHETTO_COMPLETO\Links\490123.tif,
490122.tif,125,5.6 MB (5836724 bytes),1654 x 879,24.40%,,C:\Users\Luca1\Downloads\CATALISTINO_2025_PACCHETTO_COMPLETO\Links\490122.tif,
719167.tif,125,5.8 MB (6072360 bytes),1234 x 1223,17.50%,,C:\Users\Luca1\Downloads\CATALISTINO_2025_PACCHETTO_COMPLETO\Links\719167.tif,
63003478.tif,125,18.1 MB (18965760 bytes),3189 x 1978,10.30%,,C:\Users\Luca1\Downloads\CATALISTINO_2025_PACCHETTO_COMPLETO\Links\63003478.tif,
109896.tif,126,14.9 MB (15659932 bytes),1648 x 2372,30.90%,,C:\Users\Luca1\Downloads\CATALISTINO_2025_PACCHETTO_COMPLETO\Links\109896.tif,Camera:   DCS660C
residential_icon.ai,126,1.2 MB (1291739 bytes),,45.30%,,C:\Users\Luca1\Downloads\CATALISTINO_2025_PACCHETTO_COMPLETO\Links\residential_icon.ai,
industrial_icon.ai,126,1.2 MB (1293638 bytes),,48%,,C:\Users\Luca1\Downloads\CATALISTINO_2025_PACCHETTO_COMPLETO\Links\industrial_icon.ai,
logo_CE_bw.ai,126,1.2 MB (1250281 bytes),,24.50%,,C:\Users\Luca1\Downloads\CATALISTINO_2025_PACCHETTO_COMPLETO\Links\logo_CE_bw.ai,
condominium_icon.ai,126,1.2 MB (1294519 bytes),,44.40%,,C:\Users\Luca1\Downloads\CATALISTINO_2025_PACCHETTO_COMPLETO\Links\condominium_icon.ai,
490124.tif,127,5.6 MB (5847252 bytes),1654 x 879,26.20%,,C:\Users\Luca1\Downloads\CATALISTINO_2025_PACCHETTO_COMPLETO\Links\490124.tif,
71275101.tif,127,7.5 MB (7857136 bytes),1654 x 1184,18.10%,,C:\Users\Luca1\Downloads\CATALISTINO_2025_PACCHETTO_COMPLETO\Links\71275101.tif,
719167.tif,127,5.8 MB (6072360 bytes),1234 x 1223,17.50%,,C:\Users\Luca1\Downloads\CATALISTINO_2025_PACCHETTO_COMPLETO\Links\719167.tif,
490122.tif,127,5.6 MB (5836724 bytes),1654 x 879,26.20%,,C:\Users\Luca1\Downloads\CATALISTINO_2025_PACCHETTO_COMPLETO\Links\490122.tif,
720118.tif,127,1004.3 KB (1028412 bytes),463 x 537,19.90%,,C:\Users\Luca1\Downloads\CATALISTINO_2025_PACCHETTO_COMPLETO\Links\720118.tif,
7191661.tif,127,2.3 MB (2382136 bytes),945 x 624,34.30%,,C:\Users\Luca1\Downloads\CATALISTINO_2025_PACCHETTO_COMPLETO\Links\7191661.tif,
719130.tif,127,5.9 MB (6146312 bytes),1224 x 1248,17.20%,,C:\Users\Luca1\Downloads\CATALISTINO_2025_PACCHETTO_COMPLETO\Links\719130.tif,
720309.tif,127,31.2 MB (32707624 bytes),2398 x 3348,6.40%,,C:\Users\Luca1\Downloads\CATALISTINO_2025_PACCHETTO_COMPLETO\Links\720309.tif,
720119.tif,127,15.3 MB (16069028 bytes),1758 x 2280,9.40%,,C:\Users\Luca1\Downloads\CATALISTINO_2025_PACCHETTO_COMPLETO\Links\720119.tif,
737816.tif,127,7.2 MB (7516900 bytes),1654 x 1131,19%,,C:\Users\Luca1\Downloads\CATALISTINO_2025_PACCHETTO_COMPLETO\Links\737816.tif,
844R3PH_quote_installative.eps,127,1.4 MB (1423222 bytes),,34%,,C:\Users\Luca1\Downloads\CATALISTINO_2025_PACCHETTO_COMPLETO\Links\844R3PH_quote_installative.eps,
202073.tif,127,3.4 MB (3566808 bytes),1311 x 897,23.90%,,C:\Users\Luca1\Downloads\CATALISTINO_2025_PACCHETTO_COMPLETO\Links\202073.tif,
condominium_icon.ai,128,1.2 MB (1294519 bytes),,44.40%,,C:\Users\Luca1\Downloads\CATALISTINO_2025_PACCHETTO_COMPLETO\Links\condominium_icon.ai,
industrial_icon.ai,128,1.2 MB (1293638 bytes),,48%,,C:\Users\Luca1\Downloads\CATALISTINO_2025_PACCHETTO_COMPLETO\Links\industrial_icon.ai,
logo_CE_bw.ai,128,1.2 MB (1250281 bytes),,24.50%,,C:\Users\Luca1\Downloads\CATALISTINO_2025_PACCHETTO_COMPLETO\Links\logo_CE_bw.ai,
residential_icon.ai,128,1.2 MB (1291739 bytes),,45.30%,,C:\Users\Luca1\Downloads\CATALISTINO_2025_PACCHETTO_COMPLETO\Links\residential_icon.ai,
109885.tif,128,3.7 MB (3921608 bytes),1137 x 1500,49.30%,,C:\Users\Luca1\Downloads\CATALISTINO_2025_PACCHETTO_COMPLETO\Links\109885.tif,
719328.tif,129,6.3 MB (6571088 bytes),1654 x 990,19.30%,,C:\Users\Luca1\Downloads\CATALISTINO_2025_PACCHETTO_COMPLETO\Links\719328.tif,
719169.tif,129,5.9 MB (6146312 bytes),1224 x 1248,17.50%,,C:\Users\Luca1\Downloads\CATALISTINO_2025_PACCHETTO_COMPLETO\Links\719169.tif,
884MC3PH_quote_installative.eps,129,1.2 MB (1276486 bytes),,40.20%,,C:\Users\Luca1\Downloads\CATALISTINO_2025_PACCHETTO_COMPLETO\Links\884MC3PH_quote_installative.eps,
202073.tif,129,3.4 MB (3566808 bytes),1311 x 897,24.30%,,C:\Users\Luca1\Downloads\CATALISTINO_2025_PACCHETTO_COMPLETO\Links\202073.tif,
737628.tif,129,6.9 MB (7286668 bytes),1654 x 1098,19.30%,,C:\Users\Luca1\Downloads\CATALISTINO_2025_PACCHETTO_COMPLETO\Links\737628.tif,
722123.tif,129,7.4 MB (7723732 bytes),1654 x 1164,18.90%,,C:\Users\Luca1\Downloads\CATALISTINO_2025_PACCHETTO_COMPLETO\Links\722123.tif,
109903.tif,130,76.2 MB (79939196 bytes),3160 x 3162,23.10%,,C:\Users\Luca1\Downloads\CATALISTINO_2025_PACCHETTO_COMPLETO\Links\109903.tif,
logo_CE_bw.ai,130,1.2 MB (1250281 bytes),,24.50%,,C:\Users\Luca1\Downloads\CATALISTINO_2025_PACCHETTO_COMPLETO\Links\logo_CE_bw.ai,
residential_icon.ai,130,1.2 MB (1291739 bytes),,45.30%,,C:\Users\Luca1\Downloads\CATALISTINO_2025_PACCHETTO_COMPLETO\Links\residential_icon.ai,
logo_2easy_bw.ai,130,1.2 MB (1269718 bytes),,24.20%,,C:\Users\Luca1\Downloads\CATALISTINO_2025_PACCHETTO_COMPLETO\Links\logo_2easy_bw.ai,
industrial_icon.ai,130,1.2 MB (1293638 bytes),,48%,,C:\Users\Luca1\Downloads\CATALISTINO_2025_PACCHETTO_COMPLETO\Links\industrial_icon.ai,
condominium_icon.ai,130,1.2 MB (1294519 bytes),,44.40%,,C:\Users\Luca1\Downloads\CATALISTINO_2025_PACCHETTO_COMPLETO\Links\condominium_icon.ai,
63003207.tif,131,13.3 MB (13916124 bytes),2480 x 1344,12.90%,,C:\Users\Luca1\Downloads\CATALISTINO_2025_PACCHETTO_COMPLETO\Links\63003207.tif,
C851.eps,131,1.5 MB (1620626 bytes),,33.70%,,C:\Users\Luca1\Downloads\CATALISTINO_2025_PACCHETTO_COMPLETO\Links\C851.eps,
490122.tif,131,5.6 MB (5836724 bytes),1654 x 879,24.40%,,C:\Users\Luca1\Downloads\CATALISTINO_2025_PACCHETTO_COMPLETO\Links\490122.tif,
737850.tif,131,10.3 MB (10797360 bytes),1890 x 1350,15.90%,,C:\Users\Luca1\Downloads\CATALISTINO_2025_PACCHETTO_COMPLETO\Links\737850.tif,
logo_FAAC_white.png,132,7880 bytes (7880 bytes),928 x 237,19.10%,,C:\Users\Luca1\Downloads\CATALISTINO_2025_PACCHETTO_COMPLETO\Links\logo_FAAC_white.png,
IMAGE_4_fotolito.tif,132,100.1 MB (104999972 bytes),5078 x 5078,79.80%,,C:\Users\Luca1\Downloads\CATALISTINO_2025_PACCHETTO_COMPLETO\Links\IMAGE_4_fotolito.tif,
Installation_type_sectional_doors.ai,133,3.9 MB (4111163 bytes),,91.10%,,C:\Users\Luca1\Downloads\CATALISTINO_2025_PACCHETTO_COMPLETO\Links\Installation_type_sectional_doors.ai,
logo_safezone_cmyk.ai,134,1.2 MB (1257737 bytes),,24.30%,,C:\Users\Luca1\Downloads\CATALISTINO_2025_PACCHETTO_COMPLETO\Links\logo_safezone_cmyk.ai,
Logo_DC.ai,134,1.2 MB (1291917 bytes),,5.50%,,C:\Users\Luca1\Downloads\CATALISTINO_2025_PACCHETTO_COMPLETO\Links\Logo_DC.ai,
logo_Omnidec_bw.ai,134,1.2 MB (1271294 bytes),,24.40%,,C:\Users\Luca1\Downloads\CATALISTINO_2025_PACCHETTO_COMPLETO\Links\logo_Omnidec_bw.ai,
condominium_icon.ai,134,1.2 MB (1294519 bytes),,44.40%,,C:\Users\Luca1\Downloads\CATALISTINO_2025_PACCHETTO_COMPLETO\Links\condominium_icon.ai,
110600.tif,134,14.7 MB (15382564 bytes),2032 x 1888,38.70%,,C:\Users\Luca1\Downloads\CATALISTINO_2025_PACCHETTO_COMPLETO\Links\110600.tif,
logo_double_insulation.ai,134,1.2 MB (1281699 bytes),,55.90%,,C:\Users\Luca1\Downloads\CATALISTINO_2025_PACCHETTO_COMPLETO\Links\logo_double_insulation.ai,
logo_CE_bw.ai,134,1.2 MB (1250281 bytes),,24.50%,,C:\Users\Luca1\Downloads\CATALISTINO_2025_PACCHETTO_COMPLETO\Links\logo_CE_bw.ai,
residential_icon.ai,134,1.2 MB (1291739 bytes),,45.30%,,C:\Users\Luca1\Downloads\CATALISTINO_2025_PACCHETTO_COMPLETO\Links\residential_icon.ai,
industrial_icon.ai,134,1.2 MB (1293638 bytes),,48%,,C:\Users\Luca1\Downloads\CATALISTINO_2025_PACCHETTO_COMPLETO\Links\industrial_icon.ai,
390923.tif,135,18 MB (18836632 bytes),1914 x 2384,6%,,C:\Users\Luca1\Downloads\CATALISTINO_2025_PACCHETTO_COMPLETO\Links\390923.tif,
logo_Omnidec_bw.ai,135,1.2 MB (1271294 bytes),,8.30%,,C:\Users\Luca1\Downloads\CATALISTINO_2025_PACCHETTO_COMPLETO\Links\logo_Omnidec_bw.ai,
390488.tif,135,14.6 MB (15358468 bytes),2318 x 1594,13.40%,,C:\Users\Luca1\Downloads\CATALISTINO_2025_PACCHETTO_COMPLETO\Links\390488.tif,
390765.tif,135,23.9 MB (25029612 bytes),2008 x 3040,7%,,C:\Users\Luca1\Downloads\CATALISTINO_2025_PACCHETTO_COMPLETO\Links\390765.tif,
2024015.tif,135,20.5 MB (21457224 bytes),2772 x 1932,11.10%,,C:\Users\Luca1\Downloads\CATALISTINO_2025_PACCHETTO_COMPLETO\Links\2024015.tif,
390768.tif,135,12.3 MB (12878520 bytes),2539 x 1210,12.60%,,C:\Users\Luca1\Downloads\CATALISTINO_2025_PACCHETTO_COMPLETO\Links\390768.tif,
424591001.tif,135,16.7 MB (17552988 bytes),2448 x 1733,8.20%,,C:\Users\Luca1\Downloads\CATALISTINO_2025_PACCHETTO_COMPLETO\Links\424591001.tif,
logo_double_insulation.ai,136,1.2 MB (1281699 bytes),,55.90%,,C:\Users\Luca1\Downloads\CATALISTINO_2025_PACCHETTO_COMPLETO\Links\logo_double_insulation.ai,
110600.tif,136,14.7 MB (15382564 bytes),2032 x 1888,38.70%,,C:\Users\Luca1\Downloads\CATALISTINO_2025_PACCHETTO_COMPLETO\Links\110600.tif,
logo_safezone_cmyk.ai,136,1.2 MB (1257737 bytes),,24.30%,,C:\Users\Luca1\Downloads\CATALISTINO_2025_PACCHETTO_COMPLETO\Links\logo_safezone_cmyk.ai,
residential_icon.ai,136,1.2 MB (1291739 bytes),,45.30%,,C:\Users\Luca1\Downloads\CATALISTINO_2025_PACCHETTO_COMPLETO\Links\residential_icon.ai,
logo_Omnidec_bw.ai,136,1.2 MB (1271294 bytes),,24.40%,,C:\Users\Luca1\Downloads\CATALISTINO_2025_PACCHETTO_COMPLETO\Links\logo_Omnidec_bw.ai,
condominium_icon.ai,136,1.2 MB (1294519 bytes),,44.40%,,C:\Users\Luca1\Downloads\CATALISTINO_2025_PACCHETTO_COMPLETO\Links\condominium_icon.ai,
Logo_DC.ai,136,1.2 MB (1291917 bytes),,5.50%,,C:\Users\Luca1\Downloads\CATALISTINO_2025_PACCHETTO_COMPLETO\Links\Logo_DC.ai,
industrial_icon.ai,136,1.2 MB (1293638 bytes),,48%,,C:\Users\Luca1\Downloads\CATALISTINO_2025_PACCHETTO_COMPLETO\Links\industrial_icon.ai,
logo_CE_bw.ai,136,1.2 MB (1250281 bytes),,24.50%,,C:\Users\Luca1\Downloads\CATALISTINO_2025_PACCHETTO_COMPLETO\Links\logo_CE_bw.ai,
390765.tif,137,23.9 MB (25029612 bytes),2008 x 3040,7%,,C:\Users\Luca1\Downloads\CATALISTINO_2025_PACCHETTO_COMPLETO\Links\390765.tif,
390923.tif,137,18 MB (18836632 bytes),1914 x 2384,6%,,C:\Users\Luca1\Downloads\CATALISTINO_2025_PACCHETTO_COMPLETO\Links\390923.tif,
logo_Omnidec_bw.ai,137,1.2 MB (1271294 bytes),,8.30%,,C:\Users\Luca1\Downloads\CATALISTINO_2025_PACCHETTO_COMPLETO\Links\logo_Omnidec_bw.ai,
390488.tif,137,14.6 MB (15358468 bytes),2318 x 1594,13.40%,,C:\Users\Luca1\Downloads\CATALISTINO_2025_PACCHETTO_COMPLETO\Links\390488.tif,
2024015.tif,137,20.5 MB (21457224 bytes),2772 x 1932,9.20%,,C:\Users\Luca1\Downloads\CATALISTINO_2025_PACCHETTO_COMPLETO\Links\2024015.tif,
424591001.tif,137,16.7 MB (17552988 bytes),2448 x 1733,8.20%,,C:\Users\Luca1\Downloads\CATALISTINO_2025_PACCHETTO_COMPLETO\Links\424591001.tif,
390768.tif,137,12.3 MB (12878520 bytes),2539 x 1210,12.60%,,C:\Users\Luca1\Downloads\CATALISTINO_2025_PACCHETTO_COMPLETO\Links\390768.tif,
condominium_icon.ai,138,1.2 MB (1294519 bytes),,44.40%,,C:\Users\Luca1\Downloads\CATALISTINO_2025_PACCHETTO_COMPLETO\Links\condominium_icon.ai,
industrial_icon.ai,138,1.2 MB (1293638 bytes),,48%,,C:\Users\Luca1\Downloads\CATALISTINO_2025_PACCHETTO_COMPLETO\Links\industrial_icon.ai,
logo_Omnidec_bw.ai,138,1.2 MB (1271294 bytes),,24.40%,,C:\Users\Luca1\Downloads\CATALISTINO_2025_PACCHETTO_COMPLETO\Links\logo_Omnidec_bw.ai,
110600.tif,138,14.7 MB (15382564 bytes),2032 x 1888,38.70%,,C:\Users\Luca1\Downloads\CATALISTINO_2025_PACCHETTO_COMPLETO\Links\110600.tif,
residential_icon.ai,138,1.2 MB (1291739 bytes),,45.30%,,C:\Users\Luca1\Downloads\CATALISTINO_2025_PACCHETTO_COMPLETO\Links\residential_icon.ai,
logo_safezone_cmyk.ai,138,1.2 MB (1257737 bytes),,24.30%,,C:\Users\Luca1\Downloads\CATALISTINO_2025_PACCHETTO_COMPLETO\Links\logo_safezone_cmyk.ai,
logo_double_insulation.ai,138,1.2 MB (1281699 bytes),,55.90%,,C:\Users\Luca1\Downloads\CATALISTINO_2025_PACCHETTO_COMPLETO\Links\logo_double_insulation.ai,
logo_CE_bw.ai,138,1.2 MB (1250281 bytes),,24.50%,,C:\Users\Luca1\Downloads\CATALISTINO_2025_PACCHETTO_COMPLETO\Links\logo_CE_bw.ai,
Logo_DC.ai,138,1.2 MB (1291917 bytes),,5.50%,,C:\Users\Luca1\Downloads\CATALISTINO_2025_PACCHETTO_COMPLETO\Links\Logo_DC.ai,
390548.tif,139,8.3 MB (8752988 bytes),2824 x 772,11.30%,,C:\Users\Luca1\Downloads\CATALISTINO_2025_PACCHETTO_COMPLETO\Links\390548.tif,
390765.tif,139,23.9 MB (25029612 bytes),2008 x 3040,7%,,C:\Users\Luca1\Downloads\CATALISTINO_2025_PACCHETTO_COMPLETO\Links\390765.tif,
390768.tif,139,12.3 MB (12878520 bytes),2539 x 1210,12.60%,,C:\Users\Luca1\Downloads\CATALISTINO_2025_PACCHETTO_COMPLETO\Links\390768.tif,
2024015.tif,139,20.5 MB (21457224 bytes),2772 x 1932,11.10%,,C:\Users\Luca1\Downloads\CATALISTINO_2025_PACCHETTO_COMPLETO\Links\2024015.tif,
390923.tif,139,18 MB (18836632 bytes),1914 x 2384,6%,,C:\Users\Luca1\Downloads\CATALISTINO_2025_PACCHETTO_COMPLETO\Links\390923.tif,
424591001.tif,139,16.7 MB (17552988 bytes),2448 x 1733,8.20%,,C:\Users\Luca1\Downloads\CATALISTINO_2025_PACCHETTO_COMPLETO\Links\424591001.tif,
390488.tif,139,14.6 MB (15358468 bytes),2318 x 1594,13.40%,,C:\Users\Luca1\Downloads\CATALISTINO_2025_PACCHETTO_COMPLETO\Links\390488.tif,
logo_Omnidec_bw.ai,139,1.2 MB (1271294 bytes),,8.30%,,C:\Users\Luca1\Downloads\CATALISTINO_2025_PACCHETTO_COMPLETO\Links\logo_Omnidec_bw.ai,
logo_CE_bw.ai,140,1.2 MB (1250281 bytes),,24.50%,,C:\Users\Luca1\Downloads\CATALISTINO_2025_PACCHETTO_COMPLETO\Links\logo_CE_bw.ai,
residential_icon.ai,140,1.2 MB (1291739 bytes),,45.30%,,C:\Users\Luca1\Downloads\CATALISTINO_2025_PACCHETTO_COMPLETO\Links\residential_icon.ai,
industrial_icon.ai,140,1.2 MB (1293638 bytes),,48%,,C:\Users\Luca1\Downloads\CATALISTINO_2025_PACCHETTO_COMPLETO\Links\industrial_icon.ai,
condominium_icon.ai,140,1.2 MB (1294519 bytes),,44.40%,,C:\Users\Luca1\Downloads\CATALISTINO_2025_PACCHETTO_COMPLETO\Links\condominium_icon.ai,
condominium_icon.ai,140,1.2 MB (1294519 bytes),,44.40%,,C:\Users\Luca1\Downloads\CATALISTINO_2025_PACCHETTO_COMPLETO\Links\condominium_icon.ai,
residential_icon.ai,140,1.2 MB (1291739 bytes),,45.30%,,C:\Users\Luca1\Downloads\CATALISTINO_2025_PACCHETTO_COMPLETO\Links\residential_icon.ai,
109511.tif,140,25.4 MB (26656972 bytes),1889 x 2925,25%,,C:\Users\Luca1\Downloads\CATALISTINO_2025_PACCHETTO_COMPLETO\Links\109511.tif,Camera:   DCS660C
industrial_icon.ai,140,1.2 MB (1293638 bytes),,48%,,C:\Users\Luca1\Downloads\CATALISTINO_2025_PACCHETTO_COMPLETO\Links\industrial_icon.ai,
390745.tif,141,7.1 MB (7407968 bytes),1654 x 1116,19.20%,,C:\Users\Luca1\Downloads\CATALISTINO_2025_PACCHETTO_COMPLETO\Links\390745.tif,
390720.tif,141,7.1 MB (7442024 bytes),1654 x 1121,19.10%,,C:\Users\Luca1\Downloads\CATALISTINO_2025_PACCHETTO_COMPLETO\Links\390720.tif,
2022805.tif,141,4.2 MB (4429884 bytes),1181 x 925,23.10%,,C:\Users\Luca1\Downloads\CATALISTINO_2025_PACCHETTO_COMPLETO\Links\2022805.tif,
390721.tif,141,6.8 MB (7128144 bytes),1654 x 1074,19.30%,,C:\Users\Luca1\Downloads\CATALISTINO_2025_PACCHETTO_COMPLETO\Links\390721.tif,
390719.tif,141,6.9 MB (7248724 bytes),1654 x 1092,19.30%,,C:\Users\Luca1\Downloads\CATALISTINO_2025_PACCHETTO_COMPLETO\Links\390719.tif,
402500.tif,141,21.6 MB (22623608 bytes),1984 x 2776,7.70%,,C:\Users\Luca1\Downloads\CATALISTINO_2025_PACCHETTO_COMPLETO\Links\402500.tif,
390744.tif,141,7.1 MB (7407932 bytes),1654 x 1116,19.20%,,C:\Users\Luca1\Downloads\CATALISTINO_2025_PACCHETTO_COMPLETO\Links\390744.tif,
Grafico_540-541.eps,141,430 KB (440338 bytes),,98.70%,,C:\Users\Luca1\Downloads\CATALISTINO_2025_PACCHETTO_COMPLETO\Links\Grafico_540-541.eps,
logo_CE_bw.ai,142,1.2 MB (1250281 bytes),,24.50%,,C:\Users\Luca1\Downloads\CATALISTINO_2025_PACCHETTO_COMPLETO\Links\logo_CE_bw.ai,
109542.tif,142,25.4 MB (26656972 bytes),1889 x 2925,25%,,C:\Users\Luca1\Downloads\CATALISTINO_2025_PACCHETTO_COMPLETO\Links\109542.tif,Camera:   DCS660C
condominium_icon.ai,142,1.2 MB (1294519 bytes),,44.40%,,C:\Users\Luca1\Downloads\CATALISTINO_2025_PACCHETTO_COMPLETO\Links\condominium_icon.ai,
industrial_icon.ai,142,1.2 MB (1293638 bytes),,48%,,C:\Users\Luca1\Downloads\CATALISTINO_2025_PACCHETTO_COMPLETO\Links\industrial_icon.ai,
residential_icon.ai,142,1.2 MB (1291739 bytes),,45.30%,,C:\Users\Luca1\Downloads\CATALISTINO_2025_PACCHETTO_COMPLETO\Links\residential_icon.ai,
390745.tif,143,7.1 MB (7407968 bytes),1654 x 1116,19.20%,,C:\Users\Luca1\Downloads\CATALISTINO_2025_PACCHETTO_COMPLETO\Links\390745.tif,
720309.tif,143,31.2 MB (32707624 bytes),2398 x 3348,6.40%,,C:\Users\Luca1\Downloads\CATALISTINO_2025_PACCHETTO_COMPLETO\Links\720309.tif,
720118.tif,143,1004.3 KB (1028412 bytes),463 x 537,19.90%,,C:\Users\Luca1\Downloads\CATALISTINO_2025_PACCHETTO_COMPLETO\Links\720118.tif,
720119.tif,143,15.3 MB (16069028 bytes),1758 x 2280,9.40%,,C:\Users\Luca1\Downloads\CATALISTINO_2025_PACCHETTO_COMPLETO\Links\720119.tif,
390719.tif,143,6.9 MB (7248724 bytes),1654 x 1092,19.30%,,C:\Users\Luca1\Downloads\CATALISTINO_2025_PACCHETTO_COMPLETO\Links\390719.tif,
Grafico_540-541.eps,143,430 KB (440338 bytes),,81.70%,,C:\Users\Luca1\Downloads\CATALISTINO_2025_PACCHETTO_COMPLETO\Links\Grafico_540-541.eps,
390720.tif,143,7.1 MB (7442024 bytes),1654 x 1121,19.10%,,C:\Users\Luca1\Downloads\CATALISTINO_2025_PACCHETTO_COMPLETO\Links\390720.tif,
790922.tif,143,5.8 MB (6070572 bytes),1436 x 1050,20.40%,,C:\Users\Luca1\Downloads\CATALISTINO_2025_PACCHETTO_COMPLETO\Links\790922.tif,
390721.tif,143,6.8 MB (7128144 bytes),1654 x 1074,19.30%,,C:\Users\Luca1\Downloads\CATALISTINO_2025_PACCHETTO_COMPLETO\Links\390721.tif,
390744.tif,143,7.1 MB (7407932 bytes),1654 x 1116,19.20%,,C:\Users\Luca1\Downloads\CATALISTINO_2025_PACCHETTO_COMPLETO\Links\390744.tif,
402501.tif,143,14.4 MB (15092664 bytes),1691 x 2227,9.60%,,C:\Users\Luca1\Downloads\CATALISTINO_2025_PACCHETTO_COMPLETO\Links\402501.tif,
109550.tif,144,17.2 MB (17984652 bytes),1296 x 2608,28%,,C:\Users\Luca1\Downloads\CATALISTINO_2025_PACCHETTO_COMPLETO\Links\109550.tif,Camera:   DCS660C
industrial_icon.ai,144,1.2 MB (1293638 bytes),,48%,,C:\Users\Luca1\Downloads\CATALISTINO_2025_PACCHETTO_COMPLETO\Links\industrial_icon.ai,
condominium_icon.ai,144,1.2 MB (1294519 bytes),,44.40%,,C:\Users\Luca1\Downloads\CATALISTINO_2025_PACCHETTO_COMPLETO\Links\condominium_icon.ai,
logo_CE_bw.ai,144,1.2 MB (1250281 bytes),,24.50%,,C:\Users\Luca1\Downloads\CATALISTINO_2025_PACCHETTO_COMPLETO\Links\logo_CE_bw.ai,
residential_icon.ai,144,1.2 MB (1291739 bytes),,45.30%,,C:\Users\Luca1\Downloads\CATALISTINO_2025_PACCHETTO_COMPLETO\Links\residential_icon.ai,
390720.tif,145,7.1 MB (7442024 bytes),1654 x 1121,19.10%,,C:\Users\Luca1\Downloads\CATALISTINO_2025_PACCHETTO_COMPLETO\Links\390720.tif,
390719.tif,145,6.9 MB (7248724 bytes),1654 x 1092,19.30%,,C:\Users\Luca1\Downloads\CATALISTINO_2025_PACCHETTO_COMPLETO\Links\390719.tif,
390721.tif,145,6.8 MB (7128144 bytes),1654 x 1074,19.30%,,C:\Users\Luca1\Downloads\CATALISTINO_2025_PACCHETTO_COMPLETO\Links\390721.tif,
402502.tif,145,14.6 MB (15360628 bytes),1666 x 2217,9.70%,,C:\Users\Luca1\Downloads\CATALISTINO_2025_PACCHETTO_COMPLETO\Links\402502.tif,
390745.tif,145,7.1 MB (7407968 bytes),1654 x 1116,19.20%,,C:\Users\Luca1\Downloads\CATALISTINO_2025_PACCHETTO_COMPLETO\Links\390745.tif,
Grafico_540-541.eps,145,430 KB (440338 bytes),,98.70%,,C:\Users\Luca1\Downloads\CATALISTINO_2025_PACCHETTO_COMPLETO\Links\Grafico_540-541.eps,
402504.tif,145,14.9 MB (15585176 bytes),1677 x 2235,9.60%,,C:\Users\Luca1\Downloads\CATALISTINO_2025_PACCHETTO_COMPLETO\Links\402504.tif,
390744.tif,145,7.1 MB (7407932 bytes),1654 x 1116,19.20%,,C:\Users\Luca1\Downloads\CATALISTINO_2025_PACCHETTO_COMPLETO\Links\390744.tif,
logo_FAAC_Black_1_1.png,146,4814 bytes (4814 bytes),928 x 237,19.10%,,C:\Users\Luca1\Downloads\CATALISTINO_2025_PACCHETTO_COMPLETO\Links\logo_FAAC_Black_1_1.png,
auto-parcheggiata-di-fronte-all-ampia-porta-doppia-del-garage-sul-vialetto-in-cemento-della-nuova-casa-americana-moderna.jpg,146,6.3 MB (6611185 bytes),5000 x 3334,103.80%,,C:\Users\Luca1\Downloads\CATALISTINO_2025_PACCHETTO_COMPLETO\Links\auto-parcheggiata-di-fronte-all-ampia-porta-doppia-del-garage-sul-vialetto-in-cemento-della-nuova-casa-americana-moderna.jpg,Car parked in front of wide garage double door on concrete driveway of new modern american house.
110549.tif,148,35 MB (36751108 bytes),4963 x 3614,20.20%,,C:\Users\Luca1\Downloads\CATALISTINO_2025_PACCHETTO_COMPLETO\Links\110549.tif,
logo_CE_bw.ai,148,1.2 MB (1250281 bytes),,24.50%,,C:\Users\Luca1\Downloads\CATALISTINO_2025_PACCHETTO_COMPLETO\Links\logo_CE_bw.ai,
condominium_icon.ai,148,1.2 MB (1294519 bytes),,44.40%,,C:\Users\Luca1\Downloads\CATALISTINO_2025_PACCHETTO_COMPLETO\Links\condominium_icon.ai,
residential_icon.ai,148,1.2 MB (1291739 bytes),,45.30%,,C:\Users\Luca1\Downloads\CATALISTINO_2025_PACCHETTO_COMPLETO\Links\residential_icon.ai,
logo_safezone_cmyk.ai,148,1.2 MB (1257737 bytes),,24.30%,,C:\Users\Luca1\Downloads\CATALISTINO_2025_PACCHETTO_COMPLETO\Links\logo_safezone_cmyk.ai,
industrial_icon.ai,148,1.2 MB (1293638 bytes),,48%,,C:\Users\Luca1\Downloads\CATALISTINO_2025_PACCHETTO_COMPLETO\Links\industrial_icon.ai,
390564.tif,149,6.9 MB (7258024 bytes),1654 x 1092,19.30%,,C:\Users\Luca1\Downloads\CATALISTINO_2025_PACCHETTO_COMPLETO\Links\390564.tif,
2022855.tif,149,63.7 MB (66811324 bytes),3012 x 5495,3.90%,,C:\Users\Luca1\Downloads\CATALISTINO_2025_PACCHETTO_COMPLETO\Links\2022855.tif,
424550001.tif,149,6.9 MB (7247932 bytes),1654 x 1092,19.30%,,C:\Users\Luca1\Downloads\CATALISTINO_2025_PACCHETTO_COMPLETO\Links\424550001.tif,
424551.tif,149,4.9 MB (5088616 bytes),1336 x 948,22.60%,,C:\Users\Luca1\Downloads\CATALISTINO_2025_PACCHETTO_COMPLETO\Links\424551.tif,
390607.tif,149,5.9 MB (6156912 bytes),1654 x 927,19.30%,,C:\Users\Luca1\Downloads\CATALISTINO_2025_PACCHETTO_COMPLETO\Links\390607.tif,
390563.tif,149,6.9 MB (7257764 bytes),1654 x 1092,19.30%,,C:\Users\Luca1\Downloads\CATALISTINO_2025_PACCHETTO_COMPLETO\Links\390563.tif,
110554.tif,149,6.8 MB (7121796 bytes),1654 x 1073,19.30%,,C:\Users\Luca1\Downloads\CATALISTINO_2025_PACCHETTO_COMPLETO\Links\110554.tif,
738709.tif,149,7.7 MB (8049808 bytes),1654 x 1129,19%,,C:\Users\Luca1\Downloads\CATALISTINO_2025_PACCHETTO_COMPLETO\Links\738709.tif,
390592.tif,149,6.8 MB (7096204 bytes),1654 x 1069,19.30%,,C:\Users\Luca1\Downloads\CATALISTINO_2025_PACCHETTO_COMPLETO\Links\390592.tif,
736022.tif,149,6.3 MB (6572716 bytes),1654 x 990,19.30%,,C:\Users\Luca1\Downloads\CATALISTINO_2025_PACCHETTO_COMPLETO\Links\736022.tif,
722140.tif,149,56.2 MB (58974076 bytes),5021 x 2934,6.40%,,C:\Users\Luca1\Downloads\CATALISTINO_2025_PACCHETTO_COMPLETO\Links\722140.tif,
722136.tif,149,56.2 MB (58974076 bytes),5021 x 2934,6.40%,,C:\Users\Luca1\Downloads\CATALISTINO_2025_PACCHETTO_COMPLETO\Links\722136.tif,
104501.tif,150,3.6 MB (3727116 bytes),388 x 1375,53.90%,,C:\Users\Luca1\Downloads\CATALISTINO_2025_PACCHETTO_COMPLETO\Links\104501.tif,
110597.tif,150,3.7 MB (3840168 bytes),394 x 1456,50.70%,,C:\Users\Luca1\Downloads\CATALISTINO_2025_PACCHETTO_COMPLETO\Links\110597.tif,
logo_CE_bw.ai,150,1.2 MB (1250281 bytes),,24.50%,,C:\Users\Luca1\Downloads\CATALISTINO_2025_PACCHETTO_COMPLETO\Links\logo_CE_bw.ai,
logo_greentech_cmyk.ai,150,1.2 MB (1266293 bytes),,24.30%,,C:\Users\Luca1\Downloads\CATALISTINO_2025_PACCHETTO_COMPLETO\Links\logo_greentech_cmyk.ai,
residential_icon.ai,150,1.2 MB (1291739 bytes),,45.30%,,C:\Users\Luca1\Downloads\CATALISTINO_2025_PACCHETTO_COMPLETO\Links\residential_icon.ai,
condominium_icon.ai,150,1.2 MB (1294519 bytes),,44.40%,,C:\Users\Luca1\Downloads\CATALISTINO_2025_PACCHETTO_COMPLETO\Links\condominium_icon.ai,
industrial_icon.ai,150,1.2 MB (1293638 bytes),,48%,,C:\Users\Luca1\Downloads\CATALISTINO_2025_PACCHETTO_COMPLETO\Links\industrial_icon.ai,
390564.tif,151,6.9 MB (7258024 bytes),1654 x 1092,19.30%,,C:\Users\Luca1\Downloads\CATALISTINO_2025_PACCHETTO_COMPLETO\Links\390564.tif,
720309.tif,151,31.2 MB (32707624 bytes),2398 x 3348,6.40%,,C:\Users\Luca1\Downloads\CATALISTINO_2025_PACCHETTO_COMPLETO\Links\720309.tif,
790077.tif,151,6.8 MB (7122180 bytes),1311 x 967,22.20%,,C:\Users\Luca1\Downloads\CATALISTINO_2025_PACCHETTO_COMPLETO\Links\790077.tif,
720119.tif,151,15.3 MB (16069028 bytes),1758 x 2280,9.40%,,C:\Users\Luca1\Downloads\CATALISTINO_2025_PACCHETTO_COMPLETO\Links\720119.tif,
390474.tif,151,6.3 MB (6600112 bytes),1654 x 994,19.30%,,C:\Users\Luca1\Downloads\CATALISTINO_2025_PACCHETTO_COMPLETO\Links\390474.tif,
790076.tif,151,3.4 MB (3568204 bytes),1311 x 897,23.90%,,C:\Users\Luca1\Downloads\CATALISTINO_2025_PACCHETTO_COMPLETO\Links\790076.tif,
390594.tif,151,6.3 MB (6572720 bytes),1654 x 990,19.30%,,C:\Users\Luca1\Downloads\CATALISTINO_2025_PACCHETTO_COMPLETO\Links\390594.tif,
390563.tif,151,6.9 MB (7257764 bytes),1654 x 1092,19.30%,,C:\Users\Luca1\Downloads\CATALISTINO_2025_PACCHETTO_COMPLETO\Links\390563.tif,
390433.tif,151,6.9 MB (7247624 bytes),1654 x 1092,19.30%,,C:\Users\Luca1\Downloads\CATALISTINO_2025_PACCHETTO_COMPLETO\Links\390433.tif,
790062.tif,151,3.9 MB (4125124 bytes),1869 x 1056,15.40%,,C:\Users\Luca1\Downloads\CATALISTINO_2025_PACCHETTO_COMPLETO\Links\790062.tif,
390434.tif,151,6.8 MB (7090652 bytes),1654 x 1068,19.30%,,C:\Users\Luca1\Downloads\CATALISTINO_2025_PACCHETTO_COMPLETO\Links\390434.tif,
424560001.tif,151,37.9 MB (39719184 bytes),3714 x 2626,8.20%,,C:\Users\Luca1\Downloads\CATALISTINO_2025_PACCHETTO_COMPLETO\Links\424560001.tif,
390434.tif,151,6.8 MB (7090652 bytes),1654 x 1068,19.30%,,C:\Users\Luca1\Downloads\CATALISTINO_2025_PACCHETTO_COMPLETO\Links\390434.tif,
424560101.tif,151,41 MB (42940588 bytes),3882 x 2721,7.90%,,C:\Users\Luca1\Downloads\CATALISTINO_2025_PACCHETTO_COMPLETO\Links\424560101.tif,
722299.tif,151,6.9 MB (7246748 bytes),1654 x 1092,19.30%,,C:\Users\Luca1\Downloads\CATALISTINO_2025_PACCHETTO_COMPLETO\Links\722299.tif,
720118.tif,151,1004.3 KB (1028412 bytes),463 x 537,19.90%,,C:\Users\Luca1\Downloads\CATALISTINO_2025_PACCHETTO_COMPLETO\Links\720118.tif,
390432.tif,151,6.9 MB (7247496 bytes),1654 x 1092,19.30%,,C:\Users\Luca1\Downloads\CATALISTINO_2025_PACCHETTO_COMPLETO\Links\390432.tif,
722299.tif,151,6.9 MB (7246748 bytes),1654 x 1092,19.30%,,C:\Users\Luca1\Downloads\CATALISTINO_2025_PACCHETTO_COMPLETO\Links\722299.tif,
736023.tif,151,6.3 MB (6573116 bytes),1654 x 990,19.30%,,C:\Users\Luca1\Downloads\CATALISTINO_2025_PACCHETTO_COMPLETO\Links\736023.tif,
logo_FAAC_white.png,152,7880 bytes (7880 bytes),928 x 237,19.10%,,C:\Users\Luca1\Downloads\CATALISTINO_2025_PACCHETTO_COMPLETO\Links\logo_FAAC_white.png,
car-service-trucks-cars-large-garage-car-maintenance-repair-diagnostics.jpg,152,13.3 MB (13922151 bytes),6378 x 4253,81.2% x 83%,,C:\Users\Luca1\Downloads\CATALISTINO_2025_PACCHETTO_COMPLETO\Links\car-service-trucks-cars-large-garage-car-maintenance-repair-diagnostics.jpg,"Car service for trucks and cars. Large garage for car maintenance, repair, diagnostics."
residential_icon.ai,154,1.2 MB (1291739 bytes),,45.30%,,C:\Users\Luca1\Downloads\CATALISTINO_2025_PACCHETTO_COMPLETO\Links\residential_icon.ai,
logo_CE_bw.ai,154,1.2 MB (1250281 bytes),,24.50%,,C:\Users\Luca1\Downloads\CATALISTINO_2025_PACCHETTO_COMPLETO\Links\logo_CE_bw.ai,
logo_greentech_cmyk.ai,154,1.2 MB (1266293 bytes),,24.30%,,C:\Users\Luca1\Downloads\CATALISTINO_2025_PACCHETTO_COMPLETO\Links\logo_greentech_cmyk.ai,
condominium_icon.ai,154,1.2 MB (1294519 bytes),,44.40%,,C:\Users\Luca1\Downloads\CATALISTINO_2025_PACCHETTO_COMPLETO\Links\condominium_icon.ai,
104570.tif,154,7.3 MB (7679060 bytes),1509 x 1268,57.70%,,C:\Users\Luca1\Downloads\CATALISTINO_2025_PACCHETTO_COMPLETO\Links\104570.tif,Camera:   DCS660C
industrial_icon.ai,154,1.2 MB (1293638 bytes),,48%,,C:\Users\Luca1\Downloads\CATALISTINO_2025_PACCHETTO_COMPLETO\Links\industrial_icon.ai,
720118.tif,155,1004.3 KB (1028412 bytes),463 x 537,19.90%,,C:\Users\Luca1\Downloads\CATALISTINO_2025_PACCHETTO_COMPLETO\Links\720118.tif,
738706.tif,155,4.1 MB (4283908 bytes),1499 x 711,21.30%,,C:\Users\Luca1\Downloads\CATALISTINO_2025_PACCHETTO_COMPLETO\Links\738706.tif,
720309.tif,155,31.2 MB (32707624 bytes),2398 x 3348,6.40%,,C:\Users\Luca1\Downloads\CATALISTINO_2025_PACCHETTO_COMPLETO\Links\720309.tif,
401057.tif,155,2.3 MB (2397348 bytes),945 x 628,33.70%,,C:\Users\Luca1\Downloads\CATALISTINO_2025_PACCHETTO_COMPLETO\Links\401057.tif,
790077.tif,155,6.8 MB (7122180 bytes),1311 x 967,22.20%,,C:\Users\Luca1\Downloads\CATALISTINO_2025_PACCHETTO_COMPLETO\Links\790077.tif,
790062.tif,155,3.9 MB (4125124 bytes),1869 x 1056,15.40%,,C:\Users\Luca1\Downloads\CATALISTINO_2025_PACCHETTO_COMPLETO\Links\790062.tif,
790076.tif,155,3.4 MB (3568204 bytes),1311 x 897,23.90%,,C:\Users\Luca1\Downloads\CATALISTINO_2025_PACCHETTO_COMPLETO\Links\790076.tif,
390682.tif,155,6.9 MB (7247344 bytes),1654 x 1092,19.30%,,C:\Users\Luca1\Downloads\CATALISTINO_2025_PACCHETTO_COMPLETO\Links\390682.tif,
720119.tif,155,15.3 MB (16069028 bytes),1758 x 2280,9.40%,,C:\Users\Luca1\Downloads\CATALISTINO_2025_PACCHETTO_COMPLETO\Links\720119.tif,
industrial_icon.ai,156,1.2 MB (1293638 bytes),,48%,,C:\Users\Luca1\Downloads\CATALISTINO_2025_PACCHETTO_COMPLETO\Links\industrial_icon.ai,
residential_icon.ai,156,1.2 MB (1291739 bytes),,45.30%,,C:\Users\Luca1\Downloads\CATALISTINO_2025_PACCHETTO_COMPLETO\Links\residential_icon.ai,
condominium_icon.ai,156,1.2 MB (1294519 bytes),,44.40%,,C:\Users\Luca1\Downloads\CATALISTINO_2025_PACCHETTO_COMPLETO\Links\condominium_icon.ai,
logo_CE_bw.ai,156,1.2 MB (1250281 bytes),,24.50%,,C:\Users\Luca1\Downloads\CATALISTINO_2025_PACCHETTO_COMPLETO\Links\logo_CE_bw.ai,
logo_greentech_cmyk.ai,156,1.2 MB (1266293 bytes),,24.30%,,C:\Users\Luca1\Downloads\CATALISTINO_2025_PACCHETTO_COMPLETO\Links\logo_greentech_cmyk.ai,
104561.tif,156,3.7 MB (3866460 bytes),1071 x 637,116.30%,,C:\Users\Luca1\Downloads\CATALISTINO_2025_PACCHETTO_COMPLETO\Links\104561.tif,
720309.tif,157,31.2 MB (32707624 bytes),2398 x 3348,6.40%,,C:\Users\Luca1\Downloads\CATALISTINO_2025_PACCHETTO_COMPLETO\Links\720309.tif,
790076.tif,157,3.4 MB (3568204 bytes),1311 x 897,23.90%,,C:\Users\Luca1\Downloads\CATALISTINO_2025_PACCHETTO_COMPLETO\Links\790076.tif,
790062.tif,157,3.9 MB (4125124 bytes),1869 x 1056,15.40%,,C:\Users\Luca1\Downloads\CATALISTINO_2025_PACCHETTO_COMPLETO\Links\790062.tif,
720119.tif,157,15.3 MB (16069028 bytes),1758 x 2280,9.40%,,C:\Users\Luca1\Downloads\CATALISTINO_2025_PACCHETTO_COMPLETO\Links\720119.tif,
720118.tif,157,1004.3 KB (1028412 bytes),463 x 537,19.90%,,C:\Users\Luca1\Downloads\CATALISTINO_2025_PACCHETTO_COMPLETO\Links\720118.tif,
790077.tif,157,6.8 MB (7122180 bytes),1311 x 967,22.20%,,C:\Users\Luca1\Downloads\CATALISTINO_2025_PACCHETTO_COMPLETO\Links\790077.tif,
738703.tif,157,7.2 MB (7558472 bytes),1654 x 1139,18.80%,,C:\Users\Luca1\Downloads\CATALISTINO_2025_PACCHETTO_COMPLETO\Links\738703.tif,
490251.tif,157,9.3 MB (9764144 bytes),2000 x 1611,13.30%,,C:\Users\Luca1\Downloads\CATALISTINO_2025_PACCHETTO_COMPLETO\Links\490251.tif,
738700.tif,157,6.9 MB (7246824 bytes),1654 x 1092,19.30%,,C:\Users\Luca1\Downloads\CATALISTINO_2025_PACCHETTO_COMPLETO\Links\738700.tif,
FAAC B614 copertina asta rettangolare.png,158,86.2 MB (90410398 bytes),6000 x 11109,51.90%,,C:\Users\Luca1\Downloads\CATALISTINO_2025_PACCHETTO_COMPLETO\Links\FAAC B614 copertina asta rettangolare.png,
logo_FAAC_Black_1_1.png,158,4814 bytes (4814 bytes),928 x 237,19.10%,,C:\Users\Luca1\Downloads\CATALISTINO_2025_PACCHETTO_COMPLETO\Links\logo_FAAC_Black_1_1.png,
Logo_DC.ai,160,1.2 MB (1291917 bytes),,5.50%,,C:\Users\Luca1\Downloads\CATALISTINO_2025_PACCHETTO_COMPLETO\Links\Logo_DC.ai,
logo_Omnidec_bw.ai,160,1.2 MB (1271294 bytes),,24.40%,,C:\Users\Luca1\Downloads\CATALISTINO_2025_PACCHETTO_COMPLETO\Links\logo_Omnidec_bw.ai,
logo_2easy_bw.ai,160,1.2 MB (1269718 bytes),,24.20%,,C:\Users\Luca1\Downloads\CATALISTINO_2025_PACCHETTO_COMPLETO\Links\logo_2easy_bw.ai,
condominium_icon.ai,160,1.2 MB (1294519 bytes),,44.40%,,C:\Users\Luca1\Downloads\CATALISTINO_2025_PACCHETTO_COMPLETO\Links\condominium_icon.ai,
logo_CE_bw.ai,160,1.2 MB (1250281 bytes),,24.50%,,C:\Users\Luca1\Downloads\CATALISTINO_2025_PACCHETTO_COMPLETO\Links\logo_CE_bw.ai,
logo_greentech_cmyk.ai,160,1.2 MB (1266293 bytes),,24.30%,,C:\Users\Luca1\Downloads\CATALISTINO_2025_PACCHETTO_COMPLETO\Links\logo_greentech_cmyk.ai,
logo_safezone_cmyk.ai,160,1.2 MB (1257737 bytes),,24.30%,,C:\Users\Luca1\Downloads\CATALISTINO_2025_PACCHETTO_COMPLETO\Links\logo_safezone_cmyk.ai,
industrial_icon.ai,160,1.2 MB (1293638 bytes),,48%,,C:\Users\Luca1\Downloads\CATALISTINO_2025_PACCHETTO_COMPLETO\Links\industrial_icon.ai,
B614.tif,160,1.9 MB (1983240 bytes),1148 x 1148,4.90%,,C:\Users\Luca1\Downloads\CATALISTINO_2025_PACCHETTO_COMPLETO\Links\B614.tif,
104614_RAL9006.tif,160,4.9 MB (5138916 bytes),3189 x 3015,24.20%,,C:\Users\Luca1\Downloads\CATALISTINO_2025_PACCHETTO_COMPLETO\Links\104614_RAL9006.tif,
residential_icon.ai,160,1.2 MB (1291739 bytes),,45.30%,,C:\Users\Luca1\Downloads\CATALISTINO_2025_PACCHETTO_COMPLETO\Links\residential_icon.ai,
713002.tif,161,35.9 MB (37627648 bytes),3202 x 2934,7.30%,,C:\Users\Luca1\Downloads\CATALISTINO_2025_PACCHETTO_COMPLETO\Links\713002.tif,
390923.tif,161,18 MB (18836632 bytes),1914 x 2384,6%,,C:\Users\Luca1\Downloads\CATALISTINO_2025_PACCHETTO_COMPLETO\Links\390923.tif,
428441.tif,161,31.7 MB (33256108 bytes),2883 x 2832,7.60%,,C:\Users\Luca1\Downloads\CATALISTINO_2025_PACCHETTO_COMPLETO\Links\428441.tif,
428805.tif,161,12.8 MB (13417816 bytes),2014 x 1594,13.40%,,C:\Users\Luca1\Downloads\CATALISTINO_2025_PACCHETTO_COMPLETO\Links\428805.tif,
737621.tif,161,5.4 MB (5685796 bytes),1181 x 1196,17.90%,,C:\Users\Luca1\Downloads\CATALISTINO_2025_PACCHETTO_COMPLETO\Links\737621.tif,
428806.tif,161,12.8 MB (13418196 bytes),2014 x 1594,13.40%,,C:\Users\Luca1\Downloads\CATALISTINO_2025_PACCHETTO_COMPLETO\Links\428806.tif,
428441.tif,161,31.7 MB (33256108 bytes),2883 x 2832,7.60%,,C:\Users\Luca1\Downloads\CATALISTINO_2025_PACCHETTO_COMPLETO\Links\428441.tif,
410031.tif,161,33.1 MB (34759472 bytes),3445 x 2520,8.50%,,C:\Users\Luca1\Downloads\CATALISTINO_2025_PACCHETTO_COMPLETO\Links\410031.tif,
63001034.tif,161,15.2 MB (15890372 bytes),2401 x 1594,13.30%,,C:\Users\Luca1\Downloads\CATALISTINO_2025_PACCHETTO_COMPLETO\Links\63001034.tif,
490183.tif,161,14 MB (14723796 bytes),2218 x 1594,13.40%,,C:\Users\Luca1\Downloads\CATALISTINO_2025_PACCHETTO_COMPLETO\Links\490183.tif,
Logo_Molla.ai,162,1.7 MB (1820223 bytes),,5.2% x 4.5%,,C:\Users\Luca1\Downloads\CATALISTINO_2025_PACCHETTO_COMPLETO\Links\Logo_Molla.ai,
490117.tif,162,8.3 MB (8704612 bytes),1938 x 1048,16.50%,,C:\Users\Luca1\Downloads\CATALISTINO_2025_PACCHETTO_COMPLETO\Links\490117.tif,
428445.tif,162,929.4 KB (951660 bytes),952 x 555,32.70%,,C:\Users\Luca1\Downloads\CATALISTINO_2025_PACCHETTO_COMPLETO\Links\428445.tif,
428444.tif,162,7.6 MB (7927332 bytes),2592 x 1944,11.80%,,C:\Users\Luca1\Downloads\CATALISTINO_2025_PACCHETTO_COMPLETO\Links\428444.tif,
foto_mancante.jpg,162,50.3 KB (51486 bytes),1654 x 921,19.30%,,C:\Users\Luca1\Downloads\CATALISTINO_2025_PACCHETTO_COMPLETO\Links\foto_mancante.jpg,
390993.tif,162,33.7 MB (35317464 bytes),3445 x 2520,9%,,C:\Users\Luca1\Downloads\CATALISTINO_2025_PACCHETTO_COMPLETO\Links\390993.tif,
Logo_Molla.ai,162,1.7 MB (1820223 bytes),,5.2% x 4.5%,,C:\Users\Luca1\Downloads\CATALISTINO_2025_PACCHETTO_COMPLETO\Links\Logo_Molla.ai,
Logo_Molla.ai,162,1.7 MB (1820223 bytes),,5.2% x 4.5%,,C:\Users\Luca1\Downloads\CATALISTINO_2025_PACCHETTO_COMPLETO\Links\Logo_Molla.ai,
490186.tif,162,14.6 MB (15269840 bytes),2480 x 1481,12.90%,,C:\Users\Luca1\Downloads\CATALISTINO_2025_PACCHETTO_COMPLETO\Links\490186.tif,
721209.tif,162,9.2 MB (9634560 bytes),2480 x 913,12.90%,,C:\Users\Luca1\Downloads\CATALISTINO_2025_PACCHETTO_COMPLETO\Links\721209.tif,
721209.tif,162,9.2 MB (9634560 bytes),2480 x 913,12.90%,,C:\Users\Luca1\Downloads\CATALISTINO_2025_PACCHETTO_COMPLETO\Links\721209.tif,
390992.tif,162,14.5 MB (15194588 bytes),1914 x 1905,11.20%,,C:\Users\Luca1\Downloads\CATALISTINO_2025_PACCHETTO_COMPLETO\Links\390992.tif,
Logo_Molla.ai,162,1.7 MB (1820223 bytes),,5.2% x 4.5%,,C:\Users\Luca1\Downloads\CATALISTINO_2025_PACCHETTO_COMPLETO\Links\Logo_Molla.ai,
Logo_Molla.ai,162,1.7 MB (1820223 bytes),,5.2% x 4.5%,,C:\Users\Luca1\Downloads\CATALISTINO_2025_PACCHETTO_COMPLETO\Links\Logo_Molla.ai,
Quote-B614-art-ton.eps,162,3.6 MB (3796938 bytes),,81.80%,,C:\Users\Luca1\Downloads\CATALISTINO_2025_PACCHETTO_COMPLETO\Links\Quote-B614-art-ton.eps,
428137.tif,163,5.5 MB (5737128 bytes),1417 x 1008,22.50%,,C:\Users\Luca1\Downloads\CATALISTINO_2025_PACCHETTO_COMPLETO\Links\428137.tif,
Quote-B614-art-ret.eps,163,2.1 MB (2195966 bytes),,104.30%,,C:\Users\Luca1\Downloads\CATALISTINO_2025_PACCHETTO_COMPLETO\Links\Quote-B614-art-ret.eps,
721209.tif,163,9.2 MB (9634560 bytes),2480 x 913,12.90%,,C:\Users\Luca1\Downloads\CATALISTINO_2025_PACCHETTO_COMPLETO\Links\721209.tif,
390184_light_connection_kit.tif,163,82.1 MB (86140244 bytes),5655 x 5075,4.30%,,C:\Users\Luca1\Downloads\CATALISTINO_2025_PACCHETTO_COMPLETO\Links\390184_light_connection_kit.tif,
428087.tif,163,364.8 KB (373560 bytes),658 x 132,48.50%,,C:\Users\Luca1\Downloads\CATALISTINO_2025_PACCHETTO_COMPLETO\Links\428087.tif,Ô ∞
390993.tif,163,33.7 MB (35317464 bytes),3445 x 2520,8.70%,,C:\Users\Luca1\Downloads\CATALISTINO_2025_PACCHETTO_COMPLETO\Links\390993.tif,
Logo_Molla.ai,163,1.7 MB (1820223 bytes),,5.2% x 4.5%,,C:\Users\Luca1\Downloads\CATALISTINO_2025_PACCHETTO_COMPLETO\Links\Logo_Molla.ai,
Logo_Molla.ai,163,1.7 MB (1820223 bytes),,5.2% x 4.5%,,C:\Users\Luca1\Downloads\CATALISTINO_2025_PACCHETTO_COMPLETO\Links\Logo_Molla.ai,
490186.tif,163,14.6 MB (15269840 bytes),2480 x 1481,12.90%,,C:\Users\Luca1\Downloads\CATALISTINO_2025_PACCHETTO_COMPLETO\Links\490186.tif,
Logo_Molla.ai,163,1.7 MB (1820223 bytes),,5.2% x 4.5%,,C:\Users\Luca1\Downloads\CATALISTINO_2025_PACCHETTO_COMPLETO\Links\Logo_Molla.ai,
428342.tif,163,1.6 MB (1671724 bytes),749 x 551,41.20%,,C:\Users\Luca1\Downloads\CATALISTINO_2025_PACCHETTO_COMPLETO\Links\428342.tif,5.0.3
390992.tif,163,14.5 MB (15194588 bytes),1914 x 1905,11.50%,,C:\Users\Luca1\Downloads\CATALISTINO_2025_PACCHETTO_COMPLETO\Links\390992.tif,
logo_CE_bw.ai,164,1.2 MB (1250281 bytes),,24.50%,,C:\Users\Luca1\Downloads\CATALISTINO_2025_PACCHETTO_COMPLETO\Links\logo_CE_bw.ai,
condominium_icon.ai,164,1.2 MB (1294519 bytes),,44.40%,,C:\Users\Luca1\Downloads\CATALISTINO_2025_PACCHETTO_COMPLETO\Links\condominium_icon.ai,
industrial_icon.ai,164,1.2 MB (1293638 bytes),,48%,,C:\Users\Luca1\Downloads\CATALISTINO_2025_PACCHETTO_COMPLETO\Links\industrial_icon.ai,
104906.tif,164,6.4 MB (6664724 bytes),5193 x 3261,22.40%,,C:\Users\Luca1\Downloads\CATALISTINO_2025_PACCHETTO_COMPLETO\Links\104906.tif,
residential_icon.ai,164,1.2 MB (1291739 bytes),,45.30%,,C:\Users\Luca1\Downloads\CATALISTINO_2025_PACCHETTO_COMPLETO\Links\residential_icon.ai,
790281.tif,165,3.9 MB (4119108 bytes),1181 x 860,24.90%,,C:\Users\Luca1\Downloads\CATALISTINO_2025_PACCHETTO_COMPLETO\Links\790281.tif,
401066.tif,165,5.1 MB (5346248 bytes),1417 x 939,22.50%,,C:\Users\Luca1\Downloads\CATALISTINO_2025_PACCHETTO_COMPLETO\Links\401066.tif,
713002.tif,165,35.9 MB (37627648 bytes),3202 x 2934,7.30%,,C:\Users\Luca1\Downloads\CATALISTINO_2025_PACCHETTO_COMPLETO\Links\713002.tif,
428806.tif,165,12.8 MB (13418196 bytes),2014 x 1594,13.40%,,C:\Users\Luca1\Downloads\CATALISTINO_2025_PACCHETTO_COMPLETO\Links\428806.tif,
737621.tif,165,5.4 MB (5685796 bytes),1181 x 1196,17.90%,,C:\Users\Luca1\Downloads\CATALISTINO_2025_PACCHETTO_COMPLETO\Links\737621.tif,
490073.tif,165,5.7 MB (5980168 bytes),1417 x 1051,20.40%,,C:\Users\Luca1\Downloads\CATALISTINO_2025_PACCHETTO_COMPLETO\Links\490073.tif,
428805.tif,165,12.8 MB (13417816 bytes),2014 x 1594,13.40%,,C:\Users\Luca1\Downloads\CATALISTINO_2025_PACCHETTO_COMPLETO\Links\428805.tif,
428441.tif,165,31.7 MB (33256108 bytes),2883 x 2832,7.60%,,C:\Users\Luca1\Downloads\CATALISTINO_2025_PACCHETTO_COMPLETO\Links\428441.tif,
428441.tif,165,31.7 MB (33256108 bytes),2883 x 2832,7.60%,,C:\Users\Luca1\Downloads\CATALISTINO_2025_PACCHETTO_COMPLETO\Links\428441.tif,
428445.tif,166,929.4 KB (951660 bytes),952 x 555,33.50%,,C:\Users\Luca1\Downloads\CATALISTINO_2025_PACCHETTO_COMPLETO\Links\428445.tif,
428045.tif,166,1 MB (1058604 bytes),1461 x 648,21.80%,,C:\Users\Luca1\Downloads\CATALISTINO_2025_PACCHETTO_COMPLETO\Links\428045.tif,
390993.tif,166,33.7 MB (35317464 bytes),3445 x 2520,8.50%,,C:\Users\Luca1\Downloads\CATALISTINO_2025_PACCHETTO_COMPLETO\Links\390993.tif,
490117.tif,166,8.3 MB (8704612 bytes),1938 x 1048,16.50%,,C:\Users\Luca1\Downloads\CATALISTINO_2025_PACCHETTO_COMPLETO\Links\490117.tif,
390081.tif,166,23.7 MB (24826880 bytes),2595 x 2325,9.20%,,C:\Users\Luca1\Downloads\CATALISTINO_2025_PACCHETTO_COMPLETO\Links\390081.tif,
428342.tif,167,1.6 MB (1671724 bytes),749 x 551,38.70%,,C:\Users\Luca1\Downloads\CATALISTINO_2025_PACCHETTO_COMPLETO\Links\428342.tif,5.0.3
390993.tif,167,33.7 MB (35317464 bytes),3445 x 2520,8.70%,,C:\Users\Luca1\Downloads\CATALISTINO_2025_PACCHETTO_COMPLETO\Links\390993.tif,
428087.tif,167,364.8 KB (373560 bytes),658 x 132,48.50%,,C:\Users\Luca1\Downloads\CATALISTINO_2025_PACCHETTO_COMPLETO\Links\428087.tif,Ô ∞
390184_light_connection_kit.tif,167,82.1 MB (86140244 bytes),5655 x 5075,4.30%,,C:\Users\Luca1\Downloads\CATALISTINO_2025_PACCHETTO_COMPLETO\Links\390184_light_connection_kit.tif,
390081.tif,167,23.7 MB (24826880 bytes),2595 x 2325,9.40%,,C:\Users\Luca1\Downloads\CATALISTINO_2025_PACCHETTO_COMPLETO\Links\390081.tif,
428137.tif,167,5.5 MB (5737128 bytes),1417 x 1008,21.70%,,C:\Users\Luca1\Downloads\CATALISTINO_2025_PACCHETTO_COMPLETO\Links\428137.tif,
615BPR_articolata.eps,167,2.6 MB (2688462 bytes),,55.90%,,C:\Users\Luca1\Downloads\CATALISTINO_2025_PACCHETTO_COMPLETO\Links\615BPR_articolata.eps,
Tabella.eps,167,202.6 KB (207421 bytes),,110.40%,,C:\Users\Luca1\Downloads\CATALISTINO_2025_PACCHETTO_COMPLETO\Links\Tabella.eps,
logo_2easy_bw.ai,168,1.2 MB (1269718 bytes),,24.20%,,C:\Users\Luca1\Downloads\CATALISTINO_2025_PACCHETTO_COMPLETO\Links\logo_2easy_bw.ai,
logo_CE_bw.ai,168,1.2 MB (1250281 bytes),,24.50%,,C:\Users\Luca1\Downloads\CATALISTINO_2025_PACCHETTO_COMPLETO\Links\logo_CE_bw.ai,
residential_icon.ai,168,1.2 MB (1291739 bytes),,45.30%,,C:\Users\Luca1\Downloads\CATALISTINO_2025_PACCHETTO_COMPLETO\Links\residential_icon.ai,
1046268.tif,168,15.8 MB (16580732 bytes),1654 x 2503,29.20%,,C:\Users\Luca1\Downloads\CATALISTINO_2025_PACCHETTO_COMPLETO\Links\1046268.tif,
industrial_icon.ai,168,1.2 MB (1293638 bytes),,48%,,C:\Users\Luca1\Downloads\CATALISTINO_2025_PACCHETTO_COMPLETO\Links\industrial_icon.ai,
condominium_icon.ai,168,1.2 MB (1294519 bytes),,44.40%,,C:\Users\Luca1\Downloads\CATALISTINO_2025_PACCHETTO_COMPLETO\Links\condominium_icon.ai,
620_dx_sx.tif,169,1.5 MB (1572708 bytes),849 x 457,99.70%,,C:\Users\Luca1\Downloads\CATALISTINO_2025_PACCHETTO_COMPLETO\Links\620_dx_sx.tif,
490058.tif,170,5.4 MB (5611148 bytes),1417 x 986,21.70%,,C:\Users\Luca1\Downloads\CATALISTINO_2025_PACCHETTO_COMPLETO\Links\490058.tif,
401051.tif,170,4.9 MB (5102108 bytes),1417 x 896,22.50%,,C:\Users\Luca1\Downloads\CATALISTINO_2025_PACCHETTO_COMPLETO\Links\401051.tif,
428441.tif,170,31.7 MB (33256108 bytes),2883 x 2832,7.60%,,C:\Users\Luca1\Downloads\CATALISTINO_2025_PACCHETTO_COMPLETO\Links\428441.tif,
428441.tif,170,31.7 MB (33256108 bytes),2883 x 2832,7.60%,,C:\Users\Luca1\Downloads\CATALISTINO_2025_PACCHETTO_COMPLETO\Links\428441.tif,
428805.tif,170,12.8 MB (13417816 bytes),2014 x 1594,13.40%,,C:\Users\Luca1\Downloads\CATALISTINO_2025_PACCHETTO_COMPLETO\Links\428805.tif,
737621.tif,170,5.4 MB (5685796 bytes),1181 x 1196,17.90%,,C:\Users\Luca1\Downloads\CATALISTINO_2025_PACCHETTO_COMPLETO\Links\737621.tif,
424641.tif,170,5.4 MB (5702516 bytes),1417 x 1002,21.40%,,C:\Users\Luca1\Downloads\CATALISTINO_2025_PACCHETTO_COMPLETO\Links\424641.tif,
428163.tif,170,40.1 MB (42009772 bytes),3957 x 2652,8.10%,,C:\Users\Luca1\Downloads\CATALISTINO_2025_PACCHETTO_COMPLETO\Links\428163.tif,
401066.tif,170,5.1 MB (5346248 bytes),1417 x 939,22.50%,,C:\Users\Luca1\Downloads\CATALISTINO_2025_PACCHETTO_COMPLETO\Links\401066.tif,
428175.tif,170,4.4 MB (4635596 bytes),1417 x 812,22.50%,,C:\Users\Luca1\Downloads\CATALISTINO_2025_PACCHETTO_COMPLETO\Links\428175.tif,
713002.tif,170,35.9 MB (37627648 bytes),3202 x 2934,7.30%,,C:\Users\Luca1\Downloads\CATALISTINO_2025_PACCHETTO_COMPLETO\Links\713002.tif,
390828.tif,170,4.2 MB (4388016 bytes),1337 x 816,23.90%,,C:\Users\Luca1\Downloads\CATALISTINO_2025_PACCHETTO_COMPLETO\Links\390828.tif,
428806.tif,170,12.8 MB (13418196 bytes),2014 x 1594,13.40%,,C:\Users\Luca1\Downloads\CATALISTINO_2025_PACCHETTO_COMPLETO\Links\428806.tif,
2022715.tif,170,1.4 MB (1506896 bytes),738 x 502,42.80%,,C:\Users\Luca1\Downloads\CATALISTINO_2025_PACCHETTO_COMPLETO\Links\2022715.tif,
490117.tif,171,8.3 MB (8704612 bytes),1938 x 1048,16.50%,,C:\Users\Luca1\Downloads\CATALISTINO_2025_PACCHETTO_COMPLETO\Links\490117.tif,
428137.tif,171,5.5 MB (5737128 bytes),1417 x 1008,21.20%,,C:\Users\Luca1\Downloads\CATALISTINO_2025_PACCHETTO_COMPLETO\Links\428137.tif,
390992.tif,171,14.5 MB (15194588 bytes),1914 x 1905,11.50%,,C:\Users\Luca1\Downloads\CATALISTINO_2025_PACCHETTO_COMPLETO\Links\390992.tif,
390993.tif,171,33.7 MB (35317464 bytes),3445 x 2520,8.50%,,C:\Users\Luca1\Downloads\CATALISTINO_2025_PACCHETTO_COMPLETO\Links\390993.tif,
390992.tif,171,14.5 MB (15194588 bytes),1914 x 1905,11.20%,,C:\Users\Luca1\Downloads\CATALISTINO_2025_PACCHETTO_COMPLETO\Links\390992.tif,
428342.tif,171,1.6 MB (1671724 bytes),749 x 551,37.80%,,C:\Users\Luca1\Downloads\CATALISTINO_2025_PACCHETTO_COMPLETO\Links\428342.tif,5.0.3
390993.tif,171,33.7 MB (35317464 bytes),3445 x 2520,8.70%,,C:\Users\Luca1\Downloads\CATALISTINO_2025_PACCHETTO_COMPLETO\Links\390993.tif,
390184_light_connection_kit.tif,171,82.1 MB (86140244 bytes),5655 x 5075,4.20%,,C:\Users\Luca1\Downloads\CATALISTINO_2025_PACCHETTO_COMPLETO\Links\390184_light_connection_kit.tif,
428045.tif,171,1 MB (1058604 bytes),1461 x 648,21.70%,,C:\Users\Luca1\Downloads\CATALISTINO_2025_PACCHETTO_COMPLETO\Links\428045.tif,
428445.tif,171,929.4 KB (951660 bytes),952 x 555,33.50%,,C:\Users\Luca1\Downloads\CATALISTINO_2025_PACCHETTO_COMPLETO\Links\428445.tif,
428087.tif,171,364.8 KB (373560 bytes),658 x 132,48.50%,,C:\Users\Luca1\Downloads\CATALISTINO_2025_PACCHETTO_COMPLETO\Links\428087.tif,Ô ∞
residential_icon.ai,172,1.2 MB (1291739 bytes),,45.30%,,C:\Users\Luca1\Downloads\CATALISTINO_2025_PACCHETTO_COMPLETO\Links\residential_icon.ai,
logo_2easy_bw.ai,172,1.2 MB (1269718 bytes),,24.20%,,C:\Users\Luca1\Downloads\CATALISTINO_2025_PACCHETTO_COMPLETO\Links\logo_2easy_bw.ai,
1046328.tif,172,15.8 MB (16589780 bytes),1654 x 2503,29.20%,,C:\Users\Luca1\Downloads\CATALISTINO_2025_PACCHETTO_COMPLETO\Links\1046328.tif,
industrial_icon.ai,172,1.2 MB (1293638 bytes),,48%,,C:\Users\Luca1\Downloads\CATALISTINO_2025_PACCHETTO_COMPLETO\Links\industrial_icon.ai,
condominium_icon.ai,172,1.2 MB (1294519 bytes),,44.40%,,C:\Users\Luca1\Downloads\CATALISTINO_2025_PACCHETTO_COMPLETO\Links\condominium_icon.ai,
logo_CE_bw.ai,172,1.2 MB (1250281 bytes),,24.50%,,C:\Users\Luca1\Downloads\CATALISTINO_2025_PACCHETTO_COMPLETO\Links\logo_CE_bw.ai,
620_dx_sx.tif,173,1.5 MB (1572708 bytes),849 x 457,118.30%,,C:\Users\Luca1\Downloads\CATALISTINO_2025_PACCHETTO_COMPLETO\Links\620_dx_sx.tif,
428806.tif,174,12.8 MB (13418196 bytes),2014 x 1594,13.40%,,C:\Users\Luca1\Downloads\CATALISTINO_2025_PACCHETTO_COMPLETO\Links\428806.tif,
737621.tif,174,5.4 MB (5685796 bytes),1181 x 1196,17.90%,,C:\Users\Luca1\Downloads\CATALISTINO_2025_PACCHETTO_COMPLETO\Links\737621.tif,
490117.tif,174,8.3 MB (8704612 bytes),1938 x 1048,16.50%,,C:\Users\Luca1\Downloads\CATALISTINO_2025_PACCHETTO_COMPLETO\Links\490117.tif,
390992.tif,174,14.5 MB (15194588 bytes),1914 x 1905,12.50%,,C:\Users\Luca1\Downloads\CATALISTINO_2025_PACCHETTO_COMPLETO\Links\390992.tif,
390993.tif,174,33.7 MB (35317464 bytes),3445 x 2520,8.50%,,C:\Users\Luca1\Downloads\CATALISTINO_2025_PACCHETTO_COMPLETO\Links\390993.tif,
424641.tif,174,5.4 MB (5702516 bytes),1417 x 1002,21.40%,,C:\Users\Luca1\Downloads\CATALISTINO_2025_PACCHETTO_COMPLETO\Links\424641.tif,
713002.tif,174,35.9 MB (37627648 bytes),3202 x 2934,7.30%,,C:\Users\Luca1\Downloads\CATALISTINO_2025_PACCHETTO_COMPLETO\Links\713002.tif,
401051.tif,174,4.9 MB (5102108 bytes),1417 x 896,22.50%,,C:\Users\Luca1\Downloads\CATALISTINO_2025_PACCHETTO_COMPLETO\Links\401051.tif,
428445.tif,174,929.4 KB (951660 bytes),952 x 555,33.50%,,C:\Users\Luca1\Downloads\CATALISTINO_2025_PACCHETTO_COMPLETO\Links\428445.tif,
401066.tif,174,5.1 MB (5346248 bytes),1417 x 939,22.50%,,C:\Users\Luca1\Downloads\CATALISTINO_2025_PACCHETTO_COMPLETO\Links\401066.tif,
2022715.tif,174,1.4 MB (1506896 bytes),738 x 502,42.80%,,C:\Users\Luca1\Downloads\CATALISTINO_2025_PACCHETTO_COMPLETO\Links\2022715.tif,
490058.tif,174,5.4 MB (5611148 bytes),1417 x 986,21.70%,,C:\Users\Luca1\Downloads\CATALISTINO_2025_PACCHETTO_COMPLETO\Links\490058.tif,
428045.tif,174,1 MB (1058604 bytes),1461 x 648,21.80%,,C:\Users\Luca1\Downloads\CATALISTINO_2025_PACCHETTO_COMPLETO\Links\428045.tif,
390184_light_connection_kit.tif,175,82.1 MB (86140244 bytes),5655 x 5075,4.20%,,C:\Users\Luca1\Downloads\CATALISTINO_2025_PACCHETTO_COMPLETO\Links\390184_light_connection_kit.tif,
390992.tif,175,14.5 MB (15194588 bytes),1914 x 1905,11.20%,,C:\Users\Luca1\Downloads\CATALISTINO_2025_PACCHETTO_COMPLETO\Links\390992.tif,
428137.tif,175,5.5 MB (5737128 bytes),1417 x 1008,21.70%,,C:\Users\Luca1\Downloads\CATALISTINO_2025_PACCHETTO_COMPLETO\Links\428137.tif,
428087.tif,175,364.8 KB (373560 bytes),658 x 132,48.50%,,C:\Users\Luca1\Downloads\CATALISTINO_2025_PACCHETTO_COMPLETO\Links\428087.tif,Ô ∞
390993.tif,175,33.7 MB (35317464 bytes),3445 x 2520,8.50%,,C:\Users\Luca1\Downloads\CATALISTINO_2025_PACCHETTO_COMPLETO\Links\390993.tif,
390828.tif,175,4.2 MB (4388016 bytes),1337 x 816,23.90%,,C:\Users\Luca1\Downloads\CATALISTINO_2025_PACCHETTO_COMPLETO\Links\390828.tif,
428163.tif,175,40.1 MB (42009772 bytes),3957 x 2652,8.10%,,C:\Users\Luca1\Downloads\CATALISTINO_2025_PACCHETTO_COMPLETO\Links\428163.tif,
428342.tif,175,1.6 MB (1671724 bytes),749 x 551,38.70%,,C:\Users\Luca1\Downloads\CATALISTINO_2025_PACCHETTO_COMPLETO\Links\428342.tif,5.0.3
428175.tif,175,4.4 MB (4635596 bytes),1417 x 812,22.50%,,C:\Users\Luca1\Downloads\CATALISTINO_2025_PACCHETTO_COMPLETO\Links\428175.tif,
B680H.tif,176,1.8 MB (1925776 bytes),1148 x 1148,6.10%,,C:\Users\Luca1\Downloads\CATALISTINO_2025_PACCHETTO_COMPLETO\Links\B680H.tif,
logo_CE_bw.ai,176,1.2 MB (1250281 bytes),,24.50%,,C:\Users\Luca1\Downloads\CATALISTINO_2025_PACCHETTO_COMPLETO\Links\logo_CE_bw.ai,
residential_icon.ai,176,1.2 MB (1291739 bytes),,45.30%,,C:\Users\Luca1\Downloads\CATALISTINO_2025_PACCHETTO_COMPLETO\Links\residential_icon.ai,
logo_greentech_cmyk.ai,176,1.2 MB (1266293 bytes),,24.30%,,C:\Users\Luca1\Downloads\CATALISTINO_2025_PACCHETTO_COMPLETO\Links\logo_greentech_cmyk.ai,
Simply-Connect-ICON_NERO.eps,176,1.3 MB (1359970 bytes),,131.20%,,C:\Users\Luca1\Downloads\CATALISTINO_2025_PACCHETTO_COMPLETO\Links\Simply-Connect-ICON_NERO.eps,
104680.tif,176,44.9 MB (47045840 bytes),2980 x 3943,18.50%,,C:\Users\Luca1\Downloads\CATALISTINO_2025_PACCHETTO_COMPLETO\Links\104680.tif,
condominium_icon.ai,176,1.2 MB (1294519 bytes),,44.40%,,C:\Users\Luca1\Downloads\CATALISTINO_2025_PACCHETTO_COMPLETO\Links\condominium_icon.ai,
industrial_icon.ai,176,1.2 MB (1293638 bytes),,48%,,C:\Users\Luca1\Downloads\CATALISTINO_2025_PACCHETTO_COMPLETO\Links\industrial_icon.ai,
logo_Hybrid_bw.ai,176,1.2 MB (1271180 bytes),,24.40%,,C:\Users\Luca1\Downloads\CATALISTINO_2025_PACCHETTO_COMPLETO\Links\logo_Hybrid_bw.ai,
logo_2easy_bw.ai,176,1.2 MB (1269718 bytes),,24.20%,,C:\Users\Luca1\Downloads\CATALISTINO_2025_PACCHETTO_COMPLETO\Links\logo_2easy_bw.ai,
logo_safezone_cmyk.ai,176,1.2 MB (1257737 bytes),,24.30%,,C:\Users\Luca1\Downloads\CATALISTINO_2025_PACCHETTO_COMPLETO\Links\logo_safezone_cmyk.ai,
Logo_DC.ai,176,1.2 MB (1291917 bytes),,5.50%,,C:\Users\Luca1\Downloads\CATALISTINO_2025_PACCHETTO_COMPLETO\Links\Logo_DC.ai,
63000169.tif,177,24.1 MB (25293388 bytes),3587 x 1714,8.90%,,C:\Users\Luca1\Downloads\CATALISTINO_2025_PACCHETTO_COMPLETO\Links\63000169.tif,
416019.jpg,177,779.6 KB (798292 bytes),800 x 600,35.70%,,C:\Users\Luca1\Downloads\CATALISTINO_2025_PACCHETTO_COMPLETO\Links\416019.jpg,
428175.tif,177,4.4 MB (4635596 bytes),1417 x 812,22.50%,,C:\Users\Luca1\Downloads\CATALISTINO_2025_PACCHETTO_COMPLETO\Links\428175.tif,
390828.tif,177,4.2 MB (4388016 bytes),1337 x 816,23.90%,,C:\Users\Luca1\Downloads\CATALISTINO_2025_PACCHETTO_COMPLETO\Links\390828.tif,
63000128.tif,177,21.1 MB (22145668 bytes),2748 x 1960,10.90%,,C:\Users\Luca1\Downloads\CATALISTINO_2025_PACCHETTO_COMPLETO\Links\63000128.tif,
416016.tif,177,5.4 MB (5618252 bytes),4000 x 3000,7.10%,,C:\Users\Luca1\Downloads\CATALISTINO_2025_PACCHETTO_COMPLETO\Links\416016.tif,
416020.jpg,177,776.7 KB (795322 bytes),800 x 600,35.70%,,C:\Users\Luca1\Downloads\CATALISTINO_2025_PACCHETTO_COMPLETO\Links\416020.jpg,
428163.tif,177,40.1 MB (42009772 bytes),3957 x 2652,8.10%,,C:\Users\Luca1\Downloads\CATALISTINO_2025_PACCHETTO_COMPLETO\Links\428163.tif,
416018.jpg,177,753.8 KB (771872 bytes),800 x 600,35.70%,,C:\Users\Luca1\Downloads\CATALISTINO_2025_PACCHETTO_COMPLETO\Links\416018.jpg,
416017.jpg,177,803.3 KB (822598 bytes),800 x 600,35.70%,,C:\Users\Luca1\Downloads\CATALISTINO_2025_PACCHETTO_COMPLETO\Links\416017.jpg,
428045.tif,178,1 MB (1058604 bytes),1461 x 648,32%,,C:\Users\Luca1\Downloads\CATALISTINO_2025_PACCHETTO_COMPLETO\Links\428045.tif,
428615.tif,178,2 MB (2077340 bytes),1196 x 556,27.50%,,C:\Users\Luca1\Downloads\CATALISTINO_2025_PACCHETTO_COMPLETO\Links\428615.tif,
428045.tif,178,1 MB (1058604 bytes),1461 x 648,23.50%,,C:\Users\Luca1\Downloads\CATALISTINO_2025_PACCHETTO_COMPLETO\Links\428045.tif,
Aste_S_modulari.ai,178,1 MB (1065690 bytes),,49.20%,,C:\Users\Luca1\Downloads\CATALISTINO_2025_PACCHETTO_COMPLETO\Links\Aste_S_modulari.ai,
428615.tif,178,2 MB (2077340 bytes),1196 x 556,27.50%,,C:\Users\Luca1\Downloads\CATALISTINO_2025_PACCHETTO_COMPLETO\Links\428615.tif,
428045.tif,178,1 MB (1058604 bytes),1461 x 648,23.50%,,C:\Users\Luca1\Downloads\CATALISTINO_2025_PACCHETTO_COMPLETO\Links\428045.tif,
428045.tif,178,1 MB (1058604 bytes),1461 x 648,32%,,C:\Users\Luca1\Downloads\CATALISTINO_2025_PACCHETTO_COMPLETO\Links\428045.tif,
428436.tif,178,47.3 MB (49573764 bytes),4378 x 2797,7.30%,,C:\Users\Luca1\Downloads\CATALISTINO_2025_PACCHETTO_COMPLETO\Links\428436.tif,
Aste_S.ai,178,1 MB (1065990 bytes),,49.20%,,C:\Users\Luca1\Downloads\CATALISTINO_2025_PACCHETTO_COMPLETO\Links\Aste_S.ai,
Aste_S_modulari.ai,178,1 MB (1065690 bytes),,49.20%,,C:\Users\Luca1\Downloads\CATALISTINO_2025_PACCHETTO_COMPLETO\Links\Aste_S_modulari.ai,
Aste_S.ai,178,1 MB (1065990 bytes),,49.20%,,C:\Users\Luca1\Downloads\CATALISTINO_2025_PACCHETTO_COMPLETO\Links\Aste_S.ai,
428437.tif,178,47.3 MB (49575272 bytes),4378 x 2797,7.30%,,C:\Users\Luca1\Downloads\CATALISTINO_2025_PACCHETTO_COMPLETO\Links\428437.tif,
401069.tif,179,1.9 MB (1944060 bytes),2480 x 1306,13.30%,,C:\Users\Luca1\Downloads\CATALISTINO_2025_PACCHETTO_COMPLETO\Links\401069.tif,
737621.tif,179,5.4 MB (5685796 bytes),1181 x 1196,17.90%,,C:\Users\Luca1\Downloads\CATALISTINO_2025_PACCHETTO_COMPLETO\Links\737621.tif,
428806.tif,179,12.8 MB (13418196 bytes),2014 x 1594,13.40%,,C:\Users\Luca1\Downloads\CATALISTINO_2025_PACCHETTO_COMPLETO\Links\428806.tif,
490117.tif,179,8.3 MB (8704612 bytes),1938 x 1048,17%,,C:\Users\Luca1\Downloads\CATALISTINO_2025_PACCHETTO_COMPLETO\Links\490117.tif,
713002.tif,179,35.9 MB (37627648 bytes),3202 x 2934,7.30%,,C:\Users\Luca1\Downloads\CATALISTINO_2025_PACCHETTO_COMPLETO\Links\713002.tif,
490139.tif,179,38.7 MB (40537476 bytes),4072 x 2452,8.10%,,C:\Users\Luca1\Downloads\CATALISTINO_2025_PACCHETTO_COMPLETO\Links\490139.tif,
410022.tif,179,28.3 MB (29692616 bytes),3812 x 1908,8.60%,,C:\Users\Luca1\Downloads\CATALISTINO_2025_PACCHETTO_COMPLETO\Links\410022.tif,
390080.tif,179,25.8 MB (27027812 bytes),2061 x 3206,6.70%,,C:\Users\Luca1\Downloads\CATALISTINO_2025_PACCHETTO_COMPLETO\Links\390080.tif,
71209101.tif,179,8 MB (8421796 bytes),1772 x 1185,18.10%,,C:\Users\Luca1\Downloads\CATALISTINO_2025_PACCHETTO_COMPLETO\Links\71209101.tif,
428444.tif,179,7.6 MB (7927332 bytes),2592 x 1944,11%,,C:\Users\Luca1\Downloads\CATALISTINO_2025_PACCHETTO_COMPLETO\Links\428444.tif,
390923.tif,179,18 MB (18836632 bytes),1914 x 2384,6%,,C:\Users\Luca1\Downloads\CATALISTINO_2025_PACCHETTO_COMPLETO\Links\390923.tif,
390992.tif,179,14.5 MB (15194588 bytes),1914 x 1905,11.20%,,C:\Users\Luca1\Downloads\CATALISTINO_2025_PACCHETTO_COMPLETO\Links\390992.tif,
390993.tif,179,33.7 MB (35317464 bytes),3445 x 2520,8.50%,,C:\Users\Luca1\Downloads\CATALISTINO_2025_PACCHETTO_COMPLETO\Links\390993.tif,
428441.tif,179,31.7 MB (33256108 bytes),2883 x 2832,7.60%,,C:\Users\Luca1\Downloads\CATALISTINO_2025_PACCHETTO_COMPLETO\Links\428441.tif,
401051.tif,179,4.9 MB (5102108 bytes),1417 x 896,23.30%,,C:\Users\Luca1\Downloads\CATALISTINO_2025_PACCHETTO_COMPLETO\Links\401051.tif,
428805.tif,179,12.8 MB (13417816 bytes),2014 x 1594,13.40%,,C:\Users\Luca1\Downloads\CATALISTINO_2025_PACCHETTO_COMPLETO\Links\428805.tif,
428441.tif,179,31.7 MB (33256108 bytes),2883 x 2832,7.60%,,C:\Users\Luca1\Downloads\CATALISTINO_2025_PACCHETTO_COMPLETO\Links\428441.tif,
reddot_design_award.tif,180,3.7 MB (3899164 bytes),1181 x 807,20.10%,,C:\Users\Luca1\Downloads\CATALISTINO_2025_PACCHETTO_COMPLETO\Links\reddot_design_award.tif,
ACCESS_XL_XXL.tif,180,2.9 MB (3070740 bytes),4561 x 2307,31.60%,,C:\Users\Luca1\Downloads\CATALISTINO_2025_PACCHETTO_COMPLETO\Links\ACCESS_XL_XXL.tif,
bar_grey_80_1pt.eps,180,453.8 KB (464714 bytes),,193.20%,,C:\Users\Luca1\Downloads\CATALISTINO_2025_PACCHETTO_COMPLETO\Links\bar_grey_80_1pt.eps,
german_design_award.tif,180,885.8 KB (907024 bytes),720 x 1181,19.90%,,C:\Users\Luca1\Downloads\CATALISTINO_2025_PACCHETTO_COMPLETO\Links\german_design_award.tif,
AC_Magnetic_Logo_2017.ai,180,54.7 KB (55976 bytes),,27.30%,,C:\Users\Luca1\Downloads\CATALISTINO_2025_PACCHETTO_COMPLETO\Links\AC_Magnetic_Logo_2017.ai,
logo_CE_bw.ai,180,1.2 MB (1250281 bytes),,24.50%,,C:\Users\Luca1\Downloads\CATALISTINO_2025_PACCHETTO_COMPLETO\Links\logo_CE_bw.ai,
QR_ACCESS_IT.tiff,180,269.8 KB (276226 bytes),2325 x 2325,10.10%,,C:\Users\Luca1\Downloads\CATALISTINO_2025_PACCHETTO_COMPLETO\Links\QR_ACCESS_IT.tiff,
bar_grey_80_1pt.eps,180,453.8 KB (464714 bytes),,193.20%,,C:\Users\Luca1\Downloads\CATALISTINO_2025_PACCHETTO_COMPLETO\Links\bar_grey_80_1pt.eps,
ACCESS_XL2_XXL_DRAWING.ai,181,3.6 MB (3761538 bytes),,114.70%,,C:\Users\Luca1\Downloads\CATALISTINO_2025_PACCHETTO_COMPLETO\Links\ACCESS_XL2_XXL_DRAWING.ai,
XL2.eps,182,1.5 MB (1540398 bytes),,141.80%,,C:\Users\Luca1\Downloads\CATALISTINO_2025_PACCHETTO_COMPLETO\Links\XL2.eps,
XXL.eps,183,624.4 KB (639422 bytes),,151.70%,,C:\Users\Luca1\Downloads\CATALISTINO_2025_PACCHETTO_COMPLETO\Links\XXL.eps,
XXL_CONSIEPE.eps,183,915.6 KB (937574 bytes),,146.70%,,C:\Users\Luca1\Downloads\CATALISTINO_2025_PACCHETTO_COMPLETO\Links\XXL_CONSIEPE.eps,
german_design_award.tif,184,885.8 KB (907024 bytes),720 x 1181,24.90%,,C:\Users\Luca1\Downloads\CATALISTINO_2025_PACCHETTO_COMPLETO\Links\german_design_award.tif,
reddot_design_award.tif,184,3.7 MB (3899164 bytes),1181 x 807,29.30%,,C:\Users\Luca1\Downloads\CATALISTINO_2025_PACCHETTO_COMPLETO\Links\reddot_design_award.tif,
Toll.tif,184,8.5 MB (8951120 bytes),2362 x 886,45%,,C:\Users\Luca1\Downloads\CATALISTINO_2025_PACCHETTO_COMPLETO\Links\Toll.tif,
logo_CE_bw.ai,184,1.2 MB (1250281 bytes),,27.70%,,C:\Users\Luca1\Downloads\CATALISTINO_2025_PACCHETTO_COMPLETO\Links\logo_CE_bw.ai,
AC_Magnetic_Logo_2017.ai,184,54.7 KB (55976 bytes),,29.80%,,C:\Users\Luca1\Downloads\CATALISTINO_2025_PACCHETTO_COMPLETO\Links\AC_Magnetic_Logo_2017.ai,
Toll_1.tif,185,6.2 MB (6468136 bytes),1334 x 1085,75.30%,,C:\Users\Luca1\Downloads\CATALISTINO_2025_PACCHETTO_COMPLETO\Links\Toll_1.tif,
logo_FAAC_white.png,186,7880 bytes (7880 bytes),928 x 237,19.10%,,C:\Users\Luca1\Downloads\CATALISTINO_2025_PACCHETTO_COMPLETO\Links\logo_FAAC_white.png,
GDS_5953.tif,186,19.6 MB (20499832 bytes),2848 x 4288,90%,,C:\Users\Luca1\Downloads\CATALISTINO_2025_PACCHETTO_COMPLETO\Links\GDS_5953.tif,
720119.tif,187,15.3 MB (16069028 bytes),1758 x 2280,23.30%,,C:\Users\Luca1\Downloads\CATALISTINO_2025_PACCHETTO_COMPLETO\Links\720119.tif,
712805.tif,187,3.5 MB (3707800 bytes),1181 x 780,27%,,C:\Users\Luca1\Downloads\CATALISTINO_2025_PACCHETTO_COMPLETO\Links\712805.tif,
720118.tif,187,1004.3 KB (1028412 bytes),463 x 537,49.20%,,C:\Users\Luca1\Downloads\CATALISTINO_2025_PACCHETTO_COMPLETO\Links\720118.tif,
720309.tif,187,31.2 MB (32707624 bytes),2398 x 3348,15.80%,,C:\Users\Luca1\Downloads\CATALISTINO_2025_PACCHETTO_COMPLETO\Links\720309.tif,
Logo_DC_1_1.ai,188,1.2 MB (1291917 bytes),,5.50%,,C:\Users\Luca1\Downloads\CATALISTINO_2025_PACCHETTO_COMPLETO\Links\Logo_DC_1_1.ai,
Logo_DC_1_1.ai,188,1.2 MB (1291917 bytes),,5.50%,,C:\Users\Luca1\Downloads\CATALISTINO_2025_PACCHETTO_COMPLETO\Links\Logo_DC_1_1.ai,
E034_INTERVISTA_BALDINI.tiff,188,84.5 KB (86520 bytes),1147 x 1147,19.50%,,C:\Users\Luca1\Downloads\CATALISTINO_2025_PACCHETTO_COMPLETO\Links\E034_INTERVISTA_BALDINI.tiff,
Logo_DC_1_1.ai,189,1.2 MB (1291917 bytes),,5.50%,,C:\Users\Luca1\Downloads\CATALISTINO_2025_PACCHETTO_COMPLETO\Links\Logo_DC_1_1.ai,
Logo_DC_1_1.ai,189,1.2 MB (1291917 bytes),,5.50%,,C:\Users\Luca1\Downloads\CATALISTINO_2025_PACCHETTO_COMPLETO\Links\Logo_DC_1_1.ai,
Logo_DC_1_1.ai,189,1.2 MB (1291917 bytes),,5.50%,,C:\Users\Luca1\Downloads\CATALISTINO_2025_PACCHETTO_COMPLETO\Links\Logo_DC_1_1.ai,
740D_IT.tif,190,1.8 MB (1899380 bytes),1148 x 1148,4.70%,,C:\Users\Luca1\Downloads\CATALISTINO_2025_PACCHETTO_COMPLETO\Links\740D_IT.tif,
E721_IT.tif,191,1.8 MB (1916608 bytes),1148 x 1148,4.70%,,C:\Users\Luca1\Downloads\CATALISTINO_2025_PACCHETTO_COMPLETO\Links\E721_IT.tif,
Logo_DC_1_1.ai,191,1.2 MB (1291917 bytes),,5.50%,,C:\Users\Luca1\Downloads\CATALISTINO_2025_PACCHETTO_COMPLETO\Links\Logo_DC_1_1.ai,
Logo_DC_1_1.ai,191,1.2 MB (1291917 bytes),,5.50%,,C:\Users\Luca1\Downloads\CATALISTINO_2025_PACCHETTO_COMPLETO\Links\Logo_DC_1_1.ai,
Logo_DC_1_1.ai,192,1.2 MB (1291917 bytes),,5.50%,,C:\Users\Luca1\Downloads\CATALISTINO_2025_PACCHETTO_COMPLETO\Links\Logo_DC_1_1.ai,
Logo_DC_1_1.ai,193,1.2 MB (1291917 bytes),,5.50%,,C:\Users\Luca1\Downloads\CATALISTINO_2025_PACCHETTO_COMPLETO\Links\Logo_DC_1_1.ai,
Faac_NoventaPadovana_CMYK_29.tif,194,89.6 MB (93916500 bytes),3942 x 5913,30.30%,,C:\Users\Luca1\Downloads\CATALISTINO_2025_PACCHETTO_COMPLETO\Links\Faac_NoventaPadovana_CMYK_29.tif,
Faac_NoventaPadovana_CMYK_34.tif,194,115.3 MB (120885776 bytes),4472 x 6720,51.50%,,C:\Users\Luca1\Downloads\CATALISTINO_2025_PACCHETTO_COMPLETO\Links\Faac_NoventaPadovana_CMYK_34.tif,
Faac_NoventaPadovana_CMYK_31.tif,194,115.5 MB (121085988 bytes),4480 x 6719,26.70%,,C:\Users\Luca1\Downloads\CATALISTINO_2025_PACCHETTO_COMPLETO\Links\Faac_NoventaPadovana_CMYK_31.tif,
logo_FAAC_Black_1.png,194,4814 bytes (4814 bytes),928 x 237,19.10%,,C:\Users\Luca1\Downloads\CATALISTINO_2025_PACCHETTO_COMPLETO\Links\logo_FAAC_Black_1.png,
Logo_DC.ai,196,1.2 MB (1291917 bytes),,5.50%,,C:\Users\Luca1\Downloads\CATALISTINO_2025_PACCHETTO_COMPLETO\Links\Logo_DC.ai,
Logo_DC.ai,196,1.2 MB (1291917 bytes),,5.50%,,C:\Users\Luca1\Downloads\CATALISTINO_2025_PACCHETTO_COMPLETO\Links\Logo_DC.ai,
XMB_787348.tif,196,8.8 MB (9197692 bytes),1920 x 1080,6.60%,,C:\Users\Luca1\Downloads\CATALISTINO_2025_PACCHETTO_COMPLETO\Links\XMB_787348.tif,
XWBL_787347.tif,196,8.4 MB (8758024 bytes),1836 x 1581,28.80%,,C:\Users\Luca1\Downloads\CATALISTINO_2025_PACCHETTO_COMPLETO\Links\XWBL_787347.tif,
Logo_DC.ai,196,1.2 MB (1291917 bytes),,5.50%,,C:\Users\Luca1\Downloads\CATALISTINO_2025_PACCHETTO_COMPLETO\Links\Logo_DC.ai,
Logo_DC.ai,196,1.2 MB (1291917 bytes),,5.50%,,C:\Users\Luca1\Downloads\CATALISTINO_2025_PACCHETTO_COMPLETO\Links\Logo_DC.ai,
logo_CE_bw.ai,196,1.2 MB (1250281 bytes),,19.50%,,C:\Users\Luca1\Downloads\CATALISTINO_2025_PACCHETTO_COMPLETO\Links\logo_CE_bw.ai,
logo_CE_bw.ai,196,1.2 MB (1250281 bytes),,19.50%,,C:\Users\Luca1\Downloads\CATALISTINO_2025_PACCHETTO_COMPLETO\Links\logo_CE_bw.ai,
XRS485.tif,197,7.4 MB (7806016 bytes),1740 x 1486,30.40%,,C:\Users\Luca1\Downloads\CATALISTINO_2025_PACCHETTO_COMPLETO\Links\XRS485.tif,
Simply_Connect.eps,197,1.9 MB (2043250 bytes),,17%,,C:\Users\Luca1\Downloads\CATALISTINO_2025_PACCHETTO_COMPLETO\Links\Simply_Connect.eps,
logo_CE_bw.ai,197,1.2 MB (1250281 bytes),,19.50%,,C:\Users\Luca1\Downloads\CATALISTINO_2025_PACCHETTO_COMPLETO\Links\logo_CE_bw.ai,
logo_CE_bw.ai,197,1.2 MB (1250281 bytes),,19.50%,,C:\Users\Luca1\Downloads\CATALISTINO_2025_PACCHETTO_COMPLETO\Links\logo_CE_bw.ai,
XMULTICOM.tif,197,36.8 MB (38598740 bytes),3201 x 4015,14.70%,,C:\Users\Luca1\Downloads\CATALISTINO_2025_PACCHETTO_COMPLETO\Links\XMULTICOM.tif,
2.jpg,198,2.4 MB (2510373 bytes),9120 x 9120,8.90%,,C:\Users\Luca1\Downloads\CATALISTINO_2025_PACCHETTO_COMPLETO\Links\2.jpg,
XMB_787348_1.tif,198,8.8 MB (9197692 bytes),1920 x 1080,5%,,C:\Users\Luca1\Downloads\CATALISTINO_2025_PACCHETTO_COMPLETO\Links\XMB_787348_1.tif,
XMB_787348_1.tif,199,8.8 MB (9197692 bytes),1920 x 1080,7.80%,,C:\Users\Luca1\Downloads\CATALISTINO_2025_PACCHETTO_COMPLETO\Links\XMB_787348_1.tif,
XMULTICOM_1.tif,199,36.8 MB (38598740 bytes),3201 x 4015,18.10%,,C:\Users\Luca1\Downloads\CATALISTINO_2025_PACCHETTO_COMPLETO\Links\XMULTICOM_1.tif,
QR_SIMPLY_CONNECT.tiff,199,101.9 KB (104395 bytes),1147 x 1147,23.10%,,C:\Users\Luca1\Downloads\CATALISTINO_2025_PACCHETTO_COMPLETO\Links\QR_SIMPLY_CONNECT.tiff,
787018.tif,200,19.3 MB (20186124 bytes),2106 x 3189,24.40%,,C:\Users\Luca1\Downloads\CATALISTINO_2025_PACCHETTO_COMPLETO\Links\787018.tif,
FAAC_Patent.psd,200,1.2 MB (1295106 bytes),505 x 287,25.70%,,C:\Users\Luca1\Downloads\CATALISTINO_2025_PACCHETTO_COMPLETO\Links\FAAC_Patent.psd,
QR_FDS_ITA.tiff,200,86.5 KB (88530 bytes),1147 x 1147,25%,,C:\Users\Luca1\Downloads\CATALISTINO_2025_PACCHETTO_COMPLETO\Links\QR_FDS_ITA.tiff,
logo_CE_bw.ai,200,1.2 MB (1250281 bytes),,24.50%,,C:\Users\Luca1\Downloads\CATALISTINO_2025_PACCHETTO_COMPLETO\Links\logo_CE_bw.ai,
Simply-Connect-ICON_NERO.eps,200,1.3 MB (1359970 bytes),,87.70%,,C:\Users\Luca1\Downloads\CATALISTINO_2025_PACCHETTO_COMPLETO\Links\Simply-Connect-ICON_NERO.eps,
787017.tif,200,19.3 MB (20186156 bytes),2106 x 3189,24.40%,,C:\Users\Luca1\Downloads\CATALISTINO_2025_PACCHETTO_COMPLETO\Links\787017.tif,
FDS_black.jpg,200,825.3 KB (845146 bytes),1001 x 682,4.10%,,C:\Users\Luca1\Downloads\CATALISTINO_2025_PACCHETTO_COMPLETO\Links\FDS_black.jpg,
120002.tif,201,16.7 MB (17554220 bytes),3189 x 1831,10%,,C:\Users\Luca1\Downloads\CATALISTINO_2025_PACCHETTO_COMPLETO\Links\120002.tif,
102003.tif,201,20.3 MB (21265316 bytes),2207 x 3204,6.30%,,C:\Users\Luca1\Downloads\CATALISTINO_2025_PACCHETTO_COMPLETO\Links\102003.tif,
FDS_black.jpg,201,825.3 KB (845146 bytes),1001 x 682,3.30%,,C:\Users\Luca1\Downloads\CATALISTINO_2025_PACCHETTO_COMPLETO\Links\FDS_black.jpg,
102845.tif,201,11 MB (11529288 bytes),2480 x 1104,12.90%,,C:\Users\Luca1\Downloads\CATALISTINO_2025_PACCHETTO_COMPLETO\Links\102845.tif,
787025.tif,201,14.2 MB (14910168 bytes),2542 x 1950,15.70%,,C:\Users\Luca1\Downloads\CATALISTINO_2025_PACCHETTO_COMPLETO\Links\787025.tif,
787021.tif,201,14.8 MB (15478200 bytes),2457 x 2094,14.60%,,C:\Users\Luca1\Downloads\CATALISTINO_2025_PACCHETTO_COMPLETO\Links\787021.tif,
787725.tif,201,13.8 MB (14486780 bytes),2480 x 1402,12.90%,,C:\Users\Luca1\Downloads\CATALISTINO_2025_PACCHETTO_COMPLETO\Links\787725.tif,
Simply-Connect-ICON_NERO.eps,201,1.3 MB (1359970 bytes),,78.20%,,C:\Users\Luca1\Downloads\CATALISTINO_2025_PACCHETTO_COMPLETO\Links\Simply-Connect-ICON_NERO.eps,
FDS_black.jpg,201,825.3 KB (845146 bytes),1001 x 682,3.30%,,C:\Users\Luca1\Downloads\CATALISTINO_2025_PACCHETTO_COMPLETO\Links\FDS_black.jpg,
logo_Omnidec_bw.ai,201,1.2 MB (1271294 bytes),,19.50%,,C:\Users\Luca1\Downloads\CATALISTINO_2025_PACCHETTO_COMPLETO\Links\logo_Omnidec_bw.ai,
412006.tif,201,13.8 MB (14433512 bytes),2480 x 1396,12.90%,,C:\Users\Luca1\Downloads\CATALISTINO_2025_PACCHETTO_COMPLETO\Links\412006.tif,
FDS_black.jpg,201,825.3 KB (845146 bytes),1001 x 682,3.30%,,C:\Users\Luca1\Downloads\CATALISTINO_2025_PACCHETTO_COMPLETO\Links\FDS_black.jpg,
787023.tif,201,19.3 MB (20199292 bytes),3189 x 2107,14.50%,,C:\Users\Luca1\Downloads\CATALISTINO_2025_PACCHETTO_COMPLETO\Links\787023.tif,
202275.tif,201,18 MB (18837348 bytes),2000 x 2314,3.8% x 2.1%,,C:\Users\Luca1\Downloads\CATALISTINO_2025_PACCHETTO_COMPLETO\Links\202275.tif,
Simply-Connect-ICON_NERO.eps,202,1.3 MB (1359970 bytes),,87.70%,,C:\Users\Luca1\Downloads\CATALISTINO_2025_PACCHETTO_COMPLETO\Links\Simply-Connect-ICON_NERO.eps,
FAAC_Patent.psd,202,1.2 MB (1295106 bytes),505 x 287,25.70%,,C:\Users\Luca1\Downloads\CATALISTINO_2025_PACCHETTO_COMPLETO\Links\FAAC_Patent.psd,
787019.tif,202,19.3 MB (20185988 bytes),2106 x 3189,24.40%,,C:\Users\Luca1\Downloads\CATALISTINO_2025_PACCHETTO_COMPLETO\Links\787019.tif,
QR_FDS_ITA.tiff,202,86.5 KB (88530 bytes),1147 x 1147,25%,,C:\Users\Luca1\Downloads\CATALISTINO_2025_PACCHETTO_COMPLETO\Links\QR_FDS_ITA.tiff,
787020.tif,202,19.3 MB (20186100 bytes),2106 x 3189,24.40%,,C:\Users\Luca1\Downloads\CATALISTINO_2025_PACCHETTO_COMPLETO\Links\787020.tif,
FDS_black.jpg,202,825.3 KB (845146 bytes),1001 x 682,4.10%,,C:\Users\Luca1\Downloads\CATALISTINO_2025_PACCHETTO_COMPLETO\Links\FDS_black.jpg,
logo_CE_bw.ai,202,1.2 MB (1250281 bytes),,24.50%,,C:\Users\Luca1\Downloads\CATALISTINO_2025_PACCHETTO_COMPLETO\Links\logo_CE_bw.ai,
Simply-Connect-ICON_NERO.eps,203,1.3 MB (1359970 bytes),,78.20%,,C:\Users\Luca1\Downloads\CATALISTINO_2025_PACCHETTO_COMPLETO\Links\Simply-Connect-ICON_NERO.eps,
FDS_black.jpg,203,825.3 KB (845146 bytes),1001 x 682,3.30%,,C:\Users\Luca1\Downloads\CATALISTINO_2025_PACCHETTO_COMPLETO\Links\FDS_black.jpg,
FDS_black.jpg,203,825.3 KB (845146 bytes),1001 x 682,3.30%,,C:\Users\Luca1\Downloads\CATALISTINO_2025_PACCHETTO_COMPLETO\Links\FDS_black.jpg,
logo_Omnidec_bw.ai,203,1.2 MB (1271294 bytes),,19.50%,,C:\Users\Luca1\Downloads\CATALISTINO_2025_PACCHETTO_COMPLETO\Links\logo_Omnidec_bw.ai,
787025.tif,203,14.2 MB (14910168 bytes),2542 x 1950,18.10%,,C:\Users\Luca1\Downloads\CATALISTINO_2025_PACCHETTO_COMPLETO\Links\787025.tif,
120002.tif,203,16.7 MB (17554220 bytes),3189 x 1831,10%,,C:\Users\Luca1\Downloads\CATALISTINO_2025_PACCHETTO_COMPLETO\Links\120002.tif,
102845.tif,203,11 MB (11529288 bytes),2480 x 1104,12.90%,,C:\Users\Luca1\Downloads\CATALISTINO_2025_PACCHETTO_COMPLETO\Links\102845.tif,
202275.tif,203,18 MB (18837348 bytes),2000 x 2314,2.10%,,C:\Users\Luca1\Downloads\CATALISTINO_2025_PACCHETTO_COMPLETO\Links\202275.tif,
FDS_black.jpg,203,825.3 KB (845146 bytes),1001 x 682,3.30%,,C:\Users\Luca1\Downloads\CATALISTINO_2025_PACCHETTO_COMPLETO\Links\FDS_black.jpg,
412006.tif,203,13.8 MB (14433512 bytes),2480 x 1396,12.90%,,C:\Users\Luca1\Downloads\CATALISTINO_2025_PACCHETTO_COMPLETO\Links\412006.tif,
787725.tif,203,13.8 MB (14486780 bytes),2480 x 1402,12.90%,,C:\Users\Luca1\Downloads\CATALISTINO_2025_PACCHETTO_COMPLETO\Links\787725.tif,
787021.tif,203,14.8 MB (15478200 bytes),2457 x 2094,16.30%,,C:\Users\Luca1\Downloads\CATALISTINO_2025_PACCHETTO_COMPLETO\Links\787021.tif,
102003.tif,203,20.3 MB (21265316 bytes),2207 x 3204,6.30%,,C:\Users\Luca1\Downloads\CATALISTINO_2025_PACCHETTO_COMPLETO\Links\102003.tif,
787023.tif,203,19.3 MB (20199292 bytes),3189 x 2107,16.20%,,C:\Users\Luca1\Downloads\CATALISTINO_2025_PACCHETTO_COMPLETO\Links\787023.tif,
787854_1.tif,204,4.1 MB (4308500 bytes),1133 x 945,37.30%,,C:\Users\Luca1\Downloads\CATALISTINO_2025_PACCHETTO_COMPLETO\Links\787854_1.tif,Camera:   DCS660C
logo_Omnidec_bw_1.ai,204,1.2 MB (1271294 bytes),,19.50%,,C:\Users\Luca1\Downloads\CATALISTINO_2025_PACCHETTO_COMPLETO\Links\logo_Omnidec_bw_1.ai,
787832_1.tif,204,12.9 MB (13565676 bytes),1890 x 1716,18.50%,,C:\Users\Luca1\Downloads\CATALISTINO_2025_PACCHETTO_COMPLETO\Links\787832_1.tif,
FAAC_Patent_1.psd,204,1.2 MB (1295106 bytes),505 x 287,25.70%,,C:\Users\Luca1\Downloads\CATALISTINO_2025_PACCHETTO_COMPLETO\Links\FAAC_Patent_1.psd,
787030.tif,204,31 MB (32479976 bytes),3507 x 2480,22.90%,,C:\Users\Luca1\Downloads\CATALISTINO_2025_PACCHETTO_COMPLETO\Links\787030.tif,
787033.tif,204,30.8 MB (32277296 bytes),3507 x 2480,22.90%,,C:\Users\Luca1\Downloads\CATALISTINO_2025_PACCHETTO_COMPLETO\Links\787033.tif,
Logo_DC_1.ai,205,1.2 MB (1291917 bytes),,5.50%,,C:\Users\Luca1\Downloads\CATALISTINO_2025_PACCHETTO_COMPLETO\Links\Logo_DC_1.ai,
787834_1.tif,205,15.7 MB (16473364 bytes),1688 x 2436,15.40%,,C:\Users\Luca1\Downloads\CATALISTINO_2025_PACCHETTO_COMPLETO\Links\787834_1.tif,Camera:   DCS660C
787754.tif,205,13.2 MB (13798088 bytes),2095 x 1575,13.80%,,C:\Users\Luca1\Downloads\CATALISTINO_2025_PACCHETTO_COMPLETO\Links\787754.tif,
logo_Omnidec_bw_1.ai,205,1.2 MB (1271294 bytes),,18.10%,,C:\Users\Luca1\Downloads\CATALISTINO_2025_PACCHETTO_COMPLETO\Links\logo_Omnidec_bw_1.ai,
412006_1.tif,205,13.8 MB (14433512 bytes),2480 x 1396,12.90%,,C:\Users\Luca1\Downloads\CATALISTINO_2025_PACCHETTO_COMPLETO\Links\412006_1.tif,
787725_1.tif,205,13.8 MB (14486780 bytes),2480 x 1402,12.90%,,C:\Users\Luca1\Downloads\CATALISTINO_2025_PACCHETTO_COMPLETO\Links\787725_1.tif,
102845_1.tif,205,11 MB (11529288 bytes),2480 x 1104,12.90%,,C:\Users\Luca1\Downloads\CATALISTINO_2025_PACCHETTO_COMPLETO\Links\102845_1.tif,
Logo_DC_1.ai,205,1.2 MB (1291917 bytes),,5.50%,,C:\Users\Luca1\Downloads\CATALISTINO_2025_PACCHETTO_COMPLETO\Links\Logo_DC_1.ai,
FAAC_Patent_1.psd,206,1.2 MB (1295106 bytes),505 x 287,25.70%,,C:\Users\Luca1\Downloads\CATALISTINO_2025_PACCHETTO_COMPLETO\Links\FAAC_Patent_1.psd,
787033.tif,206,30.8 MB (32277296 bytes),3507 x 2480,22.90%,,C:\Users\Luca1\Downloads\CATALISTINO_2025_PACCHETTO_COMPLETO\Links\787033.tif,
logo_Omnidec_bw_1.ai,206,1.2 MB (1271294 bytes),,19.50%,,C:\Users\Luca1\Downloads\CATALISTINO_2025_PACCHETTO_COMPLETO\Links\logo_Omnidec_bw_1.ai,
787030.tif,206,31 MB (32479976 bytes),3507 x 2480,22.90%,,C:\Users\Luca1\Downloads\CATALISTINO_2025_PACCHETTO_COMPLETO\Links\787030.tif,
787831_1.tif,206,1.6 MB (1713240 bytes),554 x 477,66.80%,,C:\Users\Luca1\Downloads\CATALISTINO_2025_PACCHETTO_COMPLETO\Links\787831_1.tif,
787852_1.tif,206,4.1 MB (4308500 bytes),1133 x 945,37.30%,,C:\Users\Luca1\Downloads\CATALISTINO_2025_PACCHETTO_COMPLETO\Links\787852_1.tif,Camera:   DCS660C
Logo_DC_1.ai,207,1.2 MB (1291917 bytes),,5.50%,,C:\Users\Luca1\Downloads\CATALISTINO_2025_PACCHETTO_COMPLETO\Links\Logo_DC_1.ai,
787834_1.tif,207,15.7 MB (16473364 bytes),1688 x 2436,15.40%,,C:\Users\Luca1\Downloads\CATALISTINO_2025_PACCHETTO_COMPLETO\Links\787834_1.tif,Camera:   DCS660C
787754.tif,207,13.2 MB (13798088 bytes),2095 x 1575,13.80%,,C:\Users\Luca1\Downloads\CATALISTINO_2025_PACCHETTO_COMPLETO\Links\787754.tif,
logo_Omnidec_bw_1.ai,207,1.2 MB (1271294 bytes),,18.10%,,C:\Users\Luca1\Downloads\CATALISTINO_2025_PACCHETTO_COMPLETO\Links\logo_Omnidec_bw_1.ai,
Logo_DC_1.ai,207,1.2 MB (1291917 bytes),,5.50%,,C:\Users\Luca1\Downloads\CATALISTINO_2025_PACCHETTO_COMPLETO\Links\Logo_DC_1.ai,
412006_1.tif,207,13.8 MB (14433512 bytes),2480 x 1396,12.90%,,C:\Users\Luca1\Downloads\CATALISTINO_2025_PACCHETTO_COMPLETO\Links\412006_1.tif,
102845_1.tif,207,11 MB (11529288 bytes),2480 x 1104,12.90%,,C:\Users\Luca1\Downloads\CATALISTINO_2025_PACCHETTO_COMPLETO\Links\102845_1.tif,
787725_1.tif,207,13.8 MB (14486780 bytes),2480 x 1402,12.90%,,C:\Users\Luca1\Downloads\CATALISTINO_2025_PACCHETTO_COMPLETO\Links\787725_1.tif,
FAAC_Patent.psd,208,1.2 MB (1295106 bytes),505 x 287,25.70%,,C:\Users\Luca1\Downloads\CATALISTINO_2025_PACCHETTO_COMPLETO\Links\FAAC_Patent.psd,
SYSTEM868.tif,208,84.5 MB (88573172 bytes),3543 x 3852,24.20%,,C:\Users\Luca1\Downloads\CATALISTINO_2025_PACCHETTO_COMPLETO\Links\SYSTEM868.tif,
787832.tif,208,12.9 MB (13565676 bytes),1890 x 1716,18.50%,,C:\Users\Luca1\Downloads\CATALISTINO_2025_PACCHETTO_COMPLETO\Links\787832.tif,
SLH_IT.tif,208,1.8 MB (1890212 bytes),1148 x 1148,4.90%,,C:\Users\Luca1\Downloads\CATALISTINO_2025_PACCHETTO_COMPLETO\Links\SLH_IT.tif,
logo_Omnidec_bw.ai,208,1.2 MB (1271294 bytes),,19.50%,,C:\Users\Luca1\Downloads\CATALISTINO_2025_PACCHETTO_COMPLETO\Links\logo_Omnidec_bw.ai,
logo_CE_bw.ai,208,1.2 MB (1250281 bytes),,24.50%,,C:\Users\Luca1\Downloads\CATALISTINO_2025_PACCHETTO_COMPLETO\Links\logo_CE_bw.ai,
787854.tif,208,4.1 MB (4308500 bytes),1133 x 945,37.30%,,C:\Users\Luca1\Downloads\CATALISTINO_2025_PACCHETTO_COMPLETO\Links\787854.tif,Camera:   DCS660C
412006.tif,209,13.8 MB (14433512 bytes),2480 x 1396,12.90%,,C:\Users\Luca1\Downloads\CATALISTINO_2025_PACCHETTO_COMPLETO\Links\412006.tif,
787023.tif,209,19.3 MB (20199292 bytes),3189 x 2107,15.40%,,C:\Users\Luca1\Downloads\CATALISTINO_2025_PACCHETTO_COMPLETO\Links\787023.tif,
390205.tif,209,1.6 MB (1697028 bytes),1431 x 2145,10.20%,,C:\Users\Luca1\Downloads\CATALISTINO_2025_PACCHETTO_COMPLETO\Links\390205.tif,
Logo_DC.ai,209,1.2 MB (1291917 bytes),,5.50%,,C:\Users\Luca1\Downloads\CATALISTINO_2025_PACCHETTO_COMPLETO\Links\Logo_DC.ai,
Logo_DC.ai,209,1.2 MB (1291917 bytes),,5.50%,,C:\Users\Luca1\Downloads\CATALISTINO_2025_PACCHETTO_COMPLETO\Links\Logo_DC.ai,
102845.tif,209,11 MB (11529288 bytes),2480 x 1104,12.90%,,C:\Users\Luca1\Downloads\CATALISTINO_2025_PACCHETTO_COMPLETO\Links\102845.tif,
787834.tif,209,15.7 MB (16473364 bytes),1688 x 2436,15.40%,,C:\Users\Luca1\Downloads\CATALISTINO_2025_PACCHETTO_COMPLETO\Links\787834.tif,Camera:   DCS660C
787725.tif,209,13.8 MB (14486780 bytes),2480 x 1402,12.90%,,C:\Users\Luca1\Downloads\CATALISTINO_2025_PACCHETTO_COMPLETO\Links\787725.tif,
logo_Omnidec_bw.ai,209,1.2 MB (1271294 bytes),,18.10%,,C:\Users\Luca1\Downloads\CATALISTINO_2025_PACCHETTO_COMPLETO\Links\logo_Omnidec_bw.ai,
SYSTEM433.tif,210,93.9 MB (98475676 bytes),3543 x 3852,24.50%,,C:\Users\Luca1\Downloads\CATALISTINO_2025_PACCHETTO_COMPLETO\Links\SYSTEM433.tif,
787831.tif,210,1.6 MB (1713240 bytes),554 x 477,66.80%,,C:\Users\Luca1\Downloads\CATALISTINO_2025_PACCHETTO_COMPLETO\Links\787831.tif,
logo_CE_bw.ai,210,1.2 MB (1250281 bytes),,24.50%,,C:\Users\Luca1\Downloads\CATALISTINO_2025_PACCHETTO_COMPLETO\Links\logo_CE_bw.ai,
logo_Omnidec_bw.ai,210,1.2 MB (1271294 bytes),,19.50%,,C:\Users\Luca1\Downloads\CATALISTINO_2025_PACCHETTO_COMPLETO\Links\logo_Omnidec_bw.ai,
787852.tif,210,4.1 MB (4308500 bytes),1133 x 945,37.30%,,C:\Users\Luca1\Downloads\CATALISTINO_2025_PACCHETTO_COMPLETO\Links\787852.tif,Camera:   DCS660C
FAAC_Patent.psd,210,1.2 MB (1295106 bytes),505 x 287,25.70%,,C:\Users\Luca1\Downloads\CATALISTINO_2025_PACCHETTO_COMPLETO\Links\FAAC_Patent.psd,
SLH_IT.tif,210,1.8 MB (1890212 bytes),1148 x 1148,4.90%,,C:\Users\Luca1\Downloads\CATALISTINO_2025_PACCHETTO_COMPLETO\Links\SLH_IT.tif,
102845.tif,211,11 MB (11529288 bytes),2480 x 1104,12.90%,,C:\Users\Luca1\Downloads\CATALISTINO_2025_PACCHETTO_COMPLETO\Links\102845.tif,
logo_Omnidec_bw.ai,211,1.2 MB (1271294 bytes),,18.10%,,C:\Users\Luca1\Downloads\CATALISTINO_2025_PACCHETTO_COMPLETO\Links\logo_Omnidec_bw.ai,
390205.tif,211,1.6 MB (1697028 bytes),1431 x 2145,10.20%,,C:\Users\Luca1\Downloads\CATALISTINO_2025_PACCHETTO_COMPLETO\Links\390205.tif,
787023.tif,211,19.3 MB (20199292 bytes),3189 x 2107,15.40%,,C:\Users\Luca1\Downloads\CATALISTINO_2025_PACCHETTO_COMPLETO\Links\787023.tif,
412006.tif,211,13.8 MB (14433512 bytes),2480 x 1396,12.90%,,C:\Users\Luca1\Downloads\CATALISTINO_2025_PACCHETTO_COMPLETO\Links\412006.tif,
787725.tif,211,13.8 MB (14486780 bytes),2480 x 1402,12.90%,,C:\Users\Luca1\Downloads\CATALISTINO_2025_PACCHETTO_COMPLETO\Links\787725.tif,
787833.tif,211,15.7 MB (16474392 bytes),1688 x 2436,15.40%,,C:\Users\Luca1\Downloads\CATALISTINO_2025_PACCHETTO_COMPLETO\Links\787833.tif,Camera:   DCS660C
logo_CE_bw.ai,212,1.2 MB (1250281 bytes),,24.50%,,C:\Users\Luca1\Downloads\CATALISTINO_2025_PACCHETTO_COMPLETO\Links\logo_CE_bw.ai,
SYSTEMSLHP.tif,212,95.6 MB (100253276 bytes),3543 x 3852,22.30%,,C:\Users\Luca1\Downloads\CATALISTINO_2025_PACCHETTO_COMPLETO\Links\SYSTEMSLHP.tif,
787834.tif,212,15.7 MB (16473364 bytes),1688 x 2436,13%,,C:\Users\Luca1\Downloads\CATALISTINO_2025_PACCHETTO_COMPLETO\Links\787834.tif,Camera:   DCS660C
Logo_DC.ai,212,1.2 MB (1291917 bytes),,5.50%,,C:\Users\Luca1\Downloads\CATALISTINO_2025_PACCHETTO_COMPLETO\Links\Logo_DC.ai,
Logo_DC.ai,212,1.2 MB (1291917 bytes),,5.50%,,C:\Users\Luca1\Downloads\CATALISTINO_2025_PACCHETTO_COMPLETO\Links\Logo_DC.ai,
FAAC_Patent.psd,212,1.2 MB (1295106 bytes),505 x 287,25.70%,,C:\Users\Luca1\Downloads\CATALISTINO_2025_PACCHETTO_COMPLETO\Links\FAAC_Patent.psd,
799349.tif,213,15.2 MB (15938908 bytes),2408 x 1594,13.20%,,C:\Users\Luca1\Downloads\CATALISTINO_2025_PACCHETTO_COMPLETO\Links\799349.tif,
404015.tif,213,3.7 MB (3855944 bytes),901 x 1063,27%,,C:\Users\Luca1\Downloads\CATALISTINO_2025_PACCHETTO_COMPLETO\Links\404015.tif,Camera:   DCS660C
785535.tif,213,4 MB (4187356 bytes),1063 x 978,32.40%,,C:\Users\Luca1\Downloads\CATALISTINO_2025_PACCHETTO_COMPLETO\Links\785535.tif,Camera:   DCS660C
103054.tif,213,4.4 MB (4656952 bytes),945 x 1049,27.40%,,C:\Users\Luca1\Downloads\CATALISTINO_2025_PACCHETTO_COMPLETO\Links\103054.tif,
Logo_DC.ai,213,1.2 MB (1291917 bytes),,5.50%,,C:\Users\Luca1\Downloads\CATALISTINO_2025_PACCHETTO_COMPLETO\Links\Logo_DC.ai,
logo_Omnidec_bw.ai,214,1.2 MB (1271294 bytes),,19.50%,,C:\Users\Luca1\Downloads\CATALISTINO_2025_PACCHETTO_COMPLETO\Links\logo_Omnidec_bw.ai,
logo_CE_bw.ai,214,1.2 MB (1250281 bytes),,24.50%,,C:\Users\Luca1\Downloads\CATALISTINO_2025_PACCHETTO_COMPLETO\Links\logo_CE_bw.ai,
787831.tif,214,1.6 MB (1713240 bytes),554 x 477,66.80%,,C:\Users\Luca1\Downloads\CATALISTINO_2025_PACCHETTO_COMPLETO\Links\787831.tif,
787456.tif,214,960.5 KB (983524 bytes),400 x 600,143.40%,,C:\Users\Luca1\Downloads\CATALISTINO_2025_PACCHETTO_COMPLETO\Links\787456.tif,
787856.tif,214,4.1 MB (4344432 bytes),1212 x 1246,30%,,C:\Users\Luca1\Downloads\CATALISTINO_2025_PACCHETTO_COMPLETO\Links\787856.tif,
787725.tif,215,13.8 MB (14486780 bytes),2480 x 1402,12.90%,,C:\Users\Luca1\Downloads\CATALISTINO_2025_PACCHETTO_COMPLETO\Links\787725.tif,
787023.tif,215,19.3 MB (20199292 bytes),3189 x 2107,16.60%,,C:\Users\Luca1\Downloads\CATALISTINO_2025_PACCHETTO_COMPLETO\Links\787023.tif,
390206.tif,215,762.4 KB (780660 bytes),942 x 1560,14.10%,,C:\Users\Luca1\Downloads\CATALISTINO_2025_PACCHETTO_COMPLETO\Links\390206.tif,
logo_Omnidec_bw.ai,215,1.2 MB (1271294 bytes),,19.50%,,C:\Users\Luca1\Downloads\CATALISTINO_2025_PACCHETTO_COMPLETO\Links\logo_Omnidec_bw.ai,
412006.tif,215,13.8 MB (14433512 bytes),2480 x 1396,12.90%,,C:\Users\Luca1\Downloads\CATALISTINO_2025_PACCHETTO_COMPLETO\Links\412006.tif,
401064.tif,216,24.9 MB (26121116 bytes),3656 x 1781,8.70%,,C:\Users\Luca1\Downloads\CATALISTINO_2025_PACCHETTO_COMPLETO\Links\401064.tif,
71275101.tif,216,7.5 MB (7857136 bytes),1654 x 1184,18.10%,,C:\Users\Luca1\Downloads\CATALISTINO_2025_PACCHETTO_COMPLETO\Links\71275101.tif,
401075.tif,216,9.9 MB (10407788 bytes),1084 x 3189,6.70%,,C:\Users\Luca1\Downloads\CATALISTINO_2025_PACCHETTO_COMPLETO\Links\401075.tif,
401302.tif,216,13.4 MB (14065004 bytes),1535 x 2197,16.10%,,C:\Users\Luca1\Downloads\CATALISTINO_2025_PACCHETTO_COMPLETO\Links\401302.tif,
logo_CE_bw.ai,216,1.2 MB (1250281 bytes),,26.40%,,C:\Users\Luca1\Downloads\CATALISTINO_2025_PACCHETTO_COMPLETO\Links\logo_CE_bw.ai,
737100.tif,216,19.2 MB (20168928 bytes),3189 x 2102,10%,,C:\Users\Luca1\Downloads\CATALISTINO_2025_PACCHETTO_COMPLETO\Links\737100.tif,
401080.tif,216,9.9 MB (10407780 bytes),1084 x 3189,6.70%,,C:\Users\Luca1\Downloads\CATALISTINO_2025_PACCHETTO_COMPLETO\Links\401080.tif,
401065.tif,216,15.5 MB (16229832 bytes),2418 x 1670,12.80%,,C:\Users\Luca1\Downloads\CATALISTINO_2025_PACCHETTO_COMPLETO\Links\401065.tif,
401044.tif,216,13.4 MB (14065020 bytes),1535 x 2197,16.10%,,C:\Users\Luca1\Downloads\CATALISTINO_2025_PACCHETTO_COMPLETO\Links\401044.tif,
logo_greentech_cmyk.ai,217,1.2 MB (1266293 bytes),,19.30%,,C:\Users\Luca1\Downloads\CATALISTINO_2025_PACCHETTO_COMPLETO\Links\logo_greentech_cmyk.ai,
71275101.tif,217,7.5 MB (7857136 bytes),1654 x 1184,18.10%,,C:\Users\Luca1\Downloads\CATALISTINO_2025_PACCHETTO_COMPLETO\Links\71275101.tif,
logo_CE_bw.ai,217,1.2 MB (1250281 bytes),,26.40%,,C:\Users\Luca1\Downloads\CATALISTINO_2025_PACCHETTO_COMPLETO\Links\logo_CE_bw.ai,
401046.tif,217,13.4 MB (14065020 bytes),1535 x 2197,16.10%,,C:\Users\Luca1\Downloads\CATALISTINO_2025_PACCHETTO_COMPLETO\Links\401046.tif,
737100.tif,217,19.2 MB (20168928 bytes),3189 x 2102,10%,,C:\Users\Luca1\Downloads\CATALISTINO_2025_PACCHETTO_COMPLETO\Links\737100.tif,
401064.tif,217,24.9 MB (26121116 bytes),3656 x 1781,8.70%,,C:\Users\Luca1\Downloads\CATALISTINO_2025_PACCHETTO_COMPLETO\Links\401064.tif,
401075.tif,217,9.9 MB (10407788 bytes),1084 x 3189,6.70%,,C:\Users\Luca1\Downloads\CATALISTINO_2025_PACCHETTO_COMPLETO\Links\401075.tif,
401080.tif,217,9.9 MB (10407780 bytes),1084 x 3189,6.70%,,C:\Users\Luca1\Downloads\CATALISTINO_2025_PACCHETTO_COMPLETO\Links\401080.tif,
logo_2easy_bw.ai,217,1.2 MB (1269718 bytes),,19.30%,,C:\Users\Luca1\Downloads\CATALISTINO_2025_PACCHETTO_COMPLETO\Links\logo_2easy_bw.ai,
401304.tif,217,13.4 MB (14065004 bytes),1535 x 2197,16.10%,,C:\Users\Luca1\Downloads\CATALISTINO_2025_PACCHETTO_COMPLETO\Links\401304.tif,
790065.tif,217,7.3 MB (7623724 bytes),1117 x 1575,9.10%,,C:\Users\Luca1\Downloads\CATALISTINO_2025_PACCHETTO_COMPLETO\Links\790065.tif,
790064.tif,217,4.5 MB (4674216 bytes),899 x 1293,16.60%,,C:\Users\Luca1\Downloads\CATALISTINO_2025_PACCHETTO_COMPLETO\Links\790064.tif,
401065.tif,217,15.5 MB (16229832 bytes),2418 x 1670,12.80%,,C:\Users\Luca1\Downloads\CATALISTINO_2025_PACCHETTO_COMPLETO\Links\401065.tif,
720316.tif,218,21.6 MB (22604116 bytes),2380 x 2312,9.30%,,C:\Users\Luca1\Downloads\CATALISTINO_2025_PACCHETTO_COMPLETO\Links\720316.tif,
Logo_DC.ai,218,1.2 MB (1291917 bytes),,5.50%,,C:\Users\Luca1\Downloads\CATALISTINO_2025_PACCHETTO_COMPLETO\Links\Logo_DC.ai,
401012.tif,218,26.3 MB (27618200 bytes),2783 x 2419,19%,,C:\Users\Luca1\Downloads\CATALISTINO_2025_PACCHETTO_COMPLETO\Links\401012.tif,
712052.tif,218,25.4 MB (26603800 bytes),2301 x 2824,7.60%,,C:\Users\Luca1\Downloads\CATALISTINO_2025_PACCHETTO_COMPLETO\Links\712052.tif,
logo_CE_bw.ai,218,1.2 MB (1250281 bytes),,26.40%,,C:\Users\Luca1\Downloads\CATALISTINO_2025_PACCHETTO_COMPLETO\Links\logo_CE_bw.ai,
401014.tif,218,29.7 MB (31181400 bytes),2690 x 2834,18.70%,,C:\Users\Luca1\Downloads\CATALISTINO_2025_PACCHETTO_COMPLETO\Links\401014.tif,
Logo_DC.ai,218,1.2 MB (1291917 bytes),,5.50%,,C:\Users\Luca1\Downloads\CATALISTINO_2025_PACCHETTO_COMPLETO\Links\Logo_DC.ai,
391456.tif,219,6.7 MB (7059332 bytes),1016 x 1594,33.20%,,C:\Users\Luca1\Downloads\CATALISTINO_2025_PACCHETTO_COMPLETO\Links\391456.tif,
logo_CE_bw.ai,219,1.2 MB (1250281 bytes),,26.40%,,C:\Users\Luca1\Downloads\CATALISTINO_2025_PACCHETTO_COMPLETO\Links\logo_CE_bw.ai,
logo_greentech_cmyk.ai,220,1.2 MB (1266293 bytes),,24.30%,,C:\Users\Luca1\Downloads\CATALISTINO_2025_PACCHETTO_COMPLETO\Links\logo_greentech_cmyk.ai,
404039.tif,220,13.4 MB (14069052 bytes),1535 x 2197,21.50%,,C:\Users\Luca1\Downloads\CATALISTINO_2025_PACCHETTO_COMPLETO\Links\404039.tif,
401064.tif,220,24.9 MB (26121116 bytes),3656 x 1781,8.70%,,C:\Users\Luca1\Downloads\CATALISTINO_2025_PACCHETTO_COMPLETO\Links\401064.tif,
737100.tif,220,19.2 MB (20168928 bytes),3189 x 2102,10%,,C:\Users\Luca1\Downloads\CATALISTINO_2025_PACCHETTO_COMPLETO\Links\737100.tif,
790065.tif,220,7.3 MB (7623724 bytes),1117 x 1575,9.10%,,C:\Users\Luca1\Downloads\CATALISTINO_2025_PACCHETTO_COMPLETO\Links\790065.tif,
790064.tif,220,4.5 MB (4674216 bytes),899 x 1293,16.60%,,C:\Users\Luca1\Downloads\CATALISTINO_2025_PACCHETTO_COMPLETO\Links\790064.tif,
401075.tif,220,9.9 MB (10407788 bytes),1084 x 3189,6.70%,,C:\Users\Luca1\Downloads\CATALISTINO_2025_PACCHETTO_COMPLETO\Links\401075.tif,
401080.tif,220,9.9 MB (10407780 bytes),1084 x 3189,6.70%,,C:\Users\Luca1\Downloads\CATALISTINO_2025_PACCHETTO_COMPLETO\Links\401080.tif,
Logo_DC.ai,220,1.2 MB (1291917 bytes),,5.50%,,C:\Users\Luca1\Downloads\CATALISTINO_2025_PACCHETTO_COMPLETO\Links\Logo_DC.ai,
401065.tif,220,15.5 MB (16229832 bytes),2418 x 1670,12.80%,,C:\Users\Luca1\Downloads\CATALISTINO_2025_PACCHETTO_COMPLETO\Links\401065.tif,
logo_CE_bw.ai,220,1.2 MB (1250281 bytes),,26.40%,,C:\Users\Luca1\Downloads\CATALISTINO_2025_PACCHETTO_COMPLETO\Links\logo_CE_bw.ai,
logo_2easy_bw.ai,220,1.2 MB (1269718 bytes),,24.20%,,C:\Users\Luca1\Downloads\CATALISTINO_2025_PACCHETTO_COMPLETO\Links\logo_2easy_bw.ai,
401075.tif,221,9.9 MB (10407788 bytes),1084 x 3189,6.70%,,C:\Users\Luca1\Downloads\CATALISTINO_2025_PACCHETTO_COMPLETO\Links\401075.tif,
401065.tif,221,15.5 MB (16229832 bytes),2418 x 1670,12.80%,,C:\Users\Luca1\Downloads\CATALISTINO_2025_PACCHETTO_COMPLETO\Links\401065.tif,
logo_wireless.tif,221,523 KB (535584 bytes),616 x 498,22.40%,,C:\Users\Luca1\Downloads\CATALISTINO_2025_PACCHETTO_COMPLETO\Links\logo_wireless.tif,
737100.tif,221,19.2 MB (20168928 bytes),3189 x 2102,10%,,C:\Users\Luca1\Downloads\CATALISTINO_2025_PACCHETTO_COMPLETO\Links\737100.tif,
logo_CE_bw.ai,221,1.2 MB (1250281 bytes),,26.40%,,C:\Users\Luca1\Downloads\CATALISTINO_2025_PACCHETTO_COMPLETO\Links\logo_CE_bw.ai,
401064.tif,221,24.9 MB (26121116 bytes),3656 x 1781,8.70%,,C:\Users\Luca1\Downloads\CATALISTINO_2025_PACCHETTO_COMPLETO\Links\401064.tif,
404038.tif,221,13.4 MB (14069056 bytes),1535 x 2197,21.50%,,C:\Users\Luca1\Downloads\CATALISTINO_2025_PACCHETTO_COMPLETO\Links\404038.tif,
401080.tif,221,9.9 MB (10407780 bytes),1084 x 3189,6.70%,,C:\Users\Luca1\Downloads\CATALISTINO_2025_PACCHETTO_COMPLETO\Links\401080.tif,
401080.tif,222,9.9 MB (10407780 bytes),1084 x 3189,6.70%,,C:\Users\Luca1\Downloads\CATALISTINO_2025_PACCHETTO_COMPLETO\Links\401080.tif,
401064.tif,222,24.9 MB (26121116 bytes),3656 x 1781,8.70%,,C:\Users\Luca1\Downloads\CATALISTINO_2025_PACCHETTO_COMPLETO\Links\401064.tif,
790065.tif,222,7.3 MB (7623724 bytes),1117 x 1575,9.10%,,C:\Users\Luca1\Downloads\CATALISTINO_2025_PACCHETTO_COMPLETO\Links\790065.tif,
401048_Keytag.tif,222,18.9 MB (19817016 bytes),2526 x 1904,11.20%,,C:\Users\Luca1\Downloads\CATALISTINO_2025_PACCHETTO_COMPLETO\Links\401048_Keytag.tif,
786040.tif,222,13.4 MB (14067724 bytes),1535 x 2197,16.10%,,C:\Users\Luca1\Downloads\CATALISTINO_2025_PACCHETTO_COMPLETO\Links\786040.tif,
790064.tif,222,4.5 MB (4674216 bytes),899 x 1293,16.60%,,C:\Users\Luca1\Downloads\CATALISTINO_2025_PACCHETTO_COMPLETO\Links\790064.tif,
XTR_B_IT.tif,222,1.9 MB (1956128 bytes),1148 x 1148,4.90%,,C:\Users\Luca1\Downloads\CATALISTINO_2025_PACCHETTO_COMPLETO\Links\XTR_B_IT.tif,
401306_Metal_Keytag.tif,222,26 MB (27236884 bytes),3033 x 2197,9.80%,,C:\Users\Luca1\Downloads\CATALISTINO_2025_PACCHETTO_COMPLETO\Links\401306_Metal_Keytag.tif,
logo_greentech_cmyk.ai,222,1.2 MB (1266293 bytes),,24.30%,,C:\Users\Luca1\Downloads\CATALISTINO_2025_PACCHETTO_COMPLETO\Links\logo_greentech_cmyk.ai,
401075.tif,222,9.9 MB (10407788 bytes),1084 x 3189,6.70%,,C:\Users\Luca1\Downloads\CATALISTINO_2025_PACCHETTO_COMPLETO\Links\401075.tif,
401065.tif,222,15.5 MB (16229832 bytes),2418 x 1670,12.80%,,C:\Users\Luca1\Downloads\CATALISTINO_2025_PACCHETTO_COMPLETO\Links\401065.tif,
737100.tif,222,19.2 MB (20168928 bytes),3189 x 2102,10%,,C:\Users\Luca1\Downloads\CATALISTINO_2025_PACCHETTO_COMPLETO\Links\737100.tif,
786041.tif,222,13.4 MB (14067772 bytes),1535 x 2197,16.10%,,C:\Users\Luca1\Downloads\CATALISTINO_2025_PACCHETTO_COMPLETO\Links\786041.tif,
logo_2easy_bw.ai,222,1.2 MB (1269718 bytes),,24.20%,,C:\Users\Luca1\Downloads\CATALISTINO_2025_PACCHETTO_COMPLETO\Links\logo_2easy_bw.ai,
logo_CE_bw.ai,222,1.2 MB (1250281 bytes),,26.40%,,C:\Users\Luca1\Downloads\CATALISTINO_2025_PACCHETTO_COMPLETO\Links\logo_CE_bw.ai,
Logo_DC.ai,222,1.2 MB (1291917 bytes),,5.50%,,C:\Users\Luca1\Downloads\CATALISTINO_2025_PACCHETTO_COMPLETO\Links\Logo_DC.ai,
785527.tif,223,3.2 MB (3337556 bytes),829 x 999,38.50%,,C:\Users\Luca1\Downloads\CATALISTINO_2025_PACCHETTO_COMPLETO\Links\785527.tif,5.0.3
logo_CE_bw.ai,223,1.2 MB (1250281 bytes),,26.30%,,C:\Users\Luca1\Downloads\CATALISTINO_2025_PACCHETTO_COMPLETO\Links\logo_CE_bw.ai,
Logo_DC.ai,223,1.2 MB (1291917 bytes),,5.50%,,C:\Users\Luca1\Downloads\CATALISTINO_2025_PACCHETTO_COMPLETO\Links\Logo_DC.ai,
Logo_DC.ai,223,1.2 MB (1291917 bytes),,5.50%,,C:\Users\Luca1\Downloads\CATALISTINO_2025_PACCHETTO_COMPLETO\Links\Logo_DC.ai,
Logo_DC.ai,223,1.2 MB (1291917 bytes),,5.50%,,C:\Users\Luca1\Downloads\CATALISTINO_2025_PACCHETTO_COMPLETO\Links\Logo_DC.ai,
785529.tif,223,7.6 MB (7985992 bytes),3189 x 7018,5.70%,,C:\Users\Luca1\Downloads\CATALISTINO_2025_PACCHETTO_COMPLETO\Links\785529.tif,
790904.tif,223,5.1 MB (5366716 bytes),1375 x 969,38.40%,,C:\Users\Luca1\Downloads\CATALISTINO_2025_PACCHETTO_COMPLETO\Links\790904.tif,5.0.3
Logo_DC.ai,223,1.2 MB (1291917 bytes),,5.50%,,C:\Users\Luca1\Downloads\CATALISTINO_2025_PACCHETTO_COMPLETO\Links\Logo_DC.ai,
790062.tif,224,3.9 MB (4125124 bytes),1869 x 1056,15.40%,,C:\Users\Luca1\Downloads\CATALISTINO_2025_PACCHETTO_COMPLETO\Links\790062.tif,
785103.tif,224,67.4 MB (70719928 bytes),3333 x 3296,15.90%,,C:\Users\Luca1\Downloads\CATALISTINO_2025_PACCHETTO_COMPLETO\Links\785103.tif,
401075.tif,224,9.9 MB (10407788 bytes),1084 x 3189,6.70%,,C:\Users\Luca1\Downloads\CATALISTINO_2025_PACCHETTO_COMPLETO\Links\401075.tif,
401070.tif,224,17.5 MB (18329492 bytes),1912 x 3189,6.70%,,C:\Users\Luca1\Downloads\CATALISTINO_2025_PACCHETTO_COMPLETO\Links\401070.tif,
785102.tif,224,67.3 MB (70612532 bytes),3333 x 3296,15.90%,,C:\Users\Luca1\Downloads\CATALISTINO_2025_PACCHETTO_COMPLETO\Links\785102.tif,
logo_greentech_cmyk.ai,224,1.2 MB (1266293 bytes),,24.30%,,C:\Users\Luca1\Downloads\CATALISTINO_2025_PACCHETTO_COMPLETO\Links\logo_greentech_cmyk.ai,
Logo_DC.ai,224,1.2 MB (1291917 bytes),,5.50%,,C:\Users\Luca1\Downloads\CATALISTINO_2025_PACCHETTO_COMPLETO\Links\Logo_DC.ai,
logo_CE_bw.ai,224,1.2 MB (1250281 bytes),,24.50%,,C:\Users\Luca1\Downloads\CATALISTINO_2025_PACCHETTO_COMPLETO\Links\logo_CE_bw.ai,
logo_2easy_bw.ai,224,1.2 MB (1269718 bytes),,24.20%,,C:\Users\Luca1\Downloads\CATALISTINO_2025_PACCHETTO_COMPLETO\Links\logo_2easy_bw.ai,
737100.tif,224,19.2 MB (20168928 bytes),3189 x 2102,10%,,C:\Users\Luca1\Downloads\CATALISTINO_2025_PACCHETTO_COMPLETO\Links\737100.tif,
Logo_DC.ai,224,1.2 MB (1291917 bytes),,5.50%,,C:\Users\Luca1\Downloads\CATALISTINO_2025_PACCHETTO_COMPLETO\Links\Logo_DC.ai,
401080.tif,224,9.9 MB (10407780 bytes),1084 x 3189,6.70%,,C:\Users\Luca1\Downloads\CATALISTINO_2025_PACCHETTO_COMPLETO\Links\401080.tif,
785104.tif,225,67.4 MB (70627556 bytes),3337 x 3286,15.80%,,C:\Users\Luca1\Downloads\CATALISTINO_2025_PACCHETTO_COMPLETO\Links\785104.tif,
logo_wireless.tif,225,523 KB (535584 bytes),616 x 498,22.40%,,C:\Users\Luca1\Downloads\CATALISTINO_2025_PACCHETTO_COMPLETO\Links\logo_wireless.tif,
Logo_DC.ai,225,1.2 MB (1291917 bytes),,5.50%,,C:\Users\Luca1\Downloads\CATALISTINO_2025_PACCHETTO_COMPLETO\Links\Logo_DC.ai,
Logo_DC.ai,225,1.2 MB (1291917 bytes),,5.50%,,C:\Users\Luca1\Downloads\CATALISTINO_2025_PACCHETTO_COMPLETO\Links\Logo_DC.ai,
401070.tif,225,17.5 MB (18329492 bytes),1912 x 3189,6.70%,,C:\Users\Luca1\Downloads\CATALISTINO_2025_PACCHETTO_COMPLETO\Links\401070.tif,
105128.tif,225,1.9 MB (1951876 bytes),1378 x 1144,18.70%,,C:\Users\Luca1\Downloads\CATALISTINO_2025_PACCHETTO_COMPLETO\Links\105128.tif,
401075.tif,225,9.9 MB (10407788 bytes),1084 x 3189,6.70%,,C:\Users\Luca1\Downloads\CATALISTINO_2025_PACCHETTO_COMPLETO\Links\401075.tif,
737100.tif,225,19.2 MB (20168928 bytes),3189 x 2102,10%,,C:\Users\Luca1\Downloads\CATALISTINO_2025_PACCHETTO_COMPLETO\Links\737100.tif,
Logo_DC.ai,225,1.2 MB (1291917 bytes),,5.50%,,C:\Users\Luca1\Downloads\CATALISTINO_2025_PACCHETTO_COMPLETO\Links\Logo_DC.ai,
401080.tif,225,9.9 MB (10407780 bytes),1084 x 3189,6.70%,,C:\Users\Luca1\Downloads\CATALISTINO_2025_PACCHETTO_COMPLETO\Links\401080.tif,
logo_CE_bw.ai,225,1.2 MB (1250281 bytes),,26.40%,,C:\Users\Luca1\Downloads\CATALISTINO_2025_PACCHETTO_COMPLETO\Links\logo_CE_bw.ai,
logo_2easy_bw.ai,226,1.2 MB (1269718 bytes),,24.20%,,C:\Users\Luca1\Downloads\CATALISTINO_2025_PACCHETTO_COMPLETO\Links\logo_2easy_bw.ai,
401080.tif,226,9.9 MB (10407780 bytes),1084 x 3189,6.70%,,C:\Users\Luca1\Downloads\CATALISTINO_2025_PACCHETTO_COMPLETO\Links\401080.tif,
Logo_DC.ai,226,1.2 MB (1291917 bytes),,5.50%,,C:\Users\Luca1\Downloads\CATALISTINO_2025_PACCHETTO_COMPLETO\Links\Logo_DC.ai,
7851061.tif,226,32.6 MB (34152508 bytes),3543 x 2362,14.90%,,C:\Users\Luca1\Downloads\CATALISTINO_2025_PACCHETTO_COMPLETO\Links\7851061.tif,
7851061.tif,226,32.6 MB (34152508 bytes),3543 x 2362,14.90%,,C:\Users\Luca1\Downloads\CATALISTINO_2025_PACCHETTO_COMPLETO\Links\7851061.tif,
785106.tif,226,29.2 MB (30568092 bytes),3327 x 2246,15.90%,,C:\Users\Luca1\Downloads\CATALISTINO_2025_PACCHETTO_COMPLETO\Links\785106.tif,
785106.tif,226,29.2 MB (30568092 bytes),3327 x 2246,15.90%,,C:\Users\Luca1\Downloads\CATALISTINO_2025_PACCHETTO_COMPLETO\Links\785106.tif,
737100.tif,226,19.2 MB (20168928 bytes),3189 x 2102,10%,,C:\Users\Luca1\Downloads\CATALISTINO_2025_PACCHETTO_COMPLETO\Links\737100.tif,
401065.tif,226,15.5 MB (16229832 bytes),2418 x 1670,12.80%,,C:\Users\Luca1\Downloads\CATALISTINO_2025_PACCHETTO_COMPLETO\Links\401065.tif,
401070.tif,226,17.5 MB (18329492 bytes),1912 x 3189,6.70%,,C:\Users\Luca1\Downloads\CATALISTINO_2025_PACCHETTO_COMPLETO\Links\401070.tif,
401075.tif,226,9.9 MB (10407788 bytes),1084 x 3189,6.70%,,C:\Users\Luca1\Downloads\CATALISTINO_2025_PACCHETTO_COMPLETO\Links\401075.tif,
logo_greentech_cmyk.ai,226,1.2 MB (1266293 bytes),,24.30%,,C:\Users\Luca1\Downloads\CATALISTINO_2025_PACCHETTO_COMPLETO\Links\logo_greentech_cmyk.ai,
401064.tif,226,24.9 MB (26121116 bytes),3656 x 1781,8.70%,,C:\Users\Luca1\Downloads\CATALISTINO_2025_PACCHETTO_COMPLETO\Links\401064.tif,
Logo_DC.ai,226,1.2 MB (1291917 bytes),,5.50%,,C:\Users\Luca1\Downloads\CATALISTINO_2025_PACCHETTO_COMPLETO\Links\Logo_DC.ai,
logo_CE_bw.ai,226,1.2 MB (1250281 bytes),,26.20%,,C:\Users\Luca1\Downloads\CATALISTINO_2025_PACCHETTO_COMPLETO\Links\logo_CE_bw.ai,
XS55.tif,227,33.7 MB (35365992 bytes),1863 x 4654,12.70%,,C:\Users\Luca1\Downloads\CATALISTINO_2025_PACCHETTO_COMPLETO\Links\XS55.tif,
logo_safezone_cmyk.ai,227,1.2 MB (1257737 bytes),,24.30%,,C:\Users\Luca1\Downloads\CATALISTINO_2025_PACCHETTO_COMPLETO\Links\logo_safezone_cmyk.ai,
logo_CE_bw.ai,227,1.2 MB (1250281 bytes),,24.50%,,C:\Users\Luca1\Downloads\CATALISTINO_2025_PACCHETTO_COMPLETO\Links\logo_CE_bw.ai,
787013.tif,228,16.6 MB (17421940 bytes),1674 x 2596,8.50%,,C:\Users\Luca1\Downloads\CATALISTINO_2025_PACCHETTO_COMPLETO\Links\787013.tif,
105535.tif,228,21.9 MB (22926184 bytes),3189 x 2392,9.20%,,C:\Users\Luca1\Downloads\CATALISTINO_2025_PACCHETTO_COMPLETO\Links\105535.tif,
XS_Details_3-2.png,228,147 KB (150547 bytes),1920 x 1358,25.10%,,C:\Users\Luca1\Downloads\CATALISTINO_2025_PACCHETTO_COMPLETO\Links\XS_Details_3-2.png,
785200.tif,228,4.5 MB (4681596 bytes),899 x 1293,17.10%,,C:\Users\Luca1\Downloads\CATALISTINO_2025_PACCHETTO_COMPLETO\Links\785200.tif,
787012.tif,228,14.3 MB (14989612 bytes),1092 x 3423,6.40%,,C:\Users\Luca1\Downloads\CATALISTINO_2025_PACCHETTO_COMPLETO\Links\787012.tif,
XS_Details_4-2.png,228,127.6 KB (130698 bytes),1920 x 1358,25.10%,,C:\Users\Luca1\Downloads\CATALISTINO_2025_PACCHETTO_COMPLETO\Links\XS_Details_4-2.png,
XS_Details_3-1.png,228,107.3 KB (109893 bytes),1920 x 1358,39.20%,,C:\Users\Luca1\Downloads\CATALISTINO_2025_PACCHETTO_COMPLETO\Links\XS_Details_3-1.png,
XS_Details_2-1.png,228,122.6 KB (125499 bytes),1920 x 1358,39.20%,,C:\Users\Luca1\Downloads\CATALISTINO_2025_PACCHETTO_COMPLETO\Links\XS_Details_2-1.png,
XS_Details_4-1.png,228,93.9 KB (96191 bytes),1920 x 1358,46%,,C:\Users\Luca1\Downloads\CATALISTINO_2025_PACCHETTO_COMPLETO\Links\XS_Details_4-1.png,
XS_Details_1.png,228,100.7 KB (103160 bytes),1920 x 1358,28.70%,,C:\Users\Luca1\Downloads\CATALISTINO_2025_PACCHETTO_COMPLETO\Links\XS_Details_1.png,
XS_Details_2-2.png,228,89.2 KB (91328 bytes),1920 x 1358,39.80%,,C:\Users\Luca1\Downloads\CATALISTINO_2025_PACCHETTO_COMPLETO\Links\XS_Details_2-2.png,
logo_CE_bw.ai,229,1.2 MB (1250281 bytes),,26.40%,,C:\Users\Luca1\Downloads\CATALISTINO_2025_PACCHETTO_COMPLETO\Links\logo_CE_bw.ai,
785200.tif,229,4.5 MB (4681596 bytes),899 x 1293,41.10%,,C:\Users\Luca1\Downloads\CATALISTINO_2025_PACCHETTO_COMPLETO\Links\785200.tif,
787013.tif,230,16.6 MB (17421940 bytes),1674 x 2596,18.10%,,C:\Users\Luca1\Downloads\CATALISTINO_2025_PACCHETTO_COMPLETO\Links\787013.tif,
logo_CE_bw.ai,230,1.2 MB (1250281 bytes),,19.50%,,C:\Users\Luca1\Downloads\CATALISTINO_2025_PACCHETTO_COMPLETO\Links\logo_CE_bw.ai,
Logo_DC.ai,230,1.2 MB (1291917 bytes),,5.50%,,C:\Users\Luca1\Downloads\CATALISTINO_2025_PACCHETTO_COMPLETO\Links\Logo_DC.ai,
787012.tif,230,14.3 MB (14989612 bytes),1092 x 3423,13.80%,,C:\Users\Luca1\Downloads\CATALISTINO_2025_PACCHETTO_COMPLETO\Links\787012.tif,
logo_2easy_bw.ai,230,1.2 MB (1269718 bytes),,19.30%,,C:\Users\Luca1\Downloads\CATALISTINO_2025_PACCHETTO_COMPLETO\Links\logo_2easy_bw.ai,
logo_safezone_cmyk.ai,230,1.2 MB (1257737 bytes),,19.40%,,C:\Users\Luca1\Downloads\CATALISTINO_2025_PACCHETTO_COMPLETO\Links\logo_safezone_cmyk.ai,
logo_CE_bw.ai,230,1.2 MB (1250281 bytes),,19.50%,,C:\Users\Luca1\Downloads\CATALISTINO_2025_PACCHETTO_COMPLETO\Links\logo_CE_bw.ai,
404040.tif,231,10.3 MB (10795940 bytes),1890 x 1350,48%,,C:\Users\Luca1\Downloads\CATALISTINO_2025_PACCHETTO_COMPLETO\Links\404040.tif,
logo_2easy_bw.ai,231,1.2 MB (1269718 bytes),,24.20%,,C:\Users\Luca1\Downloads\CATALISTINO_2025_PACCHETTO_COMPLETO\Links\logo_2easy_bw.ai,
logo_CE_bw.ai,231,1.2 MB (1250281 bytes),,24.50%,,C:\Users\Luca1\Downloads\CATALISTINO_2025_PACCHETTO_COMPLETO\Links\logo_CE_bw.ai,
logo_safezone_cmyk.ai,231,1.2 MB (1257737 bytes),,24.30%,,C:\Users\Luca1\Downloads\CATALISTINO_2025_PACCHETTO_COMPLETO\Links\logo_safezone_cmyk.ai,
logo_CE_bw.ai,232,1.2 MB (1250281 bytes),,24.50%,,C:\Users\Luca1\Downloads\CATALISTINO_2025_PACCHETTO_COMPLETO\Links\logo_CE_bw.ai,
390130.png,232,3.6 MB (3757567 bytes),2499 x 1785,42.40%,,C:\Users\Luca1\Downloads\CATALISTINO_2025_PACCHETTO_COMPLETO\Links\390130.png,
202274.tif,233,13.7 MB (14317644 bytes),2108 x 2257,28.70%,,C:\Users\Luca1\Downloads\CATALISTINO_2025_PACCHETTO_COMPLETO\Links\202274.tif,
Logo_DC.ai,233,1.2 MB (1291917 bytes),,5.50%,,C:\Users\Luca1\Downloads\CATALISTINO_2025_PACCHETTO_COMPLETO\Links\Logo_DC.ai,
logo_CE_bw.ai,233,1.2 MB (1250281 bytes),,24.50%,,C:\Users\Luca1\Downloads\CATALISTINO_2025_PACCHETTO_COMPLETO\Links\logo_CE_bw.ai,
785031.tif,234,31 MB (32479748 bytes),2939 x 2761,9.40%,,C:\Users\Luca1\Downloads\CATALISTINO_2025_PACCHETTO_COMPLETO\Links\785031.tif,
785541.tif,234,3.4 MB (3611940 bytes),631 x 1417,15.10%,,C:\Users\Luca1\Downloads\CATALISTINO_2025_PACCHETTO_COMPLETO\Links\785541.tif,
105043.tif,234,73 MB (76530572 bytes),4164 x 3080,7%,,C:\Users\Luca1\Downloads\CATALISTINO_2025_PACCHETTO_COMPLETO\Links\105043.tif,
MLGVER_0000.jpg,234,1.5 MB (1576507 bytes),3189 x 1786,10%,,C:\Users\Luca1\Downloads\CATALISTINO_2025_PACCHETTO_COMPLETO\Links\MLGVER_0000.jpg,
MLPREF01.jpg,234,2.3 MB (2446969 bytes),3189 x 3861,5.50%,,C:\Users\Luca1\Downloads\CATALISTINO_2025_PACCHETTO_COMPLETO\Links\MLPREF01.jpg,
430003.tif,234,19.4 MB (20380732 bytes),3189 x 2126,10%,,C:\Users\Luca1\Downloads\CATALISTINO_2025_PACCHETTO_COMPLETO\Links\430003.tif,
MLFP01.jpg,234,1.7 MB (1818639 bytes),3189 x 2126,10%,,C:\Users\Luca1\Downloads\CATALISTINO_2025_PACCHETTO_COMPLETO\Links\MLFP01.jpg,
XGUARD_10H.jpg,234,1.9 MB (2038588 bytes),3189 x 2640,19.20%,,C:\Users\Luca1\Downloads\CATALISTINO_2025_PACCHETTO_COMPLETO\Links\XGUARD_10H.jpg,
785541.tif,234,3.4 MB (3611940 bytes),631 x 1417,15.10%,,C:\Users\Luca1\Downloads\CATALISTINO_2025_PACCHETTO_COMPLETO\Links\785541.tif,
MPLEIN01.tif,234,27 MB (28354980 bytes),2496 x 3784,5.70%,,C:\Users\Luca1\Downloads\CATALISTINO_2025_PACCHETTO_COMPLETO\Links\MPLEIN01.tif,
737100.tif,234,19.2 MB (20168928 bytes),3189 x 2102,10%,,C:\Users\Luca1\Downloads\CATALISTINO_2025_PACCHETTO_COMPLETO\Links\737100.tif,
401075.tif,234,9.9 MB (10407788 bytes),1084 x 3189,6.70%,,C:\Users\Luca1\Downloads\CATALISTINO_2025_PACCHETTO_COMPLETO\Links\401075.tif,
785028.tif,234,9.3 MB (9731944 bytes),1596 x 1521,14.10%,,C:\Users\Luca1\Downloads\CATALISTINO_2025_PACCHETTO_COMPLETO\Links\785028.tif,
785028.tif,234,9.3 MB (9731944 bytes),1596 x 1521,27.50%,,C:\Users\Luca1\Downloads\CATALISTINO_2025_PACCHETTO_COMPLETO\Links\785028.tif,
736425.tif,235,4.2 MB (4398724 bytes),915 x 2271,30.80%,,C:\Users\Luca1\Downloads\CATALISTINO_2025_PACCHETTO_COMPLETO\Links\736425.tif,
950224.tif,236,4.6 MB (4824384 bytes),2776 x 1058,54.80%,,C:\Users\Luca1\Downloads\CATALISTINO_2025_PACCHETTO_COMPLETO\Links\950224.tif,
logo_CE_bw.ai,236,1.2 MB (1250281 bytes),,24.50%,,C:\Users\Luca1\Downloads\CATALISTINO_2025_PACCHETTO_COMPLETO\Links\logo_CE_bw.ai,
logo_safezone_cmyk.ai,236,1.2 MB (1257737 bytes),,21.80%,,C:\Users\Luca1\Downloads\CATALISTINO_2025_PACCHETTO_COMPLETO\Links\logo_safezone_cmyk.ai,
950224_details.tif,236,10.5 MB (10983056 bytes),2470 x 2776,21.20%,,C:\Users\Luca1\Downloads\CATALISTINO_2025_PACCHETTO_COMPLETO\Links\950224_details.tif,
logo_CE_bw.ai,237,1.2 MB (1250281 bytes),,24.50%,,C:\Users\Luca1\Downloads\CATALISTINO_2025_PACCHETTO_COMPLETO\Links\logo_CE_bw.ai,
410017.tif,237,5.6 MB (5918804 bytes),1181 x 1128,44.80%,,C:\Users\Luca1\Downloads\CATALISTINO_2025_PACCHETTO_COMPLETO\Links\410017.tif,
410029.tif,237,3.9 MB (4053024 bytes),896 x 1124,80.60%,,C:\Users\Luca1\Downloads\CATALISTINO_2025_PACCHETTO_COMPLETO\Links\410029.tif,
712650.tif,238,5.8 MB (6079364 bytes),989 x 1528,38.50%,,C:\Users\Luca1\Downloads\CATALISTINO_2025_PACCHETTO_COMPLETO\Links\712650.tif,
714017.tif,238,48.6 MB (50928220 bytes),2520 x 4984,6.40%,,C:\Users\Luca1\Downloads\CATALISTINO_2025_PACCHETTO_COMPLETO\Links\714017.tif,
401026.tif,238,1.6 MB (1710340 bytes),319 x 1314,45.20%,,C:\Users\Luca1\Downloads\CATALISTINO_2025_PACCHETTO_COMPLETO\Links\401026.tif,±¢°£
714041.tif,238,41.7 MB (43745044 bytes),3189 x 4530,10%,,C:\Users\Luca1\Downloads\CATALISTINO_2025_PACCHETTO_COMPLETO\Links\714041.tif,
IMAGE_8_fotolito.tif,239,100.1 MB (105003608 bytes),5078 x 5078,101.20%,,C:\Users\Luca1\Downloads\CATALISTINO_2025_PACCHETTO_COMPLETO\Links\IMAGE_8_fotolito.tif,
109950.tif,240,27.3 MB (28673756 bytes),3189 x 2246,32.50%,,C:\Users\Luca1\Downloads\CATALISTINO_2025_PACCHETTO_COMPLETO\Links\109950.tif,
logo_CE_bw.ai,240,1.2 MB (1250281 bytes),,24.50%,,C:\Users\Luca1\Downloads\CATALISTINO_2025_PACCHETTO_COMPLETO\Links\logo_CE_bw.ai,
720119.tif,241,15.3 MB (16069028 bytes),1758 x 2280,9.40%,,C:\Users\Luca1\Downloads\CATALISTINO_2025_PACCHETTO_COMPLETO\Links\720119.tif,
391452.tif,241,8.1 MB (8448020 bytes),2480 x 793,12.90%,,C:\Users\Luca1\Downloads\CATALISTINO_2025_PACCHETTO_COMPLETO\Links\391452.tif,
391454.tif,241,7.1 MB (7423524 bytes),1326 x 1395,15.30%,,C:\Users\Luca1\Downloads\CATALISTINO_2025_PACCHETTO_COMPLETO\Links\391454.tif,
391456.tif,241,6.7 MB (7059332 bytes),1016 x 1594,13.40%,,C:\Users\Luca1\Downloads\CATALISTINO_2025_PACCHETTO_COMPLETO\Links\391456.tif,
790905.tif,241,3.8 MB (3951916 bytes),1067 x 918,23.40%,,C:\Users\Luca1\Downloads\CATALISTINO_2025_PACCHETTO_COMPLETO\Links\790905.tif,
391450.tif,241,15.6 MB (16392452 bytes),2480 x 1594,12.90%,,C:\Users\Luca1\Downloads\CATALISTINO_2025_PACCHETTO_COMPLETO\Links\391450.tif,
391453.tif,241,10.4 MB (10934512 bytes),2480 x 1044,12.90%,,C:\Users\Luca1\Downloads\CATALISTINO_2025_PACCHETTO_COMPLETO\Links\391453.tif,
logo_CE_bw.ai,242,1.2 MB (1250281 bytes),,24.50%,,C:\Users\Luca1\Downloads\CATALISTINO_2025_PACCHETTO_COMPLETO\Links\logo_CE_bw.ai,
109960.tif,242,31.8 MB (33313604 bytes),3189 x 2566,28.50%,,C:\Users\Luca1\Downloads\CATALISTINO_2025_PACCHETTO_COMPLETO\Links\109960.tif,
391454.tif,243,7.1 MB (7423524 bytes),1326 x 1395,15.30%,,C:\Users\Luca1\Downloads\CATALISTINO_2025_PACCHETTO_COMPLETO\Links\391454.tif,
391453.tif,243,10.4 MB (10934512 bytes),2480 x 1044,12.90%,,C:\Users\Luca1\Downloads\CATALISTINO_2025_PACCHETTO_COMPLETO\Links\391453.tif,
790905.tif,243,3.8 MB (3951916 bytes),1067 x 918,23.40%,,C:\Users\Luca1\Downloads\CATALISTINO_2025_PACCHETTO_COMPLETO\Links\790905.tif,
391450.tif,243,15.6 MB (16392452 bytes),2480 x 1594,12.90%,,C:\Users\Luca1\Downloads\CATALISTINO_2025_PACCHETTO_COMPLETO\Links\391450.tif,
720119.tif,243,15.3 MB (16069028 bytes),1758 x 2280,9.40%,,C:\Users\Luca1\Downloads\CATALISTINO_2025_PACCHETTO_COMPLETO\Links\720119.tif,
391452.tif,243,8.1 MB (8448020 bytes),2480 x 793,12.90%,,C:\Users\Luca1\Downloads\CATALISTINO_2025_PACCHETTO_COMPLETO\Links\391452.tif,
391456.tif,243,6.7 MB (7059332 bytes),1016 x 1594,13.40%,,C:\Users\Luca1\Downloads\CATALISTINO_2025_PACCHETTO_COMPLETO\Links\391456.tif,
logo_CE_bw.ai,244,1.2 MB (1250281 bytes),,24.50%,,C:\Users\Luca1\Downloads\CATALISTINO_2025_PACCHETTO_COMPLETO\Links\logo_CE_bw.ai,
109971.tif,244,13.4 MB (14088032 bytes),2126 x 1588,46%,,C:\Users\Luca1\Downloads\CATALISTINO_2025_PACCHETTO_COMPLETO\Links\109971.tif,
391455.tif,245,7.1 MB (7426036 bytes),1326 x 1395,15.30%,,C:\Users\Luca1\Downloads\CATALISTINO_2025_PACCHETTO_COMPLETO\Links\391455.tif,
391456.tif,245,6.7 MB (7059332 bytes),1016 x 1594,13.40%,,C:\Users\Luca1\Downloads\CATALISTINO_2025_PACCHETTO_COMPLETO\Links\391456.tif,
790905.tif,245,3.8 MB (3951916 bytes),1067 x 918,23.40%,,C:\Users\Luca1\Downloads\CATALISTINO_2025_PACCHETTO_COMPLETO\Links\790905.tif,
391450.tif,245,15.6 MB (16392452 bytes),2480 x 1594,12.90%,,C:\Users\Luca1\Downloads\CATALISTINO_2025_PACCHETTO_COMPLETO\Links\391450.tif,
720119.tif,245,15.3 MB (16069028 bytes),1758 x 2280,9.40%,,C:\Users\Luca1\Downloads\CATALISTINO_2025_PACCHETTO_COMPLETO\Links\720119.tif,
109981.tif,246,32.3 MB (33900924 bytes),3189 x 2612,28%,,C:\Users\Luca1\Downloads\CATALISTINO_2025_PACCHETTO_COMPLETO\Links\109981.tif,
logo_CE_bw.ai,246,1.2 MB (1250281 bytes),,24.50%,,C:\Users\Luca1\Downloads\CATALISTINO_2025_PACCHETTO_COMPLETO\Links\logo_CE_bw.ai,
391456.tif,247,6.7 MB (7059332 bytes),1016 x 1594,13.40%,,C:\Users\Luca1\Downloads\CATALISTINO_2025_PACCHETTO_COMPLETO\Links\391456.tif,
790905.tif,247,3.8 MB (3951916 bytes),1067 x 918,23.40%,,C:\Users\Luca1\Downloads\CATALISTINO_2025_PACCHETTO_COMPLETO\Links\790905.tif,
720119.tif,247,15.3 MB (16069028 bytes),1758 x 2280,9.40%,,C:\Users\Luca1\Downloads\CATALISTINO_2025_PACCHETTO_COMPLETO\Links\720119.tif,
391455.tif,247,7.1 MB (7426036 bytes),1326 x 1395,15.30%,,C:\Users\Luca1\Downloads\CATALISTINO_2025_PACCHETTO_COMPLETO\Links\391455.tif,
391450.tif,247,15.6 MB (16392452 bytes),2480 x 1594,12.90%,,C:\Users\Luca1\Downloads\CATALISTINO_2025_PACCHETTO_COMPLETO\Links\391450.tif,
Untitled design (2).png,248,222.7 KB (228067 bytes),2652 x 3750,17.1% x -17.1%,180.0°,C:\Users\Luca1\Downloads\CATALISTINO_2025_PACCHETTO_COMPLETO\Links\Untitled design (2).png,
Untitled design (2).png,248,222.7 KB (228067 bytes),2652 x 3750,17.1% x -17.1%,180.0°,C:\Users\Luca1\Downloads\CATALISTINO_2025_PACCHETTO_COMPLETO\Links\Untitled design (2).png,
Untitled design (2).png,248,222.7 KB (228067 bytes),2652 x 3750,17.1% x -17.1%,180.0°,C:\Users\Luca1\Downloads\CATALISTINO_2025_PACCHETTO_COMPLETO\Links\Untitled design (2).png,
Untitled design (2).png,248,222.7 KB (228067 bytes),2652 x 3750,17.1% x -17.1%,180.0°,C:\Users\Luca1\Downloads\CATALISTINO_2025_PACCHETTO_COMPLETO\Links\Untitled design (2).png,
Untitled design (2).png,248,222.7 KB (228067 bytes),2652 x 3750,17.1% x -17.1%,180.0°,C:\Users\Luca1\Downloads\CATALISTINO_2025_PACCHETTO_COMPLETO\Links\Untitled design (2).png,
Untitled design (2).png,248,222.7 KB (228067 bytes),2652 x 3750,17.1% x -17.1%,180.0°,C:\Users\Luca1\Downloads\CATALISTINO_2025_PACCHETTO_COMPLETO\Links\Untitled design (2).png,
GBF.png,249,47.1 KB (48201 bytes),1026 x 1026,6.10%,,C:\Users\Luca1\Downloads\CATALISTINO_2025_PACCHETTO_COMPLETO\Links\GBF.png,
GBF 1500 - 1600.svg,249,3285 bytes (3285 bytes),,6.10%,,C:\Users\Luca1\Downloads\CATALISTINO_2025_PACCHETTO_COMPLETO\Links\GBF 1500 - 1600.svg,
GBF1500_auditorium.jpg,249,193.7 KB (198396 bytes),1020 x 680,34.30%,,C:\Users\Luca1\Downloads\CATALISTINO_2025_PACCHETTO_COMPLETO\Links\GBF1500_auditorium.jpg,
Airslide.svg,249,3371 bytes (3371 bytes),,6.10%,,C:\Users\Luca1\Downloads\CATALISTINO_2025_PACCHETTO_COMPLETO\Links\Airslide.svg,
img-95.jpg,249,157.7 KB (161493 bytes),1920 x 710,33.30%,,C:\Users\Luca1\Downloads\CATALISTINO_2025_PACCHETTO_COMPLETO\Links\img-95.jpg,
FAAC_AirSlide_2b.jpg,249,215.6 KB (220780 bytes),1896 x 1240,18.10%,,C:\Users\Luca1\Downloads\CATALISTINO_2025_PACCHETTO_COMPLETO\Links\FAAC_AirSlide_2b.jpg,
PORTA ON AIR  base-b2.psd,250,157.9 MB (165583486 bytes),8383 x 3200,11.80%,,C:\Users\Luca1\Downloads\CATALISTINO_2025_PACCHETTO_COMPLETO\Links\PORTA ON AIR  base-b2.psd,
On Air.png,250,46.4 KB (47504 bytes),1026 x 1026,6.10%,,C:\Users\Luca1\Downloads\CATALISTINO_2025_PACCHETTO_COMPLETO\Links\On Air.png,
SF 1400.svg,250,3449 bytes (3449 bytes),,6.10%,,C:\Users\Luca1\Downloads\CATALISTINO_2025_PACCHETTO_COMPLETO\Links\SF 1400.svg,
img-96.jpg,250,95.3 KB (97558 bytes),1920 x 710,37.3% x 36.5%,,C:\Users\Luca1\Downloads\CATALISTINO_2025_PACCHETTO_COMPLETO\Links\img-96.jpg,
28UMZyMa.jpg,250,71.2 KB (72883 bytes),512 x 512,59.60%,,C:\Users\Luca1\Downloads\CATALISTINO_2025_PACCHETTO_COMPLETO\Links\28UMZyMa.jpg,
FARA CLINIC (28).jpg,251,6 MB (6321619 bytes),6036 x 3915,30.80%,,C:\Users\Luca1\Downloads\CATALISTINO_2025_PACCHETTO_COMPLETO\Links\FARA CLINIC (28).jpg,
Porta copertina_1.tif,251,48.5 MB (50817152 bytes),4368 x 2875,42.60%,,C:\Users\Luca1\Downloads\CATALISTINO_2025_PACCHETTO_COMPLETO\Links\Porta copertina_1.tif,
A1000_1.tif,251,278.4 MB (291905600 bytes),4717 x 7076,28.30%,,C:\Users\Luca1\Downloads\CATALISTINO_2025_PACCHETTO_COMPLETO\Links\A1000_1.tif,
GDA18_HO_WINNER_1C.eps,252,2.3 MB (2379722 bytes),,17.30%,,C:\Users\Luca1\Downloads\CATALISTINO_2025_PACCHETTO_COMPLETO\Links\GDA18_HO_WINNER_1C.eps,
MAG_PF_mgo.psd,252,178.4 MB (187044908 bytes),12417 x 6858,6.50%,,C:\Users\Luca1\Downloads\CATALISTINO_2025_PACCHETTO_COMPLETO\Links\MAG_PF_mgo.psd,
MAG_PF_mpass.psd,252,312.9 MB (328104677 bytes),12417 x 6858,6.50%,,C:\Users\Luca1\Downloads\CATALISTINO_2025_PACCHETTO_COMPLETO\Links\MAG_PF_mpass.psd,
MAG_PF_mflow.psd,252,253.9 MB (266207717 bytes),12417 x 6858,7.50%,,C:\Users\Luca1\Downloads\CATALISTINO_2025_PACCHETTO_COMPLETO\Links\MAG_PF_mflow.psd,
MAG_PF_mSWING.psd,252,167.3 MB (175387689 bytes),12417 x 6858,9.30%,,C:\Users\Luca1\Downloads\CATALISTINO_2025_PACCHETTO_COMPLETO\Links\MAG_PF_mSWING.psd,
MAG_PF_mTWing.psd,252,68 MB (71336377 bytes),4961 x 3308,5.40%,,C:\Users\Luca1\Downloads\CATALISTINO_2025_PACCHETTO_COMPLETO\Links\MAG_PF_mTWing.psd,
MAG_AF_mWing_office_dezent_Begru╠ê├ƒung.jpg,252,8.3 MB (8715490 bytes),4961 x 2480,8.30%,,C:\Users\Luca1\Downloads\CATALISTINO_2025_PACCHETTO_COMPLETO\Links\MAG_AF_mWing_office_dezent_Begru╠ê├ƒung.jpg,
scene-mBorder-FINAL2.jpg,252,8.4 MB (8771622 bytes),4961 x 2480,7.70%,,C:\Users\Luca1\Downloads\CATALISTINO_2025_PACCHETTO_COMPLETO\Links\scene-mBorder-FINAL2.jpg,
MAG_PF_mTripod_Freisteller_rechts.psd,252,34.7 MB (36368425 bytes),4961 x 3308,4.20%,,C:\Users\Luca1\Downloads\CATALISTINO_2025_PACCHETTO_COMPLETO\Links\MAG_PF_mTripod_Freisteller_rechts.psd,
AC_Magnetic_Logo_2017_1.ai,252,54.7 KB (55976 bytes),,54.90%,,C:\Users\Luca1\Downloads\CATALISTINO_2025_PACCHETTO_COMPLETO\Links\AC_Magnetic_Logo_2017_1.ai,
Untitled design (2).png,253,222.7 KB (228067 bytes),2652 x 3750,105.10%,,C:\Users\Luca1\Downloads\CATALISTINO_2025_PACCHETTO_COMPLETO\Links\Untitled design (2).png,
Untitled design (2).png,253,222.7 KB (228067 bytes),2652 x 3750,66.10%,,C:\Users\Luca1\Downloads\CATALISTINO_2025_PACCHETTO_COMPLETO\Links\Untitled design (2).png,
MAG_AF_MPT132_Airport.jpg,253,8.5 MB (8954247 bytes),4961 x 2480,8%,,C:\Users\Luca1\Downloads\CATALISTINO_2025_PACCHETTO_COMPLETO\Links\MAG_AF_MPT132_Airport.jpg,
ACCESS_XL_XXL_1.tif,253,2.9 MB (3070740 bytes),4561 x 2307,15.50%,,C:\Users\Luca1\Downloads\CATALISTINO_2025_PACCHETTO_COMPLETO\Links\ACCESS_XL_XXL_1.tif,
MAG_AF_Access_Parkplatz.tif,253,54.5 MB (57191960 bytes),4961 x 2480,7.80%,,C:\Users\Luca1\Downloads\CATALISTINO_2025_PACCHETTO_COMPLETO\Links\MAG_AF_Access_Parkplatz.tif,
MAG_PF_MXL_MXXL_Freisteller_wei├ƒ.tif,253,29.5 MB (30984304 bytes),5096 x 4677,3.40%,,C:\Users\Luca1\Downloads\CATALISTINO_2025_PACCHETTO_COMPLETO\Links\MAG_PF_MXL_MXXL_Freisteller_wei├ƒ.tif,
MAG_PF_Toll_Softboom_Freisteller_Schatten.tif,253,20.8 MB (21842352 bytes),4961 x 3308,5.30%,,C:\Users\Luca1\Downloads\CATALISTINO_2025_PACCHETTO_COMPLETO\Links\MAG_PF_Toll_Softboom_Freisteller_Schatten.tif,
MAG_PF_mg.psd,253,315.9 MB (331197702 bytes),9820 x 8121,7.50%,,C:\Users\Luca1\Downloads\CATALISTINO_2025_PACCHETTO_COMPLETO\Links\MAG_PF_mg.psd,
MAG_PF_mpb.psd,253,362.6 MB (380223256 bytes),9820 x 8121,7.50%,,C:\Users\Luca1\Downloads\CATALISTINO_2025_PACCHETTO_COMPLETO\Links\MAG_PF_mpb.psd,
MAG_PF_mpt-single.psd,253,306.1 MB (321020308 bytes),9820 x 8121,7.50%,,C:\Users\Luca1\Downloads\CATALISTINO_2025_PACCHETTO_COMPLETO\Links\MAG_PF_mpt-single.psd,
Untitled design (2).png,254,222.7 KB (228067 bytes),2652 x 3750,4.10%,,C:\Users\Luca1\Downloads\CATALISTINO_2025_PACCHETTO_COMPLETO\Links\Untitled design (2).png,
Untitled design (2).png,254,222.7 KB (228067 bytes),2652 x 3750,4.10%,,C:\Users\Luca1\Downloads\CATALISTINO_2025_PACCHETTO_COMPLETO\Links\Untitled design (2).png,
Untitled design (2).png,254,222.7 KB (228067 bytes),2652 x 3750,4.10%,,C:\Users\Luca1\Downloads\CATALISTINO_2025_PACCHETTO_COMPLETO\Links\Untitled design (2).png,
Untitled design (2).png,254,222.7 KB (228067 bytes),2652 x 3750,4.10%,,C:\Users\Luca1\Downloads\CATALISTINO_2025_PACCHETTO_COMPLETO\Links\Untitled design (2).png,
Untitled design (2).png,254,222.7 KB (228067 bytes),2652 x 3750,4.10%,,C:\Users\Luca1\Downloads\CATALISTINO_2025_PACCHETTO_COMPLETO\Links\Untitled design (2).png,
Untitled design (2).png,255,222.7 KB (228067 bytes),2652 x 3750,115.70%,,C:\Users\Luca1\Downloads\CATALISTINO_2025_PACCHETTO_COMPLETO\Links\Untitled design (2).png,
logo_FAAC_white.png,255,7880 bytes (7880 bytes),928 x 237,19.10%,,C:\Users\Luca1\Downloads\CATALISTINO_2025_PACCHETTO_COMPLETO\Links\logo_FAAC_white.png,
loghi.pdf,256,103.5 KB (105983 bytes),,97.70%,,C:\Users\Luca1\Downloads\CATALISTINO_2025_PACCHETTO_COMPLETO\Links\loghi.pdf,
Visual_QR_DO_NOT_RESIZE_BELOW_25mm_1.tiff,257,148.6 KB (152144 bytes),1147 x 1147,5.90%,,C:\Users\Luca1\Downloads\CATALISTINO_2025_PACCHETTO_COMPLETO\Links\Visual_QR_DO_NOT_RESIZE_BELOW_25mm_1.tiff,
logo_FAAC_white.png,257,7880 bytes (7880 bytes),928 x 237,19.10%,,C:\Users\Luca1\Downloads\CATALISTINO_2025_PACCHETTO_COMPLETO\Links\logo_FAAC_white.png,
Visual_QR_DO_NOT_RESIZE_BELOW_25mm_2.tiff,257,144.1 KB (147552 bytes),1147 x 1147,5.90%,,C:\Users\Luca1\Downloads\CATALISTINO_2025_PACCHETTO_COMPLETO\Links\Visual_QR_DO_NOT_RESIZE_BELOW_25mm_2.tiff,
2021_Ambasciata_16_9.jpg,257,3.4 MB (3591874 bytes),3291 x 1879,92.10%,,C:\Users\Luca1\Downloads\CATALISTINO_2025_PACCHETTO_COMPLETO\Links\2021_Ambasciata_16_9.jpg,
2021_piazza.jpg,257,4.6 MB (4802611 bytes),4052 x 2509,59.70%,,C:\Users\Luca1\Downloads\CATALISTINO_2025_PACCHETTO_COMPLETO\Links\2021_piazza.jpg,
login page sample logo 1 screenshot.tif,258,390.8 KB (400220 bytes),1919 x 930,18.90%,,C:\Users\Luca1\Downloads\CATALISTINO_2025_PACCHETTO_COMPLETO\Links\login page sample logo 1 screenshot.tif,
DISSUASORI.pdf,259,254.1 KB (260222 bytes),,71.40%,,C:\Users\Luca1\Downloads\CATALISTINO_2025_PACCHETTO_COMPLETO\Links\DISSUASORI.pdf,
illustrazioni.pdf,259,971.7 KB (995051 bytes),,91.50%,,C:\Users\Luca1\Downloads\CATALISTINO_2025_PACCHETTO_COMPLETO\Links\illustrazioni.pdf,
Visual_QR_KEYDOM.tif,259,43.8 KB (44891 bytes),1147 x 1147,23.70%,,C:\Users\Luca1\Downloads\CATALISTINO_2025_PACCHETTO_COMPLETO\Links\Visual_QR_KEYDOM.tif,
Produzione 020_b-w.jpg,260,8 MB (8392683 bytes),5472 x 3648,28.5% x 29%,,C:\Users\Luca1\Downloads\CATALISTINO_2025_PACCHETTO_COMPLETO\Links\Produzione 020_b-w.jpg,
Sala Conferenze 067.jpg,260,11 MB (11499179 bytes),5760 x 3840,47.20%,,C:\Users\Luca1\Downloads\CATALISTINO_2025_PACCHETTO_COMPLETO\Links\Sala Conferenze 067.jpg,
REVOLVING Co146_MA 1800.jpg,261,6.7 MB (7003632 bytes),6000 x 4000,26.1% x 26.6%,,C:\Users\Luca1\Downloads\CATALISTINO_2025_PACCHETTO_COMPLETO\Links\REVOLVING Co146_MA 1800.jpg,
20190521_161033bn.jpg,261,996.3 KB (1020188 bytes),2448 x 3264,13.90%,,C:\Users\Luca1\Downloads\CATALISTINO_2025_PACCHETTO_COMPLETO\Links\20190521_161033bn.jpg,
Co101.jpg,261,712.8 KB (729938 bytes),6720 x 4480,10.20%,,C:\Users\Luca1\Downloads\CATALISTINO_2025_PACCHETTO_COMPLETO\Links\Co101.jpg,
390230Vinstallazione.eps,263,1.2 MB (1218738 bytes),,49.50%,,C:\Users\Luca1\Downloads\CATALISTINO_2025_PACCHETTO_COMPLETO\Links\390230Vinstallazione.eps,
104575_IT.tif,263,3.7 MB (3829792 bytes),985 x 821,6.20%,,C:\Users\Luca1\Downloads\CATALISTINO_2025_PACCHETTO_COMPLETO\Links\104575_IT.tif,
392installazione.eps,263,1.1 MB (1142690 bytes),,93.60%,,C:\Users\Luca1\Downloads\CATALISTINO_2025_PACCHETTO_COMPLETO\Links\392installazione.eps,
412installazione.eps,264,1 MB (1086754 bytes),,99.30%,,C:\Users\Luca1\Downloads\CATALISTINO_2025_PACCHETTO_COMPLETO\Links\412installazione.eps,
105632445_IT.tif,264,55.7 MB (58373572 bytes),5392 x 2705,5.60%,,C:\Users\Luca1\Downloads\CATALISTINO_2025_PACCHETTO_COMPLETO\Links\105632445_IT.tif,
104419445_IT.tif,264,65.2 MB (68369652 bytes),5379 x 3176,5.60%,,C:\Users\Luca1\Downloads\CATALISTINO_2025_PACCHETTO_COMPLETO\Links\104419445_IT.tif,
Eco Kit_PERFECT KIT_3-2019 unico liv.png,264,2.9 MB (3074974 bytes),8568 x 4994,5.40%,,C:\Users\Luca1\Downloads\CATALISTINO_2025_PACCHETTO_COMPLETO\Links\Eco Kit_PERFECT KIT_3-2019 unico liv.png,
413230Vinstallazione.eps,264,1 MB (1086258 bytes),,99.30%,,C:\Users\Luca1\Downloads\CATALISTINO_2025_PACCHETTO_COMPLETO\Links\413230Vinstallazione.eps,
415230Vinstallazione.eps,265,1 MB (1090946 bytes),,99.30%,,C:\Users\Luca1\Downloads\CATALISTINO_2025_PACCHETTO_COMPLETO\Links\415230Vinstallazione.eps,
104415144_IT.tif,265,67.8 MB (71120576 bytes),5410 x 3285,5.50%,,C:\Users\Luca1\Downloads\CATALISTINO_2025_PACCHETTO_COMPLETO\Links\104415144_IT.tif,
104415445_IT.tif,265,76.9 MB (80633908 bytes),5616 x 3588,5.30%,,C:\Users\Luca1\Downloads\CATALISTINO_2025_PACCHETTO_COMPLETO\Links\104415445_IT.tif,
41524Vinstallazione.eps,265,1 MB (1090394 bytes),,99.30%,,C:\Users\Luca1\Downloads\CATALISTINO_2025_PACCHETTO_COMPLETO\Links\41524Vinstallazione.eps,
Master Kit_PERFECT KIT_3-2019 unico liv.png,265,4.7 MB (4893236 bytes),5616 x 3588,5.90%,,C:\Users\Luca1\Downloads\CATALISTINO_2025_PACCHETTO_COMPLETO\Links\Master Kit_PERFECT KIT_3-2019 unico liv.png,
Master Kit_PERFECT KIT_3-2019 unico liv.png,265,4.7 MB (4893236 bytes),5616 x 3588,5.90%,,C:\Users\Luca1\Downloads\CATALISTINO_2025_PACCHETTO_COMPLETO\Links\Master Kit_PERFECT KIT_3-2019 unico liv.png,
105633445_IT.tif,266,75.4 MB (79105820 bytes),5280 x 3744,5.70%,,C:\Users\Luca1\Downloads\CATALISTINO_2025_PACCHETTO_COMPLETO\Links\105633445_IT.tif,
Leader Kit_PERFECT KIT_3-2019 unico liv.png,266,5.4 MB (5703822 bytes),7316 x 5188,5.60%,,C:\Users\Luca1\Downloads\CATALISTINO_2025_PACCHETTO_COMPLETO\Links\Leader Kit_PERFECT KIT_3-2019 unico liv.png,
Handy Kit_11-2018 ok unico liv.png,266,3.8 MB (3957745 bytes),8044 x 4505,5.40%,,C:\Users\Luca1\Downloads\CATALISTINO_2025_PACCHETTO_COMPLETO\Links\Handy Kit_11-2018 ok unico liv.png,
105998_IT.tif,266,71.9 MB (75376576 bytes),5616 x 3354,5.30%,,C:\Users\Luca1\Downloads\CATALISTINO_2025_PACCHETTO_COMPLETO\Links\105998_IT.tif,
S418installazione.eps,266,1 MB (1086458 bytes),,99.30%,,C:\Users\Luca1\Downloads\CATALISTINO_2025_PACCHETTO_COMPLETO\Links\S418installazione.eps,
402installazione.eps,266,1.1 MB (1113378 bytes),,99.30%,,C:\Users\Luca1\Downloads\CATALISTINO_2025_PACCHETTO_COMPLETO\Links\402installazione.eps,
S450Hinstallazione.eps,267,1.1 MB (1146898 bytes),,99.30%,,C:\Users\Luca1\Downloads\CATALISTINO_2025_PACCHETTO_COMPLETO\Links\S450Hinstallazione.eps,
422installazione.eps,267,1.2 MB (1246362 bytes),,49.70%,,C:\Users\Luca1\Downloads\CATALISTINO_2025_PACCHETTO_COMPLETO\Links\422installazione.eps,
105683_IT.tif,267,54.9 MB (57541768 bytes),3991 x 3602,6.10%,,C:\Users\Luca1\Downloads\CATALISTINO_2025_PACCHETTO_COMPLETO\Links\105683_IT.tif,
Power Kit_PERFECT KIT_3-2019 unico liv.png,268,4 MB (4191136 bytes),7350 x 5544,7.10%,,C:\Users\Luca1\Downloads\CATALISTINO_2025_PACCHETTO_COMPLETO\Links\Power Kit_PERFECT KIT_3-2019 unico liv.png,
770230Vinstallazione.eps,268,1.1 MB (1161982 bytes),,99.30%,,C:\Users\Luca1\Downloads\CATALISTINO_2025_PACCHETTO_COMPLETO\Links\770230Vinstallazione.eps,
106746445_IT.tif,268,42.3 MB (44381156 bytes),3665 x 3025,6.80%,,C:\Users\Luca1\Downloads\CATALISTINO_2025_PACCHETTO_COMPLETO\Links\106746445_IT.tif,
400installazione.eps,268,1.1 MB (1115280 bytes),,48.90%,,C:\Users\Luca1\Downloads\CATALISTINO_2025_PACCHETTO_COMPLETO\Links\400installazione.eps,
S800Hinstallazione.eps,269,1.1 MB (1161826 bytes),,99.30%,,C:\Users\Luca1\Downloads\CATALISTINO_2025_PACCHETTO_COMPLETO\Links\S800Hinstallazione.eps,
106746445_IT.tif,269,42.3 MB (44381156 bytes),3665 x 3025,7.20%,,C:\Users\Luca1\Downloads\CATALISTINO_2025_PACCHETTO_COMPLETO\Links\106746445_IT.tif,
77024Vinstallazione.eps,269,1.1 MB (1162138 bytes),,99.30%,,C:\Users\Luca1\Downloads\CATALISTINO_2025_PACCHETTO_COMPLETO\Links\77024Vinstallazione.eps,
Power Kit_PERFECT KIT_3-2019 unico liv.png,269,4 MB (4191136 bytes),7350 x 5544,7.10%,,C:\Users\Luca1\Downloads\CATALISTINO_2025_PACCHETTO_COMPLETO\Links\Power Kit_PERFECT KIT_3-2019 unico liv.png,
1056303445_IT.tif,270,37.8 MB (39671076 bytes),3019 x 3282,6.70%,,C:\Users\Luca1\Downloads\CATALISTINO_2025_PACCHETTO_COMPLETO\Links\1056303445_IT.tif,
77024Vinstallazione.eps,270,1.1 MB (1162138 bytes),,99.30%,,C:\Users\Luca1\Downloads\CATALISTINO_2025_PACCHETTO_COMPLETO\Links\77024Vinstallazione.eps,
740installazione.eps,270,1 MB (1064274 bytes),,100%,,C:\Users\Luca1\Downloads\CATALISTINO_2025_PACCHETTO_COMPLETO\Links\740installazione.eps,
Delta 2 PERFECT Kit_2-2019 unico liv.png,271,4.3 MB (4461067 bytes),4444 x 3744,6.90%,,C:\Users\Luca1\Downloads\CATALISTINO_2025_PACCHETTO_COMPLETO\Links\Delta 2 PERFECT Kit_2-2019 unico liv.png,
Delta 3 PERFECT Kit_3-2019 unico liv.png,271,4.2 MB (4430297 bytes),4444 x 3744,6.90%,,C:\Users\Luca1\Downloads\CATALISTINO_2025_PACCHETTO_COMPLETO\Links\Delta 3 PERFECT Kit_3-2019 unico liv.png,
740installazione.eps,271,1 MB (1064274 bytes),,100%,,C:\Users\Luca1\Downloads\CATALISTINO_2025_PACCHETTO_COMPLETO\Links\740installazione.eps,
740installazione.eps,271,1 MB (1064274 bytes),,100%,,C:\Users\Luca1\Downloads\CATALISTINO_2025_PACCHETTO_COMPLETO\Links\740installazione.eps,
C720installazione.eps,272,1 MB (1099734 bytes),,100%,,C:\Users\Luca1\Downloads\CATALISTINO_2025_PACCHETTO_COMPLETO\Links\C720installazione.eps,
1059995_IT.tif,272,44.8 MB (46989484 bytes),3380 x 3473,6.30%,,C:\Users\Luca1\Downloads\CATALISTINO_2025_PACCHETTO_COMPLETO\Links\1059995_IT.tif,
741installazione.eps,272,1 MB (1063726 bytes),,100%,,C:\Users\Luca1\Downloads\CATALISTINO_2025_PACCHETTO_COMPLETO\Links\741installazione.eps,
RAPID (Cyclo) PERFECT Kit_2-2019 unico liv.png,272,3.8 MB (3986727 bytes),4524 x 3744,6.30%,,C:\Users\Luca1\Downloads\CATALISTINO_2025_PACCHETTO_COMPLETO\Links\RAPID (Cyclo) PERFECT Kit_2-2019 unico liv.png,
105630445_IT.tif,272,36.8 MB (38569020 bytes),2986 x 3226,6.80%,,C:\Users\Luca1\Downloads\CATALISTINO_2025_PACCHETTO_COMPLETO\Links\105630445_IT.tif,
S2500I.eps,273,1.1 MB (1118690 bytes),,98.50%,,C:\Users\Luca1\Downloads\CATALISTINO_2025_PACCHETTO_COMPLETO\Links\S2500I.eps,
C4000I.ai,273,96.9 KB (99257 bytes),,98.80%,,C:\Users\Luca1\Downloads\CATALISTINO_2025_PACCHETTO_COMPLETO\Links\C4000I.ai,
73384_HIGH_KIT.tif,273,27.6 MB (28942928 bytes),3189 x 2215,9.40%,,C:\Users\Luca1\Downloads\CATALISTINO_2025_PACCHETTO_COMPLETO\Links\73384_HIGH_KIT.tif,
73384 HIGH KIT 01-2021 render cmyk.png,273,535.3 KB (548097 bytes),2069 x 1437,23.20%,,C:\Users\Luca1\Downloads\CATALISTINO_2025_PACCHETTO_COMPLETO\Links\73384 HIGH KIT 01-2021 render cmyk.png,
746ERinstallazione.eps,274,1 MB (1064762 bytes),,100%,,C:\Users\Luca1\Downloads\CATALISTINO_2025_PACCHETTO_COMPLETO\Links\746ERinstallazione.eps,
1059995_IT.tif,274,44.8 MB (46989484 bytes),3380 x 3473,6.30%,,C:\Users\Luca1\Downloads\CATALISTINO_2025_PACCHETTO_COMPLETO\Links\1059995_IT.tif,
10564944_IT.tif,274,38.6 MB (40516044 bytes),3078 x 3288,6.60%,,C:\Users\Luca1\Downloads\CATALISTINO_2025_PACCHETTO_COMPLETO\Links\10564944_IT.tif,
Pratico Kit_PERFECT KIT_3-2019 unico liv.png,274,4.5 MB (4764317 bytes),6680 x 5628,6.10%,,C:\Users\Luca1\Downloads\CATALISTINO_2025_PACCHETTO_COMPLETO\Links\Pratico Kit_PERFECT KIT_3-2019 unico liv.png,
C721installazione.eps,274,1 MB (1098918 bytes),,100%,,C:\Users\Luca1\Downloads\CATALISTINO_2025_PACCHETTO_COMPLETO\Links\C721installazione.eps,
844ERinstallazione.eps,275,1.1 MB (1115130 bytes),,49.10%,,C:\Users\Luca1\Downloads\CATALISTINO_2025_PACCHETTO_COMPLETO\Links\844ERinstallazione.eps,
844R3PHinstallazione.eps,275,1.1 MB (1117280 bytes),,49.70%,,C:\Users\Luca1\Downloads\CATALISTINO_2025_PACCHETTO_COMPLETO\Links\844R3PHinstallazione.eps,
C851installazione.eps,276,1.3 MB (1364626 bytes),,47.90%,,C:\Users\Luca1\Downloads\CATALISTINO_2025_PACCHETTO_COMPLETO\Links\C851installazione.eps,
884MCinstallazione.eps,276,1.3 MB (1352342 bytes),,48.10%,,C:\Users\Luca1\Downloads\CATALISTINO_2025_PACCHETTO_COMPLETO\Links\884MCinstallazione.eps,
D700HSinstallazione.eps,277,1.1 MB (1168702 bytes),,84.20%,,C:\Users\Luca1\Downloads\CATALISTINO_2025_PACCHETTO_COMPLETO\Links\D700HSinstallazione.eps,
10566544_IT.tif,277,2.6 MB (2758600 bytes),3562 x 2978,7.30%,,C:\Users\Luca1\Downloads\CATALISTINO_2025_PACCHETTO_COMPLETO\Links\10566544_IT.tif,
D600installazione.eps,277,1.1 MB (1170030 bytes),,83.90%,,C:\Users\Luca1\Downloads\CATALISTINO_2025_PACCHETTO_COMPLETO\Links\D600installazione.eps,
540installazione.eps,278,1 MB (1095388 bytes),,69.60%,,C:\Users\Luca1\Downloads\CATALISTINO_2025_PACCHETTO_COMPLETO\Links\540installazione.eps,
D1000installazione.eps,278,1.1 MB (1169614 bytes),,84.10%,,C:\Users\Luca1\Downloads\CATALISTINO_2025_PACCHETTO_COMPLETO\Links\D1000installazione.eps,
541installazione.eps,279,1.1 MB (1103711 bytes),,71.80%,,C:\Users\Luca1\Downloads\CATALISTINO_2025_PACCHETTO_COMPLETO\Links\541installazione.eps,
5413PHinstallazione.eps,279,1.1 MB (1105175 bytes),,69.20%,,C:\Users\Luca1\Downloads\CATALISTINO_2025_PACCHETTO_COMPLETO\Links\5413PHinstallazione.eps,
550installazione.eps,280,925.6 KB (947854 bytes),,85.60%,,C:\Users\Luca1\Downloads\CATALISTINO_2025_PACCHETTO_COMPLETO\Links\550installazione.eps,
593installazione.eps,280,930.5 KB (952854 bytes),,84.50%,,C:\Users\Luca1\Downloads\CATALISTINO_2025_PACCHETTO_COMPLETO\Links\593installazione.eps,
10561644_IT.tif,280,12.6 MB (13204968 bytes),3879 x 1360,7.70%,,C:\Users\Luca1\Downloads\CATALISTINO_2025_PACCHETTO_COMPLETO\Links\10561644_IT.tif,
580installazione.eps,281,1 MB (1089630 bytes),,90.30%,,C:\Users\Luca1\Downloads\CATALISTINO_2025_PACCHETTO_COMPLETO\Links\580installazione.eps,
B680Hinstallazione.eps,281,1.2 MB (1210414 bytes),,69.20%,,C:\Users\Luca1\Downloads\CATALISTINO_2025_PACCHETTO_COMPLETO\Links\B680Hinstallazione.eps,
615BPRinstallazione.eps,282,1 MB (1088790 bytes),,67.90%,,C:\Users\Luca1\Downloads\CATALISTINO_2025_PACCHETTO_COMPLETO\Links\615BPRinstallazione.eps,
614installazione.eps,282,1.1 MB (1101908 bytes),,82.60%,,C:\Users\Luca1\Downloads\CATALISTINO_2025_PACCHETTO_COMPLETO\Links\614installazione.eps,
620Rapidainstallazione.eps,283,1 MB (1088244 bytes),,67.70%,,C:\Users\Luca1\Downloads\CATALISTINO_2025_PACCHETTO_COMPLETO\Links\620Rapidainstallazione.eps,
620installazione.eps,283,1 MB (1086879 bytes),,65.60%,,C:\Users\Luca1\Downloads\CATALISTINO_2025_PACCHETTO_COMPLETO\Links\620installazione.eps,
R280installazione.tif,284,5.6 MB (5857868 bytes),1538 x 858,65.40%,,C:\Users\Luca1\Downloads\CATALISTINO_2025_PACCHETTO_COMPLETO\Links\R280installazione.tif,
R180installazione.tif,284,5.6 MB (5857868 bytes),1538 x 858,65.40%,,C:\Users\Luca1\Downloads\CATALISTINO_2025_PACCHETTO_COMPLETO\Links\R180installazione.tif,
227Linstallazione.tif,285,5.6 MB (5857868 bytes),1538 x 858,65.40%,,C:\Users\Luca1\Downloads\CATALISTINO_2025_PACCHETTO_COMPLETO\Links\227Linstallazione.tif,
227Linstallazione.tif,285,5.6 MB (5857868 bytes),1538 x 858,65.40%,,C:\Users\Luca1\Downloads\CATALISTINO_2025_PACCHETTO_COMPLETO\Links\227Linstallazione.tif,
QR_PORTALE_ASSISTENZA_TECNICA_RICAMBI.tiff,286,22.5 KB (23049 bytes),1147 x 1147,25.90%,,C:\Users\Luca1\Downloads\CATALISTINO_2025_PACCHETTO_COMPLETO\Links\QR_PORTALE_ASSISTENZA_TECNICA_RICAMBI.tiff,
logo_FAAC_white.png,286,7880 bytes (7880 bytes),928 x 237,19.10%,,C:\Users\Luca1\Downloads\CATALISTINO_2025_PACCHETTO_COMPLETO\Links\logo_FAAC_white.png,
GDS_0168.jpg,286,6.1 MB (6422470 bytes),2832 x 4256,90%,,C:\Users\Luca1\Downloads\CATALISTINO_2025_PACCHETTO_COMPLETO\Links\GDS_0168.jpg,FA 2011-04-27 AZIENDA